
###################
>>>>> Size: (256, 256, 1, 680960)
 --- Total 928 MFMA configs found
# - MatrixInstruction: [16, 16, 32, 1, 1, 1, 1, 1, 2] # size [256, 256, 1, 680960] MT 16x32   - TT 1x16   - WG 16x8   - MIBlockM:  1 - totalGranularity:  1.00000 TilesPerCU:  1.00000, TotalTiles:      256
#   WorkGroup: [16,8,2]
# - MatrixInstruction: [16, 16, 32, 1, 1, 1, 1, 2, 1] # size [256, 256, 1, 680960] MT 32x16   - TT 1x16   - WG 32x4   - MIBlockM:  1 - totalGranularity:  1.00000 TilesPerCU:  1.00000, TotalTiles:      256
#   WorkGroup: [32,4,2]
# - MatrixInstruction: [16, 16, 32, 1, 1, 1, 1, 1, 1] # size [256, 256, 1, 680960] MT 16x16   - TT 1x16   - WG 16x4   - MIBlockM:  1 - totalGranularity:  1.00000 TilesPerCU:  1.00000, TotalTiles:      256
# - MatrixInstruction: [16, 16, 32, 1, 1, 1, 2, 1, 1] # size [256, 256, 1, 680960] MT 16x32   - TT 1x32   - WG 16x4   - MIBlockM:  1 - totalGranularity:  1.00000 TilesPerCU:  1.00000, TotalTiles:      256
#   WorkGroup: [16,4,2]
# - MatrixInstruction: [16, 16, 32, 1, 1, 1, 4, 1, 1] # size [256, 256, 1, 680960] MT 16x64   - TT 1x64   - WG 16x4   - MIBlockM:  1 - totalGranularity:  1.00000 TilesPerCU:  1.00000, TotalTiles:      256
#   WorkGroup: [16,4,4]
# - MatrixInstruction: [16, 16, 32, 1, 1, 2, 1, 1, 1] # size [256, 256, 1, 680960] MT 32x16   - TT 2x16   - WG 16x4   - MIBlockM:  1 - totalGranularity:  1.00000 TilesPerCU:  1.00000, TotalTiles:      256
#   WorkGroup: [16,4,2]
# - MatrixInstruction: [16, 16, 32, 1, 1, 2, 2, 1, 1] # size [256, 256, 1, 680960] MT 32x32   - TT 2x32   - WG 16x4   - MIBlockM:  1 - totalGranularity:  1.00000 TilesPerCU:  1.00000, TotalTiles:      256
#   WorkGroup: [16,4,4]
# - MatrixInstruction: [16, 16, 32, 1, 1, 4, 1, 1, 1] # size [256, 256, 1, 680960] MT 64x16   - TT 4x16   - WG 16x4   - MIBlockM:  1 - totalGranularity:  1.00000 TilesPerCU:  1.00000, TotalTiles:      256
#   WorkGroup: [16,4,4]
# - MatrixInstruction: [32, 32, 16, 1, 1, 1, 1, 1, 1] # size [256, 256, 1, 680960] MT 32x32   - TT 1x32   - WG 32x2   - MIBlockM:  1 - totalGranularity:  1.00000 TilesPerCU:  1.00000, TotalTiles:      256
#   WorkGroup: [32,2,4]
# - MatrixInstruction: [16, 16, 32, 1, 1, 1, 5, 1, 1] # size [256, 256, 1, 680960] MT 16x80   - TT 1x80   - WG 16x4   - MIBlockM:  1 - totalGranularity:  0.80000 TilesPerCU:  1.00000, TotalTiles:      256
#   WorkGroup: [16,4,4]
# - MatrixInstruction: [16, 16, 32, 1, 1, 5, 1, 1, 1] # size [256, 256, 1, 680960] MT 80x16   - TT 5x16   - WG 16x4   - MIBlockM:  1 - totalGranularity:  0.80000 TilesPerCU:  1.00000, TotalTiles:      256
#   WorkGroup: [16,4,4]
# - MatrixInstruction: [16, 16, 32, 1, 1, 1, 3, 1, 1] # size [256, 256, 1, 680960] MT 16x48   - TT 1x48   - WG 16x4   - MIBlockM:  1 - totalGranularity:  0.66667 TilesPerCU:  0.75000, TotalTiles:      192
#   WorkGroup: [16,4,2]
# - MatrixInstruction: [16, 16, 32, 1, 1, 1, 6, 1, 1] # size [256, 256, 1, 680960] MT 16x96   - TT 1x96   - WG 16x4   - MIBlockM:  1 - totalGranularity:  0.66667 TilesPerCU:  0.75000, TotalTiles:      192
#   WorkGroup: [16,4,4]
# - MatrixInstruction: [16, 16, 32, 1, 1, 2, 3, 1, 1] # size [256, 256, 1, 680960] MT 32x48   - TT 2x48   - WG 16x4   - MIBlockM:  1 - totalGranularity:  0.66667 TilesPerCU:  0.75000, TotalTiles:      192
#   WorkGroup: [16,4,4]
# - MatrixInstruction: [16, 16, 32, 1, 1, 3, 1, 1, 1] # size [256, 256, 1, 680960] MT 48x16   - TT 3x16   - WG 16x4   - MIBlockM:  1 - totalGranularity:  0.66667 TilesPerCU:  0.75000, TotalTiles:      192
#   WorkGroup: [16,4,2]
# - MatrixInstruction: [16, 16, 32, 1, 1, 3, 2, 1, 1] # size [256, 256, 1, 680960] MT 48x32   - TT 3x32   - WG 16x4   - MIBlockM:  1 - totalGranularity:  0.66667 TilesPerCU:  0.75000, TotalTiles:      192
#   WorkGroup: [16,4,4]
# - MatrixInstruction: [16, 16, 32, 1, 1, 6, 1, 1, 1] # size [256, 256, 1, 680960] MT 96x16   - TT 6x16   - WG 16x4   - MIBlockM:  1 - totalGranularity:  0.66667 TilesPerCU:  0.75000, TotalTiles:      192
#   WorkGroup: [16,4,4]
# - MatrixInstruction: [16, 16, 32, 1, 1, 1, 7, 1, 1] # size [256, 256, 1, 680960] MT 16x112  - TT 1x112  - WG 16x4   - MIBlockM:  1 - totalGranularity:  0.57143 TilesPerCU:  0.75000, TotalTiles:      192
#   WorkGroup: [16,4,4]
# - MatrixInstruction: [16, 16, 32, 1, 1, 7, 1, 1, 1] # size [256, 256, 1, 680960] MT 112x16  - TT 7x16   - WG 16x4   - MIBlockM:  1 - totalGranularity:  0.57143 TilesPerCU:  0.75000, TotalTiles:      192
#   WorkGroup: [16,4,4]
# - MatrixInstruction: [16, 16, 32, 1, 1, 3, 3, 1, 1] # size [256, 256, 1, 680960] MT 48x48   - TT 3x48   - WG 16x4   - MIBlockM:  1 - totalGranularity:  0.44444 TilesPerCU:  0.56250, TotalTiles:      144
#   WorkGroup: [16,4,4]
# - MatrixInstruction: [16, 16, 32, 1, 1, 1, 1, 1, 2] # size [256, 256, 1, 680960] MT 16x32   - TT 1x16   - WG 16x8   - MIBlockM:  1 - totalGranularity:  0.50000 TilesPerCU:  0.50000, TotalTiles:      128
# - MatrixInstruction: [16, 16, 32, 1, 1, 1, 2, 1, 2] # size [256, 256, 1, 680960] MT 16x64   - TT 1x32   - WG 16x8   - MIBlockM:  1 - totalGranularity:  0.50000 TilesPerCU:  0.50000, TotalTiles:      128
#   WorkGroup: [16,8,2]
# - MatrixInstruction: [16, 16, 32, 1, 1, 2, 1, 1, 2] # size [256, 256, 1, 680960] MT 32x32   - TT 2x16   - WG 16x8   - MIBlockM:  1 - totalGranularity:  0.50000 TilesPerCU:  0.50000, TotalTiles:      128
#   WorkGroup: [16,8,2]
# - MatrixInstruction: [16, 16, 32, 1, 1, 1, 1, 2, 1] # size [256, 256, 1, 680960] MT 32x16   - TT 1x16   - WG 32x4   - MIBlockM:  1 - totalGranularity:  0.50000 TilesPerCU:  0.50000, TotalTiles:      128
# - MatrixInstruction: [16, 16, 32, 1, 1, 1, 2, 2, 1] # size [256, 256, 1, 680960] MT 32x32   - TT 1x32   - WG 32x4   - MIBlockM:  1 - totalGranularity:  0.50000 TilesPerCU:  0.50000, TotalTiles:      128
#   WorkGroup: [32,4,2]
# - MatrixInstruction: [16, 16, 32, 1, 1, 2, 1, 2, 1] # size [256, 256, 1, 680960] MT 64x16   - TT 2x16   - WG 32x4   - MIBlockM:  1 - totalGranularity:  0.50000 TilesPerCU:  0.50000, TotalTiles:      128
#   WorkGroup: [32,4,2]
# - MatrixInstruction: [16, 16, 32, 1, 1, 1, 2, 1, 1] # size [256, 256, 1, 680960] MT 16x32   - TT 1x32   - WG 16x4   - MIBlockM:  1 - totalGranularity:  0.50000 TilesPerCU:  0.50000, TotalTiles:      128
# - MatrixInstruction: [16, 16, 32, 1, 1, 1, 4, 1, 1] # size [256, 256, 1, 680960] MT 16x64   - TT 1x64   - WG 16x4   - MIBlockM:  1 - totalGranularity:  0.50000 TilesPerCU:  0.50000, TotalTiles:      128
#   WorkGroup: [16,4,2]
# - MatrixInstruction: [16, 16, 32, 1, 1, 1, 8, 1, 1] # size [256, 256, 1, 680960] MT 16x128  - TT 1x128  - WG 16x4   - MIBlockM:  1 - totalGranularity:  0.50000 TilesPerCU:  0.50000, TotalTiles:      128
#   WorkGroup: [16,4,4]
# - MatrixInstruction: [16, 16, 32, 1, 1, 2, 1, 1, 1] # size [256, 256, 1, 680960] MT 32x16   - TT 2x16   - WG 16x4   - MIBlockM:  1 - totalGranularity:  0.50000 TilesPerCU:  0.50000, TotalTiles:      128
# - MatrixInstruction: [16, 16, 32, 1, 1, 2, 2, 1, 1] # size [256, 256, 1, 680960] MT 32x32   - TT 2x32   - WG 16x4   - MIBlockM:  1 - totalGranularity:  0.50000 TilesPerCU:  0.50000, TotalTiles:      128
#   WorkGroup: [16,4,2]
# - MatrixInstruction: [16, 16, 32, 1, 1, 2, 4, 1, 1] # size [256, 256, 1, 680960] MT 32x64   - TT 2x64   - WG 16x4   - MIBlockM:  1 - totalGranularity:  0.50000 TilesPerCU:  0.50000, TotalTiles:      128
#   WorkGroup: [16,4,4]
# - MatrixInstruction: [16, 16, 32, 1, 1, 4, 1, 1, 1] # size [256, 256, 1, 680960] MT 64x16   - TT 4x16   - WG 16x4   - MIBlockM:  1 - totalGranularity:  0.50000 TilesPerCU:  0.50000, TotalTiles:      128
#   WorkGroup: [16,4,2]
# - MatrixInstruction: [16, 16, 32, 1, 1, 4, 2, 1, 1] # size [256, 256, 1, 680960] MT 64x32   - TT 4x32   - WG 16x4   - MIBlockM:  1 - totalGranularity:  0.50000 TilesPerCU:  0.50000, TotalTiles:      128
#   WorkGroup: [16,4,4]
# - MatrixInstruction: [16, 16, 32, 1, 1, 8, 1, 1, 1] # size [256, 256, 1, 680960] MT 128x16  - TT 8x16   - WG 16x4   - MIBlockM:  1 - totalGranularity:  0.50000 TilesPerCU:  0.50000, TotalTiles:      128
#   WorkGroup: [16,4,4]
# - MatrixInstruction: [32, 32, 16, 1, 1, 1, 1, 1, 1] # size [256, 256, 1, 680960] MT 32x32   - TT 1x32   - WG 32x2   - MIBlockM:  1 - totalGranularity:  0.50000 TilesPerCU:  0.50000, TotalTiles:      128
#   WorkGroup: [32,2,2]
# - MatrixInstruction: [32, 32, 16, 1, 1, 1, 2, 1, 1] # size [256, 256, 1, 680960] MT 32x64   - TT 1x64   - WG 32x2   - MIBlockM:  1 - totalGranularity:  0.50000 TilesPerCU:  0.50000, TotalTiles:      128
#   WorkGroup: [32,2,4]
# - MatrixInstruction: [32, 32, 16, 1, 1, 2, 1, 1, 1] # size [256, 256, 1, 680960] MT 64x32   - TT 2x32   - WG 32x2   - MIBlockM:  1 - totalGranularity:  0.50000 TilesPerCU:  0.50000, TotalTiles:      128
#   WorkGroup: [32,2,4]
# - MatrixInstruction: [16, 16, 32, 1, 1, 1, 9, 1, 1] # size [256, 256, 1, 680960] MT 16x144  - TT 1x144  - WG 16x4   - MIBlockM:  1 - totalGranularity:  0.44444 TilesPerCU:  0.50000, TotalTiles:      128
#   WorkGroup: [16,4,4]
# - MatrixInstruction: [16, 16, 32, 1, 1, 9, 1, 1, 1] # size [256, 256, 1, 680960] MT 144x16  - TT 9x16   - WG 16x4   - MIBlockM:  1 - totalGranularity:  0.44444 TilesPerCU:  0.50000, TotalTiles:      128
#   WorkGroup: [16,4,4]
# - MatrixInstruction: [16, 16, 32, 1, 1, 1, 5, 1, 1] # size [256, 256, 1, 680960] MT 16x80   - TT 1x80   - WG 16x4   - MIBlockM:  1 - totalGranularity:  0.40000 TilesPerCU:  0.50000, TotalTiles:      128
#   WorkGroup: [16,4,2]
# - MatrixInstruction: [16, 16, 32, 1, 1, 1, 10, 1, 1] # size [256, 256, 1, 680960] MT 16x160  - TT 1x160  - WG 16x4   - MIBlockM:  1 - totalGranularity:  0.40000 TilesPerCU:  0.50000, TotalTiles:      128
#   WorkGroup: [16,4,4]
# - MatrixInstruction: [16, 16, 32, 1, 1, 2, 5, 1, 1] # size [256, 256, 1, 680960] MT 32x80   - TT 2x80   - WG 16x4   - MIBlockM:  1 - totalGranularity:  0.40000 TilesPerCU:  0.50000, TotalTiles:      128
#   WorkGroup: [16,4,4]
# - MatrixInstruction: [16, 16, 32, 1, 1, 5, 1, 1, 1] # size [256, 256, 1, 680960] MT 80x16   - TT 5x16   - WG 16x4   - MIBlockM:  1 - totalGranularity:  0.40000 TilesPerCU:  0.50000, TotalTiles:      128
#   WorkGroup: [16,4,2]
# - MatrixInstruction: [16, 16, 32, 1, 1, 5, 2, 1, 1] # size [256, 256, 1, 680960] MT 80x32   - TT 5x32   - WG 16x4   - MIBlockM:  1 - totalGranularity:  0.40000 TilesPerCU:  0.50000, TotalTiles:      128
#   WorkGroup: [16,4,4]
# - MatrixInstruction: [16, 16, 32, 1, 1, 10, 1, 1, 1] # size [256, 256, 1, 680960] MT 160x16  - TT 10x16  - WG 16x4   - MIBlockM:  1 - totalGranularity:  0.40000 TilesPerCU:  0.50000, TotalTiles:      128
#   WorkGroup: [16,4,4]
# - MatrixInstruction: [16, 16, 32, 1, 1, 1, 11, 1, 1] # size [256, 256, 1, 680960] MT 16x176  - TT 1x176  - WG 16x4   - MIBlockM:  1 - totalGranularity:  0.36364 TilesPerCU:  0.50000, TotalTiles:      128
#   WorkGroup: [16,4,4]
# - MatrixInstruction: [16, 16, 32, 1, 1, 11, 1, 1, 1] # size [256, 256, 1, 680960] MT 176x16  - TT 11x16  - WG 16x4   - MIBlockM:  1 - totalGranularity:  0.36364 TilesPerCU:  0.50000, TotalTiles:      128
#   WorkGroup: [16,4,4]
# - MatrixInstruction: [16, 16, 32, 1, 1, 1, 12, 1, 1] # size [256, 256, 1, 680960] MT 16x192  - TT 1x192  - WG 16x4   - MIBlockM:  1 - totalGranularity:  0.33333 TilesPerCU:  0.50000, TotalTiles:      128
#   WorkGroup: [16,4,4]
# - MatrixInstruction: [16, 16, 32, 1, 1, 12, 1, 1, 1] # size [256, 256, 1, 680960] MT 192x16  - TT 12x16  - WG 16x4   - MIBlockM:  1 - totalGranularity:  0.33333 TilesPerCU:  0.50000, TotalTiles:      128
#   WorkGroup: [16,4,4]
# - MatrixInstruction: [16, 16, 32, 1, 1, 1, 13, 1, 1] # size [256, 256, 1, 680960] MT 16x208  - TT 1x208  - WG 16x4   - MIBlockM:  1 - totalGranularity:  0.30769 TilesPerCU:  0.50000, TotalTiles:      128
#   WorkGroup: [16,4,4]
# - MatrixInstruction: [16, 16, 32, 1, 1, 13, 1, 1, 1] # size [256, 256, 1, 680960] MT 208x16  - TT 13x16  - WG 16x4   - MIBlockM:  1 - totalGranularity:  0.30769 TilesPerCU:  0.50000, TotalTiles:      128
#   WorkGroup: [16,4,4]
# - MatrixInstruction: [16, 16, 32, 1, 1, 1, 14, 1, 1] # size [256, 256, 1, 680960] MT 16x224  - TT 1x224  - WG 16x4   - MIBlockM:  1 - totalGranularity:  0.28571 TilesPerCU:  0.50000, TotalTiles:      128
#   WorkGroup: [16,4,4]
# - MatrixInstruction: [16, 16, 32, 1, 1, 14, 1, 1, 1] # size [256, 256, 1, 680960] MT 224x16  - TT 14x16  - WG 16x4   - MIBlockM:  1 - totalGranularity:  0.28571 TilesPerCU:  0.50000, TotalTiles:      128
#   WorkGroup: [16,4,4]
# - MatrixInstruction: [16, 16, 32, 1, 1, 1, 15, 1, 1] # size [256, 256, 1, 680960] MT 16x240  - TT 1x240  - WG 16x4   - MIBlockM:  1 - totalGranularity:  0.26667 TilesPerCU:  0.50000, TotalTiles:      128
#   WorkGroup: [16,4,4]
# - MatrixInstruction: [16, 16, 32, 1, 1, 15, 1, 1, 1] # size [256, 256, 1, 680960] MT 240x16  - TT 15x16  - WG 16x4   - MIBlockM:  1 - totalGranularity:  0.26667 TilesPerCU:  0.50000, TotalTiles:      128
#   WorkGroup: [16,4,4]
# - MatrixInstruction: [16, 16, 32, 1, 1, 1, 3, 1, 2] # size [256, 256, 1, 680960] MT 16x96   - TT 1x48   - WG 16x8   - MIBlockM:  1 - totalGranularity:  0.33333 TilesPerCU:  0.37500, TotalTiles:       96
#   WorkGroup: [16,8,2]
# - MatrixInstruction: [16, 16, 32, 1, 1, 3, 1, 1, 2] # size [256, 256, 1, 680960] MT 48x32   - TT 3x16   - WG 16x8   - MIBlockM:  1 - totalGranularity:  0.33333 TilesPerCU:  0.37500, TotalTiles:       96
#   WorkGroup: [16,8,2]
# - MatrixInstruction: [16, 16, 32, 1, 1, 1, 3, 2, 1] # size [256, 256, 1, 680960] MT 32x48   - TT 1x48   - WG 32x4   - MIBlockM:  1 - totalGranularity:  0.33333 TilesPerCU:  0.37500, TotalTiles:       96
#   WorkGroup: [32,4,2]
# - MatrixInstruction: [16, 16, 32, 1, 1, 3, 1, 2, 1] # size [256, 256, 1, 680960] MT 96x16   - TT 3x16   - WG 32x4   - MIBlockM:  1 - totalGranularity:  0.33333 TilesPerCU:  0.37500, TotalTiles:       96
#   WorkGroup: [32,4,2]
# - MatrixInstruction: [16, 16, 32, 1, 1, 1, 3, 1, 1] # size [256, 256, 1, 680960] MT 16x48   - TT 1x48   - WG 16x4   - MIBlockM:  1 - totalGranularity:  0.33333 TilesPerCU:  0.37500, TotalTiles:       96
# - MatrixInstruction: [16, 16, 32, 1, 1, 1, 6, 1, 1] # size [256, 256, 1, 680960] MT 16x96   - TT 1x96   - WG 16x4   - MIBlockM:  1 - totalGranularity:  0.33333 TilesPerCU:  0.37500, TotalTiles:       96
#   WorkGroup: [16,4,2]
# - MatrixInstruction: [16, 16, 32, 1, 1, 2, 3, 1, 1] # size [256, 256, 1, 680960] MT 32x48   - TT 2x48   - WG 16x4   - MIBlockM:  1 - totalGranularity:  0.33333 TilesPerCU:  0.37500, TotalTiles:       96
#   WorkGroup: [16,4,2]
# - MatrixInstruction: [16, 16, 32, 1, 1, 2, 6, 1, 1] # size [256, 256, 1, 680960] MT 32x96   - TT 2x96   - WG 16x4   - MIBlockM:  1 - totalGranularity:  0.33333 TilesPerCU:  0.37500, TotalTiles:       96
#   WorkGroup: [16,4,4]
# - MatrixInstruction: [16, 16, 32, 1, 1, 3, 1, 1, 1] # size [256, 256, 1, 680960] MT 48x16   - TT 3x16   - WG 16x4   - MIBlockM:  1 - totalGranularity:  0.33333 TilesPerCU:  0.37500, TotalTiles:       96
# - MatrixInstruction: [16, 16, 32, 1, 1, 3, 2, 1, 1] # size [256, 256, 1, 680960] MT 48x32   - TT 3x32   - WG 16x4   - MIBlockM:  1 - totalGranularity:  0.33333 TilesPerCU:  0.37500, TotalTiles:       96
#   WorkGroup: [16,4,2]
# - MatrixInstruction: [16, 16, 32, 1, 1, 3, 4, 1, 1] # size [256, 256, 1, 680960] MT 48x64   - TT 3x64   - WG 16x4   - MIBlockM:  1 - totalGranularity:  0.33333 TilesPerCU:  0.37500, TotalTiles:       96
#   WorkGroup: [16,4,4]
# - MatrixInstruction: [16, 16, 32, 1, 1, 4, 3, 1, 1] # size [256, 256, 1, 680960] MT 64x48   - TT 4x48   - WG 16x4   - MIBlockM:  1 - totalGranularity:  0.33333 TilesPerCU:  0.37500, TotalTiles:       96
#   WorkGroup: [16,4,4]
# - MatrixInstruction: [16, 16, 32, 1, 1, 6, 1, 1, 1] # size [256, 256, 1, 680960] MT 96x16   - TT 6x16   - WG 16x4   - MIBlockM:  1 - totalGranularity:  0.33333 TilesPerCU:  0.37500, TotalTiles:       96
#   WorkGroup: [16,4,2]
# - MatrixInstruction: [16, 16, 32, 1, 1, 6, 2, 1, 1] # size [256, 256, 1, 680960] MT 96x32   - TT 6x32   - WG 16x4   - MIBlockM:  1 - totalGranularity:  0.33333 TilesPerCU:  0.37500, TotalTiles:       96
#   WorkGroup: [16,4,4]
# - MatrixInstruction: [32, 32, 16, 1, 1, 1, 3, 1, 1] # size [256, 256, 1, 680960] MT 32x96   - TT 1x96   - WG 32x2   - MIBlockM:  1 - totalGranularity:  0.33333 TilesPerCU:  0.37500, TotalTiles:       96
#   WorkGroup: [32,2,4]
# - MatrixInstruction: [32, 32, 16, 1, 1, 3, 1, 1, 1] # size [256, 256, 1, 680960] MT 96x32   - TT 3x32   - WG 32x2   - MIBlockM:  1 - totalGranularity:  0.33333 TilesPerCU:  0.37500, TotalTiles:       96
#   WorkGroup: [32,2,4]
# - MatrixInstruction: [16, 16, 32, 1, 1, 1, 7, 1, 1] # size [256, 256, 1, 680960] MT 16x112  - TT 1x112  - WG 16x4   - MIBlockM:  1 - totalGranularity:  0.28571 TilesPerCU:  0.37500, TotalTiles:       96
#   WorkGroup: [16,4,2]
# - MatrixInstruction: [16, 16, 32, 1, 1, 2, 7, 1, 1] # size [256, 256, 1, 680960] MT 32x112  - TT 2x112  - WG 16x4   - MIBlockM:  1 - totalGranularity:  0.28571 TilesPerCU:  0.37500, TotalTiles:       96
#   WorkGroup: [16,4,4]
# - MatrixInstruction: [16, 16, 32, 1, 1, 7, 1, 1, 1] # size [256, 256, 1, 680960] MT 112x16  - TT 7x16   - WG 16x4   - MIBlockM:  1 - totalGranularity:  0.28571 TilesPerCU:  0.37500, TotalTiles:       96
#   WorkGroup: [16,4,2]
# - MatrixInstruction: [16, 16, 32, 1, 1, 7, 2, 1, 1] # size [256, 256, 1, 680960] MT 112x32  - TT 7x32   - WG 16x4   - MIBlockM:  1 - totalGranularity:  0.28571 TilesPerCU:  0.37500, TotalTiles:       96
#   WorkGroup: [16,4,4]
# - MatrixInstruction: [16, 16, 32, 1, 1, 3, 5, 1, 1] # size [256, 256, 1, 680960] MT 48x80   - TT 3x80   - WG 16x4   - MIBlockM:  1 - totalGranularity:  0.26667 TilesPerCU:  0.37500, TotalTiles:       96
#   WorkGroup: [16,4,4]
# - MatrixInstruction: [16, 16, 32, 1, 1, 5, 3, 1, 1] # size [256, 256, 1, 680960] MT 80x48   - TT 5x48   - WG 16x4   - MIBlockM:  1 - totalGranularity:  0.26667 TilesPerCU:  0.37500, TotalTiles:       96
#   WorkGroup: [16,4,4]
# - MatrixInstruction: [16, 16, 32, 1, 1, 3, 3, 1, 1] # size [256, 256, 1, 680960] MT 48x48   - TT 3x48   - WG 16x4   - MIBlockM:  1 - totalGranularity:  0.22222 TilesPerCU:  0.28125, TotalTiles:       72
#   WorkGroup: [16,4,2]
# - MatrixInstruction: [16, 16, 32, 1, 1, 1, 1, 4, 1] # size [256, 256, 1, 680960] MT 64x16   - TT 1x16   - WG 64x4   - MIBlockM:  1 - totalGranularity:  0.25000 TilesPerCU:  0.25000, TotalTiles:       64
# - MatrixInstruction: [16, 16, 32, 1, 1, 1, 1, 2, 2] # size [256, 256, 1, 680960] MT 32x32   - TT 1x16   - WG 32x8   - MIBlockM:  1 - totalGranularity:  0.25000 TilesPerCU:  0.25000, TotalTiles:       64
# - MatrixInstruction: [16, 16, 32, 1, 1, 1, 1, 1, 4] # size [256, 256, 1, 680960] MT 16x64   - TT 1x16   - WG 16x16  - MIBlockM:  1 - totalGranularity:  0.25000 TilesPerCU:  0.25000, TotalTiles:       64
# - MatrixInstruction: [16, 16, 32, 1, 1, 1, 2, 1, 2] # size [256, 256, 1, 680960] MT 16x64   - TT 1x32   - WG 16x8   - MIBlockM:  1 - totalGranularity:  0.25000 TilesPerCU:  0.25000, TotalTiles:       64
# - MatrixInstruction: [16, 16, 32, 1, 1, 1, 4, 1, 2] # size [256, 256, 1, 680960] MT 16x128  - TT 1x64   - WG 16x8   - MIBlockM:  1 - totalGranularity:  0.25000 TilesPerCU:  0.25000, TotalTiles:       64
#   WorkGroup: [16,8,2]
# - MatrixInstruction: [16, 16, 32, 1, 1, 2, 1, 1, 2] # size [256, 256, 1, 680960] MT 32x32   - TT 2x16   - WG 16x8   - MIBlockM:  1 - totalGranularity:  0.25000 TilesPerCU:  0.25000, TotalTiles:       64
# - MatrixInstruction: [16, 16, 32, 1, 1, 2, 2, 1, 2] # size [256, 256, 1, 680960] MT 32x64   - TT 2x32   - WG 16x8   - MIBlockM:  1 - totalGranularity:  0.25000 TilesPerCU:  0.25000, TotalTiles:       64
#   WorkGroup: [16,8,2]
# - MatrixInstruction: [16, 16, 32, 1, 1, 4, 1, 1, 2] # size [256, 256, 1, 680960] MT 64x32   - TT 4x16   - WG 16x8   - MIBlockM:  1 - totalGranularity:  0.25000 TilesPerCU:  0.25000, TotalTiles:       64
#   WorkGroup: [16,8,2]
# - MatrixInstruction: [16, 16, 32, 1, 1, 1, 2, 2, 1] # size [256, 256, 1, 680960] MT 32x32   - TT 1x32   - WG 32x4   - MIBlockM:  1 - totalGranularity:  0.25000 TilesPerCU:  0.25000, TotalTiles:       64
# - MatrixInstruction: [16, 16, 32, 1, 1, 1, 4, 2, 1] # size [256, 256, 1, 680960] MT 32x64   - TT 1x64   - WG 32x4   - MIBlockM:  1 - totalGranularity:  0.25000 TilesPerCU:  0.25000, TotalTiles:       64
#   WorkGroup: [32,4,2]
# - MatrixInstruction: [16, 16, 32, 1, 1, 2, 1, 2, 1] # size [256, 256, 1, 680960] MT 64x16   - TT 2x16   - WG 32x4   - MIBlockM:  1 - totalGranularity:  0.25000 TilesPerCU:  0.25000, TotalTiles:       64
# - MatrixInstruction: [16, 16, 32, 1, 1, 2, 2, 2, 1] # size [256, 256, 1, 680960] MT 64x32   - TT 2x32   - WG 32x4   - MIBlockM:  1 - totalGranularity:  0.25000 TilesPerCU:  0.25000, TotalTiles:       64
#   WorkGroup: [32,4,2]
# - MatrixInstruction: [16, 16, 32, 1, 1, 4, 1, 2, 1] # size [256, 256, 1, 680960] MT 128x16  - TT 4x16   - WG 32x4   - MIBlockM:  1 - totalGranularity:  0.25000 TilesPerCU:  0.25000, TotalTiles:       64
#   WorkGroup: [32,4,2]
# - MatrixInstruction: [16, 16, 32, 1, 1, 1, 4, 1, 1] # size [256, 256, 1, 680960] MT 16x64   - TT 1x64   - WG 16x4   - MIBlockM:  1 - totalGranularity:  0.25000 TilesPerCU:  0.25000, TotalTiles:       64
# - MatrixInstruction: [16, 16, 32, 1, 1, 1, 8, 1, 1] # size [256, 256, 1, 680960] MT 16x128  - TT 1x128  - WG 16x4   - MIBlockM:  1 - totalGranularity:  0.25000 TilesPerCU:  0.25000, TotalTiles:       64
#   WorkGroup: [16,4,2]
# - MatrixInstruction: [16, 16, 32, 1, 1, 1, 16, 1, 1] # size [256, 256, 1, 680960] MT 16x256  - TT 1x256  - WG 16x4   - MIBlockM:  1 - totalGranularity:  0.25000 TilesPerCU:  0.25000, TotalTiles:       64
#   WorkGroup: [16,4,4]
# - MatrixInstruction: [16, 16, 32, 1, 1, 2, 2, 1, 1] # size [256, 256, 1, 680960] MT 32x32   - TT 2x32   - WG 16x4   - MIBlockM:  1 - totalGranularity:  0.25000 TilesPerCU:  0.25000, TotalTiles:       64
# - MatrixInstruction: [16, 16, 32, 1, 1, 2, 4, 1, 1] # size [256, 256, 1, 680960] MT 32x64   - TT 2x64   - WG 16x4   - MIBlockM:  1 - totalGranularity:  0.25000 TilesPerCU:  0.25000, TotalTiles:       64
#   WorkGroup: [16,4,2]
# - MatrixInstruction: [16, 16, 32, 1, 1, 2, 8, 1, 1] # size [256, 256, 1, 680960] MT 32x128  - TT 2x128  - WG 16x4   - MIBlockM:  1 - totalGranularity:  0.25000 TilesPerCU:  0.25000, TotalTiles:       64
#   WorkGroup: [16,4,4]
# - MatrixInstruction: [16, 16, 32, 1, 1, 4, 1, 1, 1] # size [256, 256, 1, 680960] MT 64x16   - TT 4x16   - WG 16x4   - MIBlockM:  1 - totalGranularity:  0.25000 TilesPerCU:  0.25000, TotalTiles:       64
# - MatrixInstruction: [16, 16, 32, 1, 1, 4, 2, 1, 1] # size [256, 256, 1, 680960] MT 64x32   - TT 4x32   - WG 16x4   - MIBlockM:  1 - totalGranularity:  0.25000 TilesPerCU:  0.25000, TotalTiles:       64
#   WorkGroup: [16,4,2]
# - MatrixInstruction: [16, 16, 32, 1, 1, 4, 4, 1, 1] # size [256, 256, 1, 680960] MT 64x64   - TT 4x64   - WG 16x4   - MIBlockM:  1 - totalGranularity:  0.25000 TilesPerCU:  0.25000, TotalTiles:       64
#   WorkGroup: [16,4,4]
# - MatrixInstruction: [16, 16, 32, 1, 1, 8, 1, 1, 1] # size [256, 256, 1, 680960] MT 128x16  - TT 8x16   - WG 16x4   - MIBlockM:  1 - totalGranularity:  0.25000 TilesPerCU:  0.25000, TotalTiles:       64
#   WorkGroup: [16,4,2]
# - MatrixInstruction: [16, 16, 32, 1, 1, 8, 2, 1, 1] # size [256, 256, 1, 680960] MT 128x32  - TT 8x32   - WG 16x4   - MIBlockM:  1 - totalGranularity:  0.25000 TilesPerCU:  0.25000, TotalTiles:       64
#   WorkGroup: [16,4,4]
# - MatrixInstruction: [16, 16, 32, 1, 1, 16, 1, 1, 1] # size [256, 256, 1, 680960] MT 256x16  - TT 16x16  - WG 16x4   - MIBlockM:  1 - totalGranularity:  0.25000 TilesPerCU:  0.25000, TotalTiles:       64
#   WorkGroup: [16,4,4]
# - MatrixInstruction: [32, 32, 16, 1, 1, 1, 1, 1, 2] # size [256, 256, 1, 680960] MT 32x64   - TT 1x32   - WG 32x4   - MIBlockM:  1 - totalGranularity:  0.25000 TilesPerCU:  0.25000, TotalTiles:       64
#   WorkGroup: [32,4,2]
# - MatrixInstruction: [32, 32, 16, 1, 1, 1, 1, 2, 1] # size [256, 256, 1, 680960] MT 64x32   - TT 1x32   - WG 64x2   - MIBlockM:  1 - totalGranularity:  0.25000 TilesPerCU:  0.25000, TotalTiles:       64
#   WorkGroup: [64,2,2]
# - MatrixInstruction: [32, 32, 16, 1, 1, 1, 1, 1, 1] # size [256, 256, 1, 680960] MT 32x32   - TT 1x32   - WG 32x2   - MIBlockM:  1 - totalGranularity:  0.25000 TilesPerCU:  0.25000, TotalTiles:       64
# - MatrixInstruction: [32, 32, 16, 1, 1, 1, 2, 1, 1] # size [256, 256, 1, 680960] MT 32x64   - TT 1x64   - WG 32x2   - MIBlockM:  1 - totalGranularity:  0.25000 TilesPerCU:  0.25000, TotalTiles:       64
#   WorkGroup: [32,2,2]
# - MatrixInstruction: [32, 32, 16, 1, 1, 1, 4, 1, 1] # size [256, 256, 1, 680960] MT 32x128  - TT 1x128  - WG 32x2   - MIBlockM:  1 - totalGranularity:  0.25000 TilesPerCU:  0.25000, TotalTiles:       64
#   WorkGroup: [32,2,4]
# - MatrixInstruction: [32, 32, 16, 1, 1, 2, 1, 1, 1] # size [256, 256, 1, 680960] MT 64x32   - TT 2x32   - WG 32x2   - MIBlockM:  1 - totalGranularity:  0.25000 TilesPerCU:  0.25000, TotalTiles:       64
#   WorkGroup: [32,2,2]
# - MatrixInstruction: [32, 32, 16, 1, 1, 2, 2, 1, 1] # size [256, 256, 1, 680960] MT 64x64   - TT 2x64   - WG 32x2   - MIBlockM:  1 - totalGranularity:  0.25000 TilesPerCU:  0.25000, TotalTiles:       64
#   WorkGroup: [32,2,4]
# - MatrixInstruction: [32, 32, 16, 1, 1, 4, 1, 1, 1] # size [256, 256, 1, 680960] MT 128x32  - TT 4x32   - WG 32x2   - MIBlockM:  1 - totalGranularity:  0.25000 TilesPerCU:  0.25000, TotalTiles:       64
#   WorkGroup: [32,2,4]
# - MatrixInstruction: [16, 16, 32, 1, 1, 1, 9, 1, 1] # size [256, 256, 1, 680960] MT 16x144  - TT 1x144  - WG 16x4   - MIBlockM:  1 - totalGranularity:  0.22222 TilesPerCU:  0.25000, TotalTiles:       64
#   WorkGroup: [16,4,2]
# - MatrixInstruction: [16, 16, 32, 1, 1, 1, 5, 1, 2] # size [256, 256, 1, 680960] MT 16x160  - TT 1x80   - WG 16x8   - MIBlockM:  1 - totalGranularity:  0.20000 TilesPerCU:  0.25000, TotalTiles:       64
#   WorkGroup: [16,8,2]
# - MatrixInstruction: [16, 16, 32, 1, 1, 5, 1, 1, 2] # size [256, 256, 1, 680960] MT 80x32   - TT 5x16   - WG 16x8   - MIBlockM:  1 - totalGranularity:  0.20000 TilesPerCU:  0.25000, TotalTiles:       64
#   WorkGroup: [16,8,2]
# - MatrixInstruction: [16, 16, 32, 1, 1, 1, 5, 2, 1] # size [256, 256, 1, 680960] MT 32x80   - TT 1x80   - WG 32x4   - MIBlockM:  1 - totalGranularity:  0.20000 TilesPerCU:  0.25000, TotalTiles:       64
#   WorkGroup: [32,4,2]
# - MatrixInstruction: [16, 16, 32, 1, 1, 5, 1, 2, 1] # size [256, 256, 1, 680960] MT 160x16  - TT 5x16   - WG 32x4   - MIBlockM:  1 - totalGranularity:  0.20000 TilesPerCU:  0.25000, TotalTiles:       64
#   WorkGroup: [32,4,2]
# - MatrixInstruction: [16, 16, 32, 1, 1, 1, 5, 1, 1] # size [256, 256, 1, 680960] MT 16x80   - TT 1x80   - WG 16x4   - MIBlockM:  1 - totalGranularity:  0.20000 TilesPerCU:  0.25000, TotalTiles:       64
# - MatrixInstruction: [16, 16, 32, 1, 1, 1, 10, 1, 1] # size [256, 256, 1, 680960] MT 16x160  - TT 1x160  - WG 16x4   - MIBlockM:  1 - totalGranularity:  0.20000 TilesPerCU:  0.25000, TotalTiles:       64
#   WorkGroup: [16,4,2]
# - MatrixInstruction: [16, 16, 32, 1, 1, 2, 5, 1, 1] # size [256, 256, 1, 680960] MT 32x80   - TT 2x80   - WG 16x4   - MIBlockM:  1 - totalGranularity:  0.20000 TilesPerCU:  0.25000, TotalTiles:       64
#   WorkGroup: [16,4,2]
# - MatrixInstruction: [16, 16, 32, 1, 1, 5, 2, 1, 1] # size [256, 256, 1, 680960] MT 80x32   - TT 5x32   - WG 16x4   - MIBlockM:  1 - totalGranularity:  0.20000 TilesPerCU:  0.25000, TotalTiles:       64
#   WorkGroup: [16,4,2]
# - MatrixInstruction: [16, 16, 32, 1, 1, 1, 11, 1, 1] # size [256, 256, 1, 680960] MT 16x176  - TT 1x176  - WG 16x4   - MIBlockM:  1 - totalGranularity:  0.18182 TilesPerCU:  0.25000, TotalTiles:       64
#   WorkGroup: [16,4,2]
# - MatrixInstruction: [16, 16, 32, 1, 1, 1, 6, 1, 2] # size [256, 256, 1, 680960] MT 16x192  - TT 1x96   - WG 16x8   - MIBlockM:  1 - totalGranularity:  0.16667 TilesPerCU:  0.25000, TotalTiles:       64
#   WorkGroup: [16,8,2]
# - MatrixInstruction: [16, 16, 32, 1, 1, 6, 1, 2, 1] # size [256, 256, 1, 680960] MT 192x16  - TT 6x16   - WG 32x4   - MIBlockM:  1 - totalGranularity:  0.16667 TilesPerCU:  0.25000, TotalTiles:       64
#   WorkGroup: [32,4,2]
# - MatrixInstruction: [16, 16, 32, 1, 1, 1, 12, 1, 1] # size [256, 256, 1, 680960] MT 16x192  - TT 1x192  - WG 16x4   - MIBlockM:  1 - totalGranularity:  0.16667 TilesPerCU:  0.25000, TotalTiles:       64
#   WorkGroup: [16,4,2]
# - MatrixInstruction: [16, 16, 32, 1, 1, 1, 13, 1, 1] # size [256, 256, 1, 680960] MT 16x208  - TT 1x208  - WG 16x4   - MIBlockM:  1 - totalGranularity:  0.15385 TilesPerCU:  0.25000, TotalTiles:       64
#   WorkGroup: [16,4,2]
# - MatrixInstruction: [16, 16, 32, 1, 1, 5, 1, 1, 1] # size [256, 256, 1, 680960] MT 80x16   - TT 5x16   - WG 16x4   - MIBlockM:  1 - totalGranularity:  0.15000 TilesPerCU:  0.25000, TotalTiles:       64
# - MatrixInstruction: [16, 16, 32, 1, 1, 1, 7, 1, 2] # size [256, 256, 1, 680960] MT 16x224  - TT 1x112  - WG 16x8   - MIBlockM:  1 - totalGranularity:  0.14286 TilesPerCU:  0.25000, TotalTiles:       64
#   WorkGroup: [16,8,2]
# - MatrixInstruction: [16, 16, 32, 1, 1, 7, 1, 2, 1] # size [256, 256, 1, 680960] MT 224x16  - TT 7x16   - WG 32x4   - MIBlockM:  1 - totalGranularity:  0.14286 TilesPerCU:  0.25000, TotalTiles:       64
#   WorkGroup: [32,4,2]
# - MatrixInstruction: [16, 16, 32, 1, 1, 1, 14, 1, 1] # size [256, 256, 1, 680960] MT 16x224  - TT 1x224  - WG 16x4   - MIBlockM:  1 - totalGranularity:  0.14286 TilesPerCU:  0.25000, TotalTiles:       64
#   WorkGroup: [16,4,2]
# - MatrixInstruction: [16, 16, 32, 1, 1, 1, 15, 1, 1] # size [256, 256, 1, 680960] MT 16x240  - TT 1x240  - WG 16x4   - MIBlockM:  1 - totalGranularity:  0.13333 TilesPerCU:  0.25000, TotalTiles:       64
#   WorkGroup: [16,4,2]
# - MatrixInstruction: [16, 16, 32, 1, 1, 9, 1, 1, 1] # size [256, 256, 1, 680960] MT 144x16  - TT 9x16   - WG 16x4   - MIBlockM:  1 - totalGranularity:  0.11111 TilesPerCU:  0.25000, TotalTiles:       64
#   WorkGroup: [16,4,2]
# - MatrixInstruction: [16, 16, 32, 1, 1, 10, 1, 1, 1] # size [256, 256, 1, 680960] MT 160x16  - TT 10x16  - WG 16x4   - MIBlockM:  1 - totalGranularity:  0.10000 TilesPerCU:  0.25000, TotalTiles:       64
#   WorkGroup: [16,4,2]
# - MatrixInstruction: [16, 16, 32, 1, 1, 11, 1, 1, 1] # size [256, 256, 1, 680960] MT 176x16  - TT 11x16  - WG 16x4   - MIBlockM:  1 - totalGranularity:  0.09091 TilesPerCU:  0.25000, TotalTiles:       64
#   WorkGroup: [16,4,2]
# - MatrixInstruction: [16, 16, 32, 1, 1, 12, 1, 1, 1] # size [256, 256, 1, 680960] MT 192x16  - TT 12x16  - WG 16x4   - MIBlockM:  1 - totalGranularity:  0.08333 TilesPerCU:  0.25000, TotalTiles:       64
#   WorkGroup: [16,4,2]
# - MatrixInstruction: [16, 16, 32, 1, 1, 13, 1, 1, 1] # size [256, 256, 1, 680960] MT 208x16  - TT 13x16  - WG 16x4   - MIBlockM:  1 - totalGranularity:  0.07692 TilesPerCU:  0.25000, TotalTiles:       64
#   WorkGroup: [16,4,2]
# - MatrixInstruction: [16, 16, 32, 1, 1, 14, 1, 1, 1] # size [256, 256, 1, 680960] MT 224x16  - TT 14x16  - WG 16x4   - MIBlockM:  1 - totalGranularity:  0.07143 TilesPerCU:  0.25000, TotalTiles:       64
#   WorkGroup: [16,4,2]
# - MatrixInstruction: [16, 16, 32, 1, 1, 15, 1, 1, 1] # size [256, 256, 1, 680960] MT 240x16  - TT 15x16  - WG 16x4   - MIBlockM:  1 - totalGranularity:  0.06667 TilesPerCU:  0.25000, TotalTiles:       64
#   WorkGroup: [16,4,2]
# - MatrixInstruction: [16, 16, 32, 1, 1, 1, 3, 1, 2] # size [256, 256, 1, 680960] MT 16x96   - TT 1x48   - WG 16x8   - MIBlockM:  1 - totalGranularity:  0.16667 TilesPerCU:  0.18750, TotalTiles:       48
# - MatrixInstruction: [16, 16, 32, 1, 1, 2, 3, 1, 2] # size [256, 256, 1, 680960] MT 32x96   - TT 2x48   - WG 16x8   - MIBlockM:  1 - totalGranularity:  0.16667 TilesPerCU:  0.18750, TotalTiles:       48
#   WorkGroup: [16,8,2]
# - MatrixInstruction: [16, 16, 32, 1, 1, 3, 1, 1, 2] # size [256, 256, 1, 680960] MT 48x32   - TT 3x16   - WG 16x8   - MIBlockM:  1 - totalGranularity:  0.16667 TilesPerCU:  0.18750, TotalTiles:       48
# - MatrixInstruction: [16, 16, 32, 1, 1, 3, 2, 1, 2] # size [256, 256, 1, 680960] MT 48x64   - TT 3x32   - WG 16x8   - MIBlockM:  1 - totalGranularity:  0.16667 TilesPerCU:  0.18750, TotalTiles:       48
#   WorkGroup: [16,8,2]
# - MatrixInstruction: [16, 16, 32, 1, 1, 6, 1, 1, 2] # size [256, 256, 1, 680960] MT 96x32   - TT 6x16   - WG 16x8   - MIBlockM:  1 - totalGranularity:  0.16667 TilesPerCU:  0.18750, TotalTiles:       48
#   WorkGroup: [16,8,2]
# - MatrixInstruction: [16, 16, 32, 1, 1, 1, 3, 2, 1] # size [256, 256, 1, 680960] MT 32x48   - TT 1x48   - WG 32x4   - MIBlockM:  1 - totalGranularity:  0.16667 TilesPerCU:  0.18750, TotalTiles:       48
# - MatrixInstruction: [16, 16, 32, 1, 1, 1, 6, 2, 1] # size [256, 256, 1, 680960] MT 32x96   - TT 1x96   - WG 32x4   - MIBlockM:  1 - totalGranularity:  0.16667 TilesPerCU:  0.18750, TotalTiles:       48
#   WorkGroup: [32,4,2]
# - MatrixInstruction: [16, 16, 32, 1, 1, 2, 3, 2, 1] # size [256, 256, 1, 680960] MT 64x48   - TT 2x48   - WG 32x4   - MIBlockM:  1 - totalGranularity:  0.16667 TilesPerCU:  0.18750, TotalTiles:       48
#   WorkGroup: [32,4,2]
# - MatrixInstruction: [16, 16, 32, 1, 1, 3, 1, 2, 1] # size [256, 256, 1, 680960] MT 96x16   - TT 3x16   - WG 32x4   - MIBlockM:  1 - totalGranularity:  0.16667 TilesPerCU:  0.18750, TotalTiles:       48
# - MatrixInstruction: [16, 16, 32, 1, 1, 3, 2, 2, 1] # size [256, 256, 1, 680960] MT 96x32   - TT 3x32   - WG 32x4   - MIBlockM:  1 - totalGranularity:  0.16667 TilesPerCU:  0.18750, TotalTiles:       48
#   WorkGroup: [32,4,2]
# - MatrixInstruction: [16, 16, 32, 1, 1, 1, 6, 1, 1] # size [256, 256, 1, 680960] MT 16x96   - TT 1x96   - WG 16x4   - MIBlockM:  1 - totalGranularity:  0.16667 TilesPerCU:  0.18750, TotalTiles:       48
# - MatrixInstruction: [16, 16, 32, 1, 1, 2, 3, 1, 1] # size [256, 256, 1, 680960] MT 32x48   - TT 2x48   - WG 16x4   - MIBlockM:  1 - totalGranularity:  0.16667 TilesPerCU:  0.18750, TotalTiles:       48
# - MatrixInstruction: [16, 16, 32, 1, 1, 2, 6, 1, 1] # size [256, 256, 1, 680960] MT 32x96   - TT 2x96   - WG 16x4   - MIBlockM:  1 - totalGranularity:  0.16667 TilesPerCU:  0.18750, TotalTiles:       48
#   WorkGroup: [16,4,2]
# - MatrixInstruction: [16, 16, 32, 1, 1, 3, 2, 1, 1] # size [256, 256, 1, 680960] MT 48x32   - TT 3x32   - WG 16x4   - MIBlockM:  1 - totalGranularity:  0.16667 TilesPerCU:  0.18750, TotalTiles:       48
# - MatrixInstruction: [16, 16, 32, 1, 1, 3, 4, 1, 1] # size [256, 256, 1, 680960] MT 48x64   - TT 3x64   - WG 16x4   - MIBlockM:  1 - totalGranularity:  0.16667 TilesPerCU:  0.18750, TotalTiles:       48
#   WorkGroup: [16,4,2]
# - MatrixInstruction: [16, 16, 32, 1, 1, 4, 3, 1, 1] # size [256, 256, 1, 680960] MT 64x48   - TT 4x48   - WG 16x4   - MIBlockM:  1 - totalGranularity:  0.16667 TilesPerCU:  0.18750, TotalTiles:       48
#   WorkGroup: [16,4,2]
# - MatrixInstruction: [16, 16, 32, 1, 1, 6, 2, 1, 1] # size [256, 256, 1, 680960] MT 96x32   - TT 6x32   - WG 16x4   - MIBlockM:  1 - totalGranularity:  0.16667 TilesPerCU:  0.18750, TotalTiles:       48
#   WorkGroup: [16,4,2]
# - MatrixInstruction: [32, 32, 16, 1, 1, 1, 3, 1, 1] # size [256, 256, 1, 680960] MT 32x96   - TT 1x96   - WG 32x2   - MIBlockM:  1 - totalGranularity:  0.16667 TilesPerCU:  0.18750, TotalTiles:       48
#   WorkGroup: [32,2,2]
# - MatrixInstruction: [32, 32, 16, 1, 1, 3, 1, 1, 1] # size [256, 256, 1, 680960] MT 96x32   - TT 3x32   - WG 32x2   - MIBlockM:  1 - totalGranularity:  0.16667 TilesPerCU:  0.18750, TotalTiles:       48
#   WorkGroup: [32,2,2]
# - MatrixInstruction: [16, 16, 32, 1, 1, 7, 1, 1, 2] # size [256, 256, 1, 680960] MT 112x32  - TT 7x16   - WG 16x8   - MIBlockM:  1 - totalGranularity:  0.14286 TilesPerCU:  0.18750, TotalTiles:       48
#   WorkGroup: [16,8,2]
# - MatrixInstruction: [16, 16, 32, 1, 1, 1, 7, 2, 1] # size [256, 256, 1, 680960] MT 32x112  - TT 1x112  - WG 32x4   - MIBlockM:  1 - totalGranularity:  0.14286 TilesPerCU:  0.18750, TotalTiles:       48
#   WorkGroup: [32,4,2]
# - MatrixInstruction: [16, 16, 32, 1, 1, 1, 7, 1, 1] # size [256, 256, 1, 680960] MT 16x112  - TT 1x112  - WG 16x4   - MIBlockM:  1 - totalGranularity:  0.14286 TilesPerCU:  0.18750, TotalTiles:       48
# - MatrixInstruction: [16, 16, 32, 1, 1, 2, 7, 1, 1] # size [256, 256, 1, 680960] MT 32x112  - TT 2x112  - WG 16x4   - MIBlockM:  1 - totalGranularity:  0.14286 TilesPerCU:  0.18750, TotalTiles:       48
#   WorkGroup: [16,4,2]
# - MatrixInstruction: [16, 16, 32, 1, 1, 7, 2, 1, 1] # size [256, 256, 1, 680960] MT 112x32  - TT 7x32   - WG 16x4   - MIBlockM:  1 - totalGranularity:  0.14286 TilesPerCU:  0.18750, TotalTiles:       48
#   WorkGroup: [16,4,2]
# - MatrixInstruction: [16, 16, 32, 1, 1, 3, 5, 1, 1] # size [256, 256, 1, 680960] MT 48x80   - TT 3x80   - WG 16x4   - MIBlockM:  1 - totalGranularity:  0.13333 TilesPerCU:  0.18750, TotalTiles:       48
#   WorkGroup: [16,4,2]
# - MatrixInstruction: [16, 16, 32, 1, 1, 5, 3, 1, 1] # size [256, 256, 1, 680960] MT 80x48   - TT 5x48   - WG 16x4   - MIBlockM:  1 - totalGranularity:  0.13333 TilesPerCU:  0.18750, TotalTiles:       48
#   WorkGroup: [16,4,2]
# - MatrixInstruction: [16, 16, 32, 1, 1, 6, 1, 1, 1] # size [256, 256, 1, 680960] MT 96x16   - TT 6x16   - WG 16x4   - MIBlockM:  1 - totalGranularity:  0.08333 TilesPerCU:  0.18750, TotalTiles:       48
# - MatrixInstruction: [16, 16, 32, 1, 1, 7, 1, 1, 1] # size [256, 256, 1, 680960] MT 112x16  - TT 7x16   - WG 16x4   - MIBlockM:  1 - totalGranularity:  0.07143 TilesPerCU:  0.18750, TotalTiles:       48
# - MatrixInstruction: [16, 16, 32, 1, 1, 3, 3, 1, 2] # size [256, 256, 1, 680960] MT 48x96   - TT 3x48   - WG 16x8   - MIBlockM:  1 - totalGranularity:  0.11111 TilesPerCU:  0.14062, TotalTiles:       36
#   WorkGroup: [16,8,2]
# - MatrixInstruction: [16, 16, 32, 1, 1, 3, 3, 2, 1] # size [256, 256, 1, 680960] MT 96x48   - TT 3x48   - WG 32x4   - MIBlockM:  1 - totalGranularity:  0.11111 TilesPerCU:  0.14062, TotalTiles:       36
#   WorkGroup: [32,4,2]
# - MatrixInstruction: [16, 16, 32, 1, 1, 3, 3, 1, 1] # size [256, 256, 1, 680960] MT 48x48   - TT 3x48   - WG 16x4   - MIBlockM:  1 - totalGranularity:  0.11111 TilesPerCU:  0.14062, TotalTiles:       36
# - MatrixInstruction: [16, 16, 32, 1, 1, 1, 2, 4, 1] # size [256, 256, 1, 680960] MT 64x32   - TT 1x32   - WG 64x4   - MIBlockM:  1 - totalGranularity:  0.12500 TilesPerCU:  0.12500, TotalTiles:       32
# - MatrixInstruction: [16, 16, 32, 1, 1, 2, 1, 4, 1] # size [256, 256, 1, 680960] MT 128x16  - TT 2x16   - WG 64x4   - MIBlockM:  1 - totalGranularity:  0.12500 TilesPerCU:  0.12500, TotalTiles:       32
# - MatrixInstruction: [16, 16, 32, 1, 1, 1, 2, 2, 2] # size [256, 256, 1, 680960] MT 32x64   - TT 1x32   - WG 32x8   - MIBlockM:  1 - totalGranularity:  0.12500 TilesPerCU:  0.12500, TotalTiles:       32
# - MatrixInstruction: [16, 16, 32, 1, 1, 2, 1, 2, 2] # size [256, 256, 1, 680960] MT 64x32   - TT 2x16   - WG 32x8   - MIBlockM:  1 - totalGranularity:  0.12500 TilesPerCU:  0.12500, TotalTiles:       32
# - MatrixInstruction: [16, 16, 32, 1, 1, 1, 2, 1, 4] # size [256, 256, 1, 680960] MT 16x128  - TT 1x32   - WG 16x16  - MIBlockM:  1 - totalGranularity:  0.12500 TilesPerCU:  0.12500, TotalTiles:       32
# - MatrixInstruction: [16, 16, 32, 1, 1, 2, 1, 1, 4] # size [256, 256, 1, 680960] MT 32x64   - TT 2x16   - WG 16x16  - MIBlockM:  1 - totalGranularity:  0.12500 TilesPerCU:  0.12500, TotalTiles:       32
# - MatrixInstruction: [16, 16, 32, 1, 1, 1, 4, 1, 2] # size [256, 256, 1, 680960] MT 16x128  - TT 1x64   - WG 16x8   - MIBlockM:  1 - totalGranularity:  0.12500 TilesPerCU:  0.12500, TotalTiles:       32
# - MatrixInstruction: [16, 16, 32, 1, 1, 1, 8, 1, 2] # size [256, 256, 1, 680960] MT 16x256  - TT 1x128  - WG 16x8   - MIBlockM:  1 - totalGranularity:  0.12500 TilesPerCU:  0.12500, TotalTiles:       32
#   WorkGroup: [16,8,2]
# - MatrixInstruction: [16, 16, 32, 1, 1, 2, 2, 1, 2] # size [256, 256, 1, 680960] MT 32x64   - TT 2x32   - WG 16x8   - MIBlockM:  1 - totalGranularity:  0.12500 TilesPerCU:  0.12500, TotalTiles:       32
# - MatrixInstruction: [16, 16, 32, 1, 1, 2, 4, 1, 2] # size [256, 256, 1, 680960] MT 32x128  - TT 2x64   - WG 16x8   - MIBlockM:  1 - totalGranularity:  0.12500 TilesPerCU:  0.12500, TotalTiles:       32
#   WorkGroup: [16,8,2]
# - MatrixInstruction: [16, 16, 32, 1, 1, 4, 1, 1, 2] # size [256, 256, 1, 680960] MT 64x32   - TT 4x16   - WG 16x8   - MIBlockM:  1 - totalGranularity:  0.12500 TilesPerCU:  0.12500, TotalTiles:       32
# - MatrixInstruction: [16, 16, 32, 1, 1, 4, 2, 1, 2] # size [256, 256, 1, 680960] MT 64x64   - TT 4x32   - WG 16x8   - MIBlockM:  1 - totalGranularity:  0.12500 TilesPerCU:  0.12500, TotalTiles:       32
#   WorkGroup: [16,8,2]
# - MatrixInstruction: [16, 16, 32, 1, 1, 8, 1, 1, 2] # size [256, 256, 1, 680960] MT 128x32  - TT 8x16   - WG 16x8   - MIBlockM:  1 - totalGranularity:  0.12500 TilesPerCU:  0.12500, TotalTiles:       32
#   WorkGroup: [16,8,2]
# - MatrixInstruction: [16, 16, 32, 1, 1, 1, 4, 2, 1] # size [256, 256, 1, 680960] MT 32x64   - TT 1x64   - WG 32x4   - MIBlockM:  1 - totalGranularity:  0.12500 TilesPerCU:  0.12500, TotalTiles:       32
# - MatrixInstruction: [16, 16, 32, 1, 1, 1, 8, 2, 1] # size [256, 256, 1, 680960] MT 32x128  - TT 1x128  - WG 32x4   - MIBlockM:  1 - totalGranularity:  0.12500 TilesPerCU:  0.12500, TotalTiles:       32
#   WorkGroup: [32,4,2]
# - MatrixInstruction: [16, 16, 32, 1, 1, 2, 2, 2, 1] # size [256, 256, 1, 680960] MT 64x32   - TT 2x32   - WG 32x4   - MIBlockM:  1 - totalGranularity:  0.12500 TilesPerCU:  0.12500, TotalTiles:       32
# - MatrixInstruction: [16, 16, 32, 1, 1, 2, 4, 2, 1] # size [256, 256, 1, 680960] MT 64x64   - TT 2x64   - WG 32x4   - MIBlockM:  1 - totalGranularity:  0.12500 TilesPerCU:  0.12500, TotalTiles:       32
#   WorkGroup: [32,4,2]
# - MatrixInstruction: [16, 16, 32, 1, 1, 4, 1, 2, 1] # size [256, 256, 1, 680960] MT 128x16  - TT 4x16   - WG 32x4   - MIBlockM:  1 - totalGranularity:  0.12500 TilesPerCU:  0.12500, TotalTiles:       32
# - MatrixInstruction: [16, 16, 32, 1, 1, 4, 2, 2, 1] # size [256, 256, 1, 680960] MT 128x32  - TT 4x32   - WG 32x4   - MIBlockM:  1 - totalGranularity:  0.12500 TilesPerCU:  0.12500, TotalTiles:       32
#   WorkGroup: [32,4,2]
# - MatrixInstruction: [16, 16, 32, 1, 1, 8, 1, 2, 1] # size [256, 256, 1, 680960] MT 256x16  - TT 8x16   - WG 32x4   - MIBlockM:  1 - totalGranularity:  0.12500 TilesPerCU:  0.12500, TotalTiles:       32
#   WorkGroup: [32,4,2]
# - MatrixInstruction: [16, 16, 32, 1, 1, 1, 8, 1, 1] # size [256, 256, 1, 680960] MT 16x128  - TT 1x128  - WG 16x4   - MIBlockM:  1 - totalGranularity:  0.12500 TilesPerCU:  0.12500, TotalTiles:       32
# - MatrixInstruction: [16, 16, 32, 1, 1, 1, 16, 1, 1] # size [256, 256, 1, 680960] MT 16x256  - TT 1x256  - WG 16x4   - MIBlockM:  1 - totalGranularity:  0.12500 TilesPerCU:  0.12500, TotalTiles:       32
#   WorkGroup: [16,4,2]
# - MatrixInstruction: [16, 16, 32, 1, 1, 2, 4, 1, 1] # size [256, 256, 1, 680960] MT 32x64   - TT 2x64   - WG 16x4   - MIBlockM:  1 - totalGranularity:  0.12500 TilesPerCU:  0.12500, TotalTiles:       32
# - MatrixInstruction: [16, 16, 32, 1, 1, 2, 8, 1, 1] # size [256, 256, 1, 680960] MT 32x128  - TT 2x128  - WG 16x4   - MIBlockM:  1 - totalGranularity:  0.12500 TilesPerCU:  0.12500, TotalTiles:       32
#   WorkGroup: [16,4,2]
# - MatrixInstruction: [16, 16, 32, 1, 1, 4, 2, 1, 1] # size [256, 256, 1, 680960] MT 64x32   - TT 4x32   - WG 16x4   - MIBlockM:  1 - totalGranularity:  0.12500 TilesPerCU:  0.12500, TotalTiles:       32
# - MatrixInstruction: [16, 16, 32, 1, 1, 4, 4, 1, 1] # size [256, 256, 1, 680960] MT 64x64   - TT 4x64   - WG 16x4   - MIBlockM:  1 - totalGranularity:  0.12500 TilesPerCU:  0.12500, TotalTiles:       32
#   WorkGroup: [16,4,2]
# - MatrixInstruction: [16, 16, 32, 1, 1, 8, 2, 1, 1] # size [256, 256, 1, 680960] MT 128x32  - TT 8x32   - WG 16x4   - MIBlockM:  1 - totalGranularity:  0.12500 TilesPerCU:  0.12500, TotalTiles:       32
#   WorkGroup: [16,4,2]
# - MatrixInstruction: [32, 32, 16, 1, 1, 1, 1, 1, 2] # size [256, 256, 1, 680960] MT 32x64   - TT 1x32   - WG 32x4   - MIBlockM:  1 - totalGranularity:  0.12500 TilesPerCU:  0.12500, TotalTiles:       32
# - MatrixInstruction: [32, 32, 16, 1, 1, 1, 2, 1, 2] # size [256, 256, 1, 680960] MT 32x128  - TT 1x64   - WG 32x4   - MIBlockM:  1 - totalGranularity:  0.12500 TilesPerCU:  0.12500, TotalTiles:       32
#   WorkGroup: [32,4,2]
# - MatrixInstruction: [32, 32, 16, 1, 1, 2, 1, 1, 2] # size [256, 256, 1, 680960] MT 64x64   - TT 2x32   - WG 32x4   - MIBlockM:  1 - totalGranularity:  0.12500 TilesPerCU:  0.12500, TotalTiles:       32
#   WorkGroup: [32,4,2]
# - MatrixInstruction: [32, 32, 16, 1, 1, 1, 1, 2, 1] # size [256, 256, 1, 680960] MT 64x32   - TT 1x32   - WG 64x2   - MIBlockM:  1 - totalGranularity:  0.12500 TilesPerCU:  0.12500, TotalTiles:       32
# - MatrixInstruction: [32, 32, 16, 1, 1, 1, 2, 2, 1] # size [256, 256, 1, 680960] MT 64x64   - TT 1x64   - WG 64x2   - MIBlockM:  1 - totalGranularity:  0.12500 TilesPerCU:  0.12500, TotalTiles:       32
#   WorkGroup: [64,2,2]
# - MatrixInstruction: [32, 32, 16, 1, 1, 2, 1, 2, 1] # size [256, 256, 1, 680960] MT 128x32  - TT 2x32   - WG 64x2   - MIBlockM:  1 - totalGranularity:  0.12500 TilesPerCU:  0.12500, TotalTiles:       32
#   WorkGroup: [64,2,2]
# - MatrixInstruction: [32, 32, 16, 1, 1, 1, 2, 1, 1] # size [256, 256, 1, 680960] MT 32x64   - TT 1x64   - WG 32x2   - MIBlockM:  1 - totalGranularity:  0.12500 TilesPerCU:  0.12500, TotalTiles:       32
# - MatrixInstruction: [32, 32, 16, 1, 1, 1, 4, 1, 1] # size [256, 256, 1, 680960] MT 32x128  - TT 1x128  - WG 32x2   - MIBlockM:  1 - totalGranularity:  0.12500 TilesPerCU:  0.12500, TotalTiles:       32
#   WorkGroup: [32,2,2]
# - MatrixInstruction: [32, 32, 16, 1, 1, 2, 1, 1, 1] # size [256, 256, 1, 680960] MT 64x32   - TT 2x32   - WG 32x2   - MIBlockM:  1 - totalGranularity:  0.12500 TilesPerCU:  0.12500, TotalTiles:       32
# - MatrixInstruction: [32, 32, 16, 1, 1, 2, 2, 1, 1] # size [256, 256, 1, 680960] MT 64x64   - TT 2x64   - WG 32x2   - MIBlockM:  1 - totalGranularity:  0.12500 TilesPerCU:  0.12500, TotalTiles:       32
#   WorkGroup: [32,2,2]
# - MatrixInstruction: [32, 32, 16, 1, 1, 4, 1, 1, 1] # size [256, 256, 1, 680960] MT 128x32  - TT 4x32   - WG 32x2   - MIBlockM:  1 - totalGranularity:  0.12500 TilesPerCU:  0.12500, TotalTiles:       32
#   WorkGroup: [32,2,2]
# - MatrixInstruction: [16, 16, 32, 1, 1, 1, 9, 1, 2] # size [256, 256, 1, 680960] MT 16x288  - TT 1x144  - WG 16x8   - MIBlockM:  1 - totalGranularity:  0.11111 TilesPerCU:  0.12500, TotalTiles:       32
#   WorkGroup: [16,8,2]
# - MatrixInstruction: [16, 16, 32, 1, 1, 9, 1, 1, 2] # size [256, 256, 1, 680960] MT 144x32  - TT 9x16   - WG 16x8   - MIBlockM:  1 - totalGranularity:  0.11111 TilesPerCU:  0.12500, TotalTiles:       32
#   WorkGroup: [16,8,2]
# - MatrixInstruction: [16, 16, 32, 1, 1, 1, 9, 2, 1] # size [256, 256, 1, 680960] MT 32x144  - TT 1x144  - WG 32x4   - MIBlockM:  1 - totalGranularity:  0.11111 TilesPerCU:  0.12500, TotalTiles:       32
#   WorkGroup: [32,4,2]
# - MatrixInstruction: [16, 16, 32, 1, 1, 1, 9, 1, 1] # size [256, 256, 1, 680960] MT 16x144  - TT 1x144  - WG 16x4   - MIBlockM:  1 - totalGranularity:  0.11111 TilesPerCU:  0.12500, TotalTiles:       32
# - MatrixInstruction: [16, 16, 32, 1, 1, 1, 5, 1, 2] # size [256, 256, 1, 680960] MT 16x160  - TT 1x80   - WG 16x8   - MIBlockM:  1 - totalGranularity:  0.10000 TilesPerCU:  0.12500, TotalTiles:       32
# - MatrixInstruction: [16, 16, 32, 1, 1, 1, 10, 1, 2] # size [256, 256, 1, 680960] MT 16x320  - TT 1x160  - WG 16x8   - MIBlockM:  1 - totalGranularity:  0.10000 TilesPerCU:  0.12500, TotalTiles:       32
#   WorkGroup: [16,8,2]
# - MatrixInstruction: [16, 16, 32, 1, 1, 2, 5, 1, 2] # size [256, 256, 1, 680960] MT 32x160  - TT 2x80   - WG 16x8   - MIBlockM:  1 - totalGranularity:  0.10000 TilesPerCU:  0.12500, TotalTiles:       32
#   WorkGroup: [16,8,2]
# - MatrixInstruction: [16, 16, 32, 1, 1, 5, 1, 1, 2] # size [256, 256, 1, 680960] MT 80x32   - TT 5x16   - WG 16x8   - MIBlockM:  1 - totalGranularity:  0.10000 TilesPerCU:  0.12500, TotalTiles:       32
# - MatrixInstruction: [16, 16, 32, 1, 1, 5, 2, 1, 2] # size [256, 256, 1, 680960] MT 80x64   - TT 5x32   - WG 16x8   - MIBlockM:  1 - totalGranularity:  0.10000 TilesPerCU:  0.12500, TotalTiles:       32
#   WorkGroup: [16,8,2]
# - MatrixInstruction: [16, 16, 32, 1, 1, 10, 1, 1, 2] # size [256, 256, 1, 680960] MT 160x32  - TT 10x16  - WG 16x8   - MIBlockM:  1 - totalGranularity:  0.10000 TilesPerCU:  0.12500, TotalTiles:       32
#   WorkGroup: [16,8,2]
# - MatrixInstruction: [16, 16, 32, 1, 1, 1, 5, 2, 1] # size [256, 256, 1, 680960] MT 32x80   - TT 1x80   - WG 32x4   - MIBlockM:  1 - totalGranularity:  0.10000 TilesPerCU:  0.12500, TotalTiles:       32
# - MatrixInstruction: [16, 16, 32, 1, 1, 1, 10, 2, 1] # size [256, 256, 1, 680960] MT 32x160  - TT 1x160  - WG 32x4   - MIBlockM:  1 - totalGranularity:  0.10000 TilesPerCU:  0.12500, TotalTiles:       32
#   WorkGroup: [32,4,2]
# - MatrixInstruction: [16, 16, 32, 1, 1, 2, 5, 2, 1] # size [256, 256, 1, 680960] MT 64x80   - TT 2x80   - WG 32x4   - MIBlockM:  1 - totalGranularity:  0.10000 TilesPerCU:  0.12500, TotalTiles:       32
#   WorkGroup: [32,4,2]
# - MatrixInstruction: [16, 16, 32, 1, 1, 5, 2, 2, 1] # size [256, 256, 1, 680960] MT 160x32  - TT 5x32   - WG 32x4   - MIBlockM:  1 - totalGranularity:  0.10000 TilesPerCU:  0.12500, TotalTiles:       32
#   WorkGroup: [32,4,2]
# - MatrixInstruction: [16, 16, 32, 1, 1, 1, 10, 1, 1] # size [256, 256, 1, 680960] MT 16x160  - TT 1x160  - WG 16x4   - MIBlockM:  1 - totalGranularity:  0.10000 TilesPerCU:  0.12500, TotalTiles:       32
# - MatrixInstruction: [16, 16, 32, 1, 1, 2, 5, 1, 1] # size [256, 256, 1, 680960] MT 32x80   - TT 2x80   - WG 16x4   - MIBlockM:  1 - totalGranularity:  0.10000 TilesPerCU:  0.12500, TotalTiles:       32
# - MatrixInstruction: [16, 16, 32, 1, 1, 1, 11, 1, 2] # size [256, 256, 1, 680960] MT 16x352  - TT 1x176  - WG 16x8   - MIBlockM:  1 - totalGranularity:  0.09091 TilesPerCU:  0.12500, TotalTiles:       32
#   WorkGroup: [16,8,2]
# - MatrixInstruction: [16, 16, 32, 1, 1, 11, 1, 1, 2] # size [256, 256, 1, 680960] MT 176x32  - TT 11x16  - WG 16x8   - MIBlockM:  1 - totalGranularity:  0.09091 TilesPerCU:  0.12500, TotalTiles:       32
#   WorkGroup: [16,8,2]
# - MatrixInstruction: [16, 16, 32, 1, 1, 1, 11, 2, 1] # size [256, 256, 1, 680960] MT 32x176  - TT 1x176  - WG 32x4   - MIBlockM:  1 - totalGranularity:  0.09091 TilesPerCU:  0.12500, TotalTiles:       32
#   WorkGroup: [32,4,2]
# - MatrixInstruction: [16, 16, 32, 1, 1, 1, 11, 1, 1] # size [256, 256, 1, 680960] MT 16x176  - TT 1x176  - WG 16x4   - MIBlockM:  1 - totalGranularity:  0.09091 TilesPerCU:  0.12500, TotalTiles:       32
# - MatrixInstruction: [16, 16, 32, 1, 1, 3, 1, 4, 1] # size [256, 256, 1, 680960] MT 192x16  - TT 3x16   - WG 64x4   - MIBlockM:  1 - totalGranularity:  0.08333 TilesPerCU:  0.12500, TotalTiles:       32
# - MatrixInstruction: [16, 16, 32, 1, 1, 1, 3, 1, 4] # size [256, 256, 1, 680960] MT 16x192  - TT 1x48   - WG 16x16  - MIBlockM:  1 - totalGranularity:  0.08333 TilesPerCU:  0.12500, TotalTiles:       32
# - MatrixInstruction: [16, 16, 32, 1, 1, 1, 6, 1, 2] # size [256, 256, 1, 680960] MT 16x192  - TT 1x96   - WG 16x8   - MIBlockM:  1 - totalGranularity:  0.08333 TilesPerCU:  0.12500, TotalTiles:       32
# - MatrixInstruction: [16, 16, 32, 1, 1, 1, 12, 1, 2] # size [256, 256, 1, 680960] MT 16x384  - TT 1x192  - WG 16x8   - MIBlockM:  1 - totalGranularity:  0.08333 TilesPerCU:  0.12500, TotalTiles:       32
#   WorkGroup: [16,8,2]
# - MatrixInstruction: [16, 16, 32, 1, 1, 2, 6, 1, 2] # size [256, 256, 1, 680960] MT 32x192  - TT 2x96   - WG 16x8   - MIBlockM:  1 - totalGranularity:  0.08333 TilesPerCU:  0.12500, TotalTiles:       32
#   WorkGroup: [16,8,2]
# - MatrixInstruction: [16, 16, 32, 1, 1, 12, 1, 1, 2] # size [256, 256, 1, 680960] MT 192x32  - TT 12x16  - WG 16x8   - MIBlockM:  1 - totalGranularity:  0.08333 TilesPerCU:  0.12500, TotalTiles:       32
#   WorkGroup: [16,8,2]
# - MatrixInstruction: [16, 16, 32, 1, 1, 1, 12, 2, 1] # size [256, 256, 1, 680960] MT 32x192  - TT 1x192  - WG 32x4   - MIBlockM:  1 - totalGranularity:  0.08333 TilesPerCU:  0.12500, TotalTiles:       32
#   WorkGroup: [32,4,2]
# - MatrixInstruction: [16, 16, 32, 1, 1, 6, 2, 2, 1] # size [256, 256, 1, 680960] MT 192x32  - TT 6x32   - WG 32x4   - MIBlockM:  1 - totalGranularity:  0.08333 TilesPerCU:  0.12500, TotalTiles:       32
#   WorkGroup: [32,4,2]
# - MatrixInstruction: [16, 16, 32, 1, 1, 1, 12, 1, 1] # size [256, 256, 1, 680960] MT 16x192  - TT 1x192  - WG 16x4   - MIBlockM:  1 - totalGranularity:  0.08333 TilesPerCU:  0.12500, TotalTiles:       32
# - MatrixInstruction: [32, 32, 16, 1, 1, 1, 3, 1, 2] # size [256, 256, 1, 680960] MT 32x192  - TT 1x96   - WG 32x4   - MIBlockM:  1 - totalGranularity:  0.08333 TilesPerCU:  0.12500, TotalTiles:       32
#   WorkGroup: [32,4,2]
# - MatrixInstruction: [32, 32, 16, 1, 1, 3, 1, 2, 1] # size [256, 256, 1, 680960] MT 192x32  - TT 3x32   - WG 64x2   - MIBlockM:  1 - totalGranularity:  0.08333 TilesPerCU:  0.12500, TotalTiles:       32
#   WorkGroup: [64,2,2]
# - MatrixInstruction: [16, 16, 32, 1, 1, 1, 13, 1, 2] # size [256, 256, 1, 680960] MT 16x416  - TT 1x208  - WG 16x8   - MIBlockM:  1 - totalGranularity:  0.07692 TilesPerCU:  0.12500, TotalTiles:       32
#   WorkGroup: [16,8,2]
# - MatrixInstruction: [16, 16, 32, 1, 1, 13, 1, 1, 2] # size [256, 256, 1, 680960] MT 208x32  - TT 13x16  - WG 16x8   - MIBlockM:  1 - totalGranularity:  0.07692 TilesPerCU:  0.12500, TotalTiles:       32
#   WorkGroup: [16,8,2]
# - MatrixInstruction: [16, 16, 32, 1, 1, 1, 13, 2, 1] # size [256, 256, 1, 680960] MT 32x208  - TT 1x208  - WG 32x4   - MIBlockM:  1 - totalGranularity:  0.07692 TilesPerCU:  0.12500, TotalTiles:       32
#   WorkGroup: [32,4,2]
# - MatrixInstruction: [16, 16, 32, 1, 1, 1, 13, 1, 1] # size [256, 256, 1, 680960] MT 16x208  - TT 1x208  - WG 16x4   - MIBlockM:  1 - totalGranularity:  0.07692 TilesPerCU:  0.12500, TotalTiles:       32
# - MatrixInstruction: [16, 16, 32, 1, 1, 5, 2, 1, 1] # size [256, 256, 1, 680960] MT 80x32   - TT 5x32   - WG 16x4   - MIBlockM:  1 - totalGranularity:  0.07500 TilesPerCU:  0.12500, TotalTiles:       32
# - MatrixInstruction: [16, 16, 32, 1, 1, 1, 7, 1, 2] # size [256, 256, 1, 680960] MT 16x224  - TT 1x112  - WG 16x8   - MIBlockM:  1 - totalGranularity:  0.07143 TilesPerCU:  0.12500, TotalTiles:       32
# - MatrixInstruction: [16, 16, 32, 1, 1, 1, 14, 1, 2] # size [256, 256, 1, 680960] MT 16x448  - TT 1x224  - WG 16x8   - MIBlockM:  1 - totalGranularity:  0.07143 TilesPerCU:  0.12500, TotalTiles:       32
#   WorkGroup: [16,8,2]
# - MatrixInstruction: [16, 16, 32, 1, 1, 2, 7, 1, 2] # size [256, 256, 1, 680960] MT 32x224  - TT 2x112  - WG 16x8   - MIBlockM:  1 - totalGranularity:  0.07143 TilesPerCU:  0.12500, TotalTiles:       32
#   WorkGroup: [16,8,2]
# - MatrixInstruction: [16, 16, 32, 1, 1, 14, 1, 1, 2] # size [256, 256, 1, 680960] MT 224x32  - TT 14x16  - WG 16x8   - MIBlockM:  1 - totalGranularity:  0.07143 TilesPerCU:  0.12500, TotalTiles:       32
#   WorkGroup: [16,8,2]
# - MatrixInstruction: [16, 16, 32, 1, 1, 1, 14, 2, 1] # size [256, 256, 1, 680960] MT 32x224  - TT 1x224  - WG 32x4   - MIBlockM:  1 - totalGranularity:  0.07143 TilesPerCU:  0.12500, TotalTiles:       32
#   WorkGroup: [32,4,2]
# - MatrixInstruction: [16, 16, 32, 1, 1, 7, 2, 2, 1] # size [256, 256, 1, 680960] MT 224x32  - TT 7x32   - WG 32x4   - MIBlockM:  1 - totalGranularity:  0.07143 TilesPerCU:  0.12500, TotalTiles:       32
#   WorkGroup: [32,4,2]
# - MatrixInstruction: [16, 16, 32, 1, 1, 1, 14, 1, 1] # size [256, 256, 1, 680960] MT 16x224  - TT 1x224  - WG 16x4   - MIBlockM:  1 - totalGranularity:  0.07143 TilesPerCU:  0.12500, TotalTiles:       32
# - MatrixInstruction: [16, 16, 32, 1, 1, 1, 15, 1, 2] # size [256, 256, 1, 680960] MT 16x480  - TT 1x240  - WG 16x8   - MIBlockM:  1 - totalGranularity:  0.06667 TilesPerCU:  0.12500, TotalTiles:       32
#   WorkGroup: [16,8,2]
# - MatrixInstruction: [16, 16, 32, 1, 1, 15, 1, 1, 2] # size [256, 256, 1, 680960] MT 240x32  - TT 15x16  - WG 16x8   - MIBlockM:  1 - totalGranularity:  0.06667 TilesPerCU:  0.12500, TotalTiles:       32
#   WorkGroup: [16,8,2]
# - MatrixInstruction: [16, 16, 32, 1, 1, 1, 15, 2, 1] # size [256, 256, 1, 680960] MT 32x240  - TT 1x240  - WG 32x4   - MIBlockM:  1 - totalGranularity:  0.06667 TilesPerCU:  0.12500, TotalTiles:       32
#   WorkGroup: [32,4,2]
# - MatrixInstruction: [16, 16, 32, 1, 1, 1, 15, 1, 1] # size [256, 256, 1, 680960] MT 16x240  - TT 1x240  - WG 16x4   - MIBlockM:  1 - totalGranularity:  0.06667 TilesPerCU:  0.12500, TotalTiles:       32
# - MatrixInstruction: [16, 16, 32, 1, 1, 1, 16, 1, 2] # size [256, 256, 1, 680960] MT 16x512  - TT 1x256  - WG 16x8   - MIBlockM:  1 - totalGranularity:  0.06250 TilesPerCU:  0.12500, TotalTiles:       32
#   WorkGroup: [16,8,2]
# - MatrixInstruction: [16, 16, 32, 1, 1, 8, 1, 1, 1] # size [256, 256, 1, 680960] MT 128x16  - TT 8x16   - WG 16x4   - MIBlockM:  1 - totalGranularity:  0.06250 TilesPerCU:  0.12500, TotalTiles:       32
# - MatrixInstruction: [16, 16, 32, 1, 1, 16, 1, 1, 1] # size [256, 256, 1, 680960] MT 256x16  - TT 16x16  - WG 16x4   - MIBlockM:  1 - totalGranularity:  0.06250 TilesPerCU:  0.12500, TotalTiles:       32
#   WorkGroup: [16,4,2]
# - MatrixInstruction: [16, 16, 32, 1, 1, 5, 1, 2, 1] # size [256, 256, 1, 680960] MT 160x16  - TT 5x16   - WG 32x4   - MIBlockM:  1 - totalGranularity:  0.05000 TilesPerCU:  0.12500, TotalTiles:       32
# - MatrixInstruction: [16, 16, 32, 1, 1, 6, 1, 2, 1] # size [256, 256, 1, 680960] MT 192x16  - TT 6x16   - WG 32x4   - MIBlockM:  1 - totalGranularity:  0.04167 TilesPerCU:  0.12500, TotalTiles:       32
# - MatrixInstruction: [16, 16, 32, 1, 1, 7, 1, 2, 1] # size [256, 256, 1, 680960] MT 224x16  - TT 7x16   - WG 32x4   - MIBlockM:  1 - totalGranularity:  0.03571 TilesPerCU:  0.12500, TotalTiles:       32
# - MatrixInstruction: [16, 16, 32, 1, 1, 9, 1, 1, 1] # size [256, 256, 1, 680960] MT 144x16  - TT 9x16   - WG 16x4   - MIBlockM:  1 - totalGranularity:  0.02778 TilesPerCU:  0.12500, TotalTiles:       32
# - MatrixInstruction: [16, 16, 32, 1, 1, 10, 1, 1, 1] # size [256, 256, 1, 680960] MT 160x16  - TT 10x16  - WG 16x4   - MIBlockM:  1 - totalGranularity:  0.02500 TilesPerCU:  0.12500, TotalTiles:       32
# - MatrixInstruction: [16, 16, 32, 1, 1, 11, 1, 1, 1] # size [256, 256, 1, 680960] MT 176x16  - TT 11x16  - WG 16x4   - MIBlockM:  1 - totalGranularity:  0.02273 TilesPerCU:  0.12500, TotalTiles:       32
# - MatrixInstruction: [16, 16, 32, 1, 1, 12, 1, 1, 1] # size [256, 256, 1, 680960] MT 192x16  - TT 12x16  - WG 16x4   - MIBlockM:  1 - totalGranularity:  0.02083 TilesPerCU:  0.12500, TotalTiles:       32
# - MatrixInstruction: [16, 16, 32, 1, 1, 13, 1, 1, 1] # size [256, 256, 1, 680960] MT 208x16  - TT 13x16  - WG 16x4   - MIBlockM:  1 - totalGranularity:  0.01923 TilesPerCU:  0.12500, TotalTiles:       32
# - MatrixInstruction: [16, 16, 32, 1, 1, 14, 1, 1, 1] # size [256, 256, 1, 680960] MT 224x16  - TT 14x16  - WG 16x4   - MIBlockM:  1 - totalGranularity:  0.01786 TilesPerCU:  0.12500, TotalTiles:       32
# - MatrixInstruction: [16, 16, 32, 1, 1, 15, 1, 1, 1] # size [256, 256, 1, 680960] MT 240x16  - TT 15x16  - WG 16x4   - MIBlockM:  1 - totalGranularity:  0.01667 TilesPerCU:  0.12500, TotalTiles:       32
# - MatrixInstruction: [16, 16, 32, 1, 1, 9, 1, 2, 1] # size [256, 256, 1, 680960] MT 288x16  - TT 9x16   - WG 32x4   - MIBlockM:  1 - totalGranularity:  0.00000 TilesPerCU:  0.12500, TotalTiles:       32
#   WorkGroup: [32,4,2]
# - MatrixInstruction: [16, 16, 32, 1, 1, 10, 1, 2, 1] # size [256, 256, 1, 680960] MT 320x16  - TT 10x16  - WG 32x4   - MIBlockM:  1 - totalGranularity:  0.00000 TilesPerCU:  0.12500, TotalTiles:       32
#   WorkGroup: [32,4,2]
# - MatrixInstruction: [16, 16, 32, 1, 1, 11, 1, 2, 1] # size [256, 256, 1, 680960] MT 352x16  - TT 11x16  - WG 32x4   - MIBlockM:  1 - totalGranularity:  0.00000 TilesPerCU:  0.12500, TotalTiles:       32
#   WorkGroup: [32,4,2]
# - MatrixInstruction: [16, 16, 32, 1, 1, 12, 1, 2, 1] # size [256, 256, 1, 680960] MT 384x16  - TT 12x16  - WG 32x4   - MIBlockM:  1 - totalGranularity:  0.00000 TilesPerCU:  0.12500, TotalTiles:       32
#   WorkGroup: [32,4,2]
# - MatrixInstruction: [16, 16, 32, 1, 1, 13, 1, 2, 1] # size [256, 256, 1, 680960] MT 416x16  - TT 13x16  - WG 32x4   - MIBlockM:  1 - totalGranularity:  0.00000 TilesPerCU:  0.12500, TotalTiles:       32
#   WorkGroup: [32,4,2]
# - MatrixInstruction: [16, 16, 32, 1, 1, 14, 1, 2, 1] # size [256, 256, 1, 680960] MT 448x16  - TT 14x16  - WG 32x4   - MIBlockM:  1 - totalGranularity:  0.00000 TilesPerCU:  0.12500, TotalTiles:       32
#   WorkGroup: [32,4,2]
# - MatrixInstruction: [16, 16, 32, 1, 1, 15, 1, 2, 1] # size [256, 256, 1, 680960] MT 480x16  - TT 15x16  - WG 32x4   - MIBlockM:  1 - totalGranularity:  0.00000 TilesPerCU:  0.12500, TotalTiles:       32
#   WorkGroup: [32,4,2]
# - MatrixInstruction: [16, 16, 32, 1, 1, 16, 1, 2, 1] # size [256, 256, 1, 680960] MT 512x16  - TT 16x16  - WG 32x4   - MIBlockM:  1 - totalGranularity:  0.00000 TilesPerCU:  0.12500, TotalTiles:       32
#   WorkGroup: [32,4,2]
# - MatrixInstruction: [16, 16, 32, 1, 1, 1, 3, 4, 1] # size [256, 256, 1, 680960] MT 64x48   - TT 1x48   - WG 64x4   - MIBlockM:  1 - totalGranularity:  0.08333 TilesPerCU:  0.09375, TotalTiles:       24
# - MatrixInstruction: [16, 16, 32, 1, 1, 1, 3, 2, 2] # size [256, 256, 1, 680960] MT 32x96   - TT 1x48   - WG 32x8   - MIBlockM:  1 - totalGranularity:  0.08333 TilesPerCU:  0.09375, TotalTiles:       24
# - MatrixInstruction: [16, 16, 32, 1, 1, 3, 1, 2, 2] # size [256, 256, 1, 680960] MT 96x32   - TT 3x16   - WG 32x8   - MIBlockM:  1 - totalGranularity:  0.08333 TilesPerCU:  0.09375, TotalTiles:       24
# - MatrixInstruction: [16, 16, 32, 1, 1, 3, 1, 1, 4] # size [256, 256, 1, 680960] MT 48x64   - TT 3x16   - WG 16x16  - MIBlockM:  1 - totalGranularity:  0.08333 TilesPerCU:  0.09375, TotalTiles:       24
# - MatrixInstruction: [16, 16, 32, 1, 1, 2, 3, 1, 2] # size [256, 256, 1, 680960] MT 32x96   - TT 2x48   - WG 16x8   - MIBlockM:  1 - totalGranularity:  0.08333 TilesPerCU:  0.09375, TotalTiles:       24
# - MatrixInstruction: [16, 16, 32, 1, 1, 3, 2, 1, 2] # size [256, 256, 1, 680960] MT 48x64   - TT 3x32   - WG 16x8   - MIBlockM:  1 - totalGranularity:  0.08333 TilesPerCU:  0.09375, TotalTiles:       24
# - MatrixInstruction: [16, 16, 32, 1, 1, 3, 4, 1, 2] # size [256, 256, 1, 680960] MT 48x128  - TT 3x64   - WG 16x8   - MIBlockM:  1 - totalGranularity:  0.08333 TilesPerCU:  0.09375, TotalTiles:       24
#   WorkGroup: [16,8,2]
# - MatrixInstruction: [16, 16, 32, 1, 1, 4, 3, 1, 2] # size [256, 256, 1, 680960] MT 64x96   - TT 4x48   - WG 16x8   - MIBlockM:  1 - totalGranularity:  0.08333 TilesPerCU:  0.09375, TotalTiles:       24
#   WorkGroup: [16,8,2]
# - MatrixInstruction: [16, 16, 32, 1, 1, 6, 1, 1, 2] # size [256, 256, 1, 680960] MT 96x32   - TT 6x16   - WG 16x8   - MIBlockM:  1 - totalGranularity:  0.08333 TilesPerCU:  0.09375, TotalTiles:       24
# - MatrixInstruction: [16, 16, 32, 1, 1, 6, 2, 1, 2] # size [256, 256, 1, 680960] MT 96x64   - TT 6x32   - WG 16x8   - MIBlockM:  1 - totalGranularity:  0.08333 TilesPerCU:  0.09375, TotalTiles:       24
#   WorkGroup: [16,8,2]
# - MatrixInstruction: [16, 16, 32, 1, 1, 1, 6, 2, 1] # size [256, 256, 1, 680960] MT 32x96   - TT 1x96   - WG 32x4   - MIBlockM:  1 - totalGranularity:  0.08333 TilesPerCU:  0.09375, TotalTiles:       24
# - MatrixInstruction: [16, 16, 32, 1, 1, 2, 3, 2, 1] # size [256, 256, 1, 680960] MT 64x48   - TT 2x48   - WG 32x4   - MIBlockM:  1 - totalGranularity:  0.08333 TilesPerCU:  0.09375, TotalTiles:       24
# - MatrixInstruction: [16, 16, 32, 1, 1, 2, 6, 2, 1] # size [256, 256, 1, 680960] MT 64x96   - TT 2x96   - WG 32x4   - MIBlockM:  1 - totalGranularity:  0.08333 TilesPerCU:  0.09375, TotalTiles:       24
#   WorkGroup: [32,4,2]
# - MatrixInstruction: [16, 16, 32, 1, 1, 3, 2, 2, 1] # size [256, 256, 1, 680960] MT 96x32   - TT 3x32   - WG 32x4   - MIBlockM:  1 - totalGranularity:  0.08333 TilesPerCU:  0.09375, TotalTiles:       24
# - MatrixInstruction: [16, 16, 32, 1, 1, 3, 4, 2, 1] # size [256, 256, 1, 680960] MT 96x64   - TT 3x64   - WG 32x4   - MIBlockM:  1 - totalGranularity:  0.08333 TilesPerCU:  0.09375, TotalTiles:       24
#   WorkGroup: [32,4,2]
# - MatrixInstruction: [16, 16, 32, 1, 1, 4, 3, 2, 1] # size [256, 256, 1, 680960] MT 128x48  - TT 4x48   - WG 32x4   - MIBlockM:  1 - totalGranularity:  0.08333 TilesPerCU:  0.09375, TotalTiles:       24
#   WorkGroup: [32,4,2]
# - MatrixInstruction: [16, 16, 32, 1, 1, 2, 6, 1, 1] # size [256, 256, 1, 680960] MT 32x96   - TT 2x96   - WG 16x4   - MIBlockM:  1 - totalGranularity:  0.08333 TilesPerCU:  0.09375, TotalTiles:       24
# - MatrixInstruction: [16, 16, 32, 1, 1, 3, 4, 1, 1] # size [256, 256, 1, 680960] MT 48x64   - TT 3x64   - WG 16x4   - MIBlockM:  1 - totalGranularity:  0.08333 TilesPerCU:  0.09375, TotalTiles:       24
# - MatrixInstruction: [16, 16, 32, 1, 1, 4, 3, 1, 1] # size [256, 256, 1, 680960] MT 64x48   - TT 4x48   - WG 16x4   - MIBlockM:  1 - totalGranularity:  0.08333 TilesPerCU:  0.09375, TotalTiles:       24
# - MatrixInstruction: [32, 32, 16, 1, 1, 3, 1, 1, 2] # size [256, 256, 1, 680960] MT 96x64   - TT 3x32   - WG 32x4   - MIBlockM:  1 - totalGranularity:  0.08333 TilesPerCU:  0.09375, TotalTiles:       24
#   WorkGroup: [32,4,2]
# - MatrixInstruction: [32, 32, 16, 1, 1, 1, 3, 2, 1] # size [256, 256, 1, 680960] MT 64x96   - TT 1x96   - WG 64x2   - MIBlockM:  1 - totalGranularity:  0.08333 TilesPerCU:  0.09375, TotalTiles:       24
#   WorkGroup: [64,2,2]
# - MatrixInstruction: [32, 32, 16, 1, 1, 1, 3, 1, 1] # size [256, 256, 1, 680960] MT 32x96   - TT 1x96   - WG 32x2   - MIBlockM:  1 - totalGranularity:  0.08333 TilesPerCU:  0.09375, TotalTiles:       24
# - MatrixInstruction: [16, 16, 32, 1, 1, 7, 1, 1, 2] # size [256, 256, 1, 680960] MT 112x32  - TT 7x16   - WG 16x8   - MIBlockM:  1 - totalGranularity:  0.07143 TilesPerCU:  0.09375, TotalTiles:       24
# - MatrixInstruction: [16, 16, 32, 1, 1, 7, 2, 1, 2] # size [256, 256, 1, 680960] MT 112x64  - TT 7x32   - WG 16x8   - MIBlockM:  1 - totalGranularity:  0.07143 TilesPerCU:  0.09375, TotalTiles:       24
#   WorkGroup: [16,8,2]
# - MatrixInstruction: [16, 16, 32, 1, 1, 1, 7, 2, 1] # size [256, 256, 1, 680960] MT 32x112  - TT 1x112  - WG 32x4   - MIBlockM:  1 - totalGranularity:  0.07143 TilesPerCU:  0.09375, TotalTiles:       24
# - MatrixInstruction: [16, 16, 32, 1, 1, 2, 7, 2, 1] # size [256, 256, 1, 680960] MT 64x112  - TT 2x112  - WG 32x4   - MIBlockM:  1 - totalGranularity:  0.07143 TilesPerCU:  0.09375, TotalTiles:       24
#   WorkGroup: [32,4,2]
# - MatrixInstruction: [16, 16, 32, 1, 1, 2, 7, 1, 1] # size [256, 256, 1, 680960] MT 32x112  - TT 2x112  - WG 16x4   - MIBlockM:  1 - totalGranularity:  0.07143 TilesPerCU:  0.09375, TotalTiles:       24
# - MatrixInstruction: [16, 16, 32, 1, 1, 3, 5, 1, 2] # size [256, 256, 1, 680960] MT 48x160  - TT 3x80   - WG 16x8   - MIBlockM:  1 - totalGranularity:  0.06667 TilesPerCU:  0.09375, TotalTiles:       24
#   WorkGroup: [16,8,2]
# - MatrixInstruction: [16, 16, 32, 1, 1, 5, 3, 1, 2] # size [256, 256, 1, 680960] MT 80x96   - TT 5x48   - WG 16x8   - MIBlockM:  1 - totalGranularity:  0.06667 TilesPerCU:  0.09375, TotalTiles:       24
#   WorkGroup: [16,8,2]
# - MatrixInstruction: [16, 16, 32, 1, 1, 3, 5, 2, 1] # size [256, 256, 1, 680960] MT 96x80   - TT 3x80   - WG 32x4   - MIBlockM:  1 - totalGranularity:  0.06667 TilesPerCU:  0.09375, TotalTiles:       24
#   WorkGroup: [32,4,2]
# - MatrixInstruction: [16, 16, 32, 1, 1, 5, 3, 2, 1] # size [256, 256, 1, 680960] MT 160x48  - TT 5x48   - WG 32x4   - MIBlockM:  1 - totalGranularity:  0.06667 TilesPerCU:  0.09375, TotalTiles:       24
#   WorkGroup: [32,4,2]
# - MatrixInstruction: [16, 16, 32, 1, 1, 3, 5, 1, 1] # size [256, 256, 1, 680960] MT 48x80   - TT 3x80   - WG 16x4   - MIBlockM:  1 - totalGranularity:  0.06667 TilesPerCU:  0.09375, TotalTiles:       24
# - MatrixInstruction: [16, 16, 32, 1, 1, 5, 3, 1, 1] # size [256, 256, 1, 680960] MT 80x48   - TT 5x48   - WG 16x4   - MIBlockM:  1 - totalGranularity:  0.05000 TilesPerCU:  0.09375, TotalTiles:       24
# - MatrixInstruction: [16, 16, 32, 1, 1, 6, 2, 1, 1] # size [256, 256, 1, 680960] MT 96x32   - TT 6x32   - WG 16x4   - MIBlockM:  1 - totalGranularity:  0.04167 TilesPerCU:  0.09375, TotalTiles:       24
# - MatrixInstruction: [32, 32, 16, 1, 1, 3, 1, 1, 1] # size [256, 256, 1, 680960] MT 96x32   - TT 3x32   - WG 32x2   - MIBlockM:  1 - totalGranularity:  0.04167 TilesPerCU:  0.09375, TotalTiles:       24
# - MatrixInstruction: [16, 16, 32, 1, 1, 7, 2, 1, 1] # size [256, 256, 1, 680960] MT 112x32  - TT 7x32   - WG 16x4   - MIBlockM:  1 - totalGranularity:  0.03571 TilesPerCU:  0.09375, TotalTiles:       24
# - MatrixInstruction: [16, 16, 32, 1, 1, 3, 3, 1, 2] # size [256, 256, 1, 680960] MT 48x96   - TT 3x48   - WG 16x8   - MIBlockM:  1 - totalGranularity:  0.05556 TilesPerCU:  0.07031, TotalTiles:       18
# - MatrixInstruction: [16, 16, 32, 1, 1, 3, 3, 2, 1] # size [256, 256, 1, 680960] MT 96x48   - TT 3x48   - WG 32x4   - MIBlockM:  1 - totalGranularity:  0.05556 TilesPerCU:  0.07031, TotalTiles:       18
# - MatrixInstruction: [16, 16, 32, 1, 1, 1, 4, 4, 1] # size [256, 256, 1, 680960] MT 64x64   - TT 1x64   - WG 64x4   - MIBlockM:  1 - totalGranularity:  0.06250 TilesPerCU:  0.06250, TotalTiles:       16
# - MatrixInstruction: [16, 16, 32, 1, 1, 2, 2, 4, 1] # size [256, 256, 1, 680960] MT 128x32  - TT 2x32   - WG 64x4   - MIBlockM:  1 - totalGranularity:  0.06250 TilesPerCU:  0.06250, TotalTiles:       16
# - MatrixInstruction: [16, 16, 32, 1, 1, 4, 1, 4, 1] # size [256, 256, 1, 680960] MT 256x16  - TT 4x16   - WG 64x4   - MIBlockM:  1 - totalGranularity:  0.06250 TilesPerCU:  0.06250, TotalTiles:       16
# - MatrixInstruction: [16, 16, 32, 1, 1, 1, 4, 2, 2] # size [256, 256, 1, 680960] MT 32x128  - TT 1x64   - WG 32x8   - MIBlockM:  1 - totalGranularity:  0.06250 TilesPerCU:  0.06250, TotalTiles:       16
# - MatrixInstruction: [16, 16, 32, 1, 1, 2, 2, 2, 2] # size [256, 256, 1, 680960] MT 64x64   - TT 2x32   - WG 32x8   - MIBlockM:  1 - totalGranularity:  0.06250 TilesPerCU:  0.06250, TotalTiles:       16
# - MatrixInstruction: [16, 16, 32, 1, 1, 4, 1, 2, 2] # size [256, 256, 1, 680960] MT 128x32  - TT 4x16   - WG 32x8   - MIBlockM:  1 - totalGranularity:  0.06250 TilesPerCU:  0.06250, TotalTiles:       16
# - MatrixInstruction: [16, 16, 32, 1, 1, 1, 4, 1, 4] # size [256, 256, 1, 680960] MT 16x256  - TT 1x64   - WG 16x16  - MIBlockM:  1 - totalGranularity:  0.06250 TilesPerCU:  0.06250, TotalTiles:       16
# - MatrixInstruction: [16, 16, 32, 1, 1, 2, 2, 1, 4] # size [256, 256, 1, 680960] MT 32x128  - TT 2x32   - WG 16x16  - MIBlockM:  1 - totalGranularity:  0.06250 TilesPerCU:  0.06250, TotalTiles:       16
# - MatrixInstruction: [16, 16, 32, 1, 1, 4, 1, 1, 4] # size [256, 256, 1, 680960] MT 64x64   - TT 4x16   - WG 16x16  - MIBlockM:  1 - totalGranularity:  0.06250 TilesPerCU:  0.06250, TotalTiles:       16
# - MatrixInstruction: [16, 16, 32, 1, 1, 1, 8, 1, 2] # size [256, 256, 1, 680960] MT 16x256  - TT 1x128  - WG 16x8   - MIBlockM:  1 - totalGranularity:  0.06250 TilesPerCU:  0.06250, TotalTiles:       16
# - MatrixInstruction: [16, 16, 32, 1, 1, 2, 4, 1, 2] # size [256, 256, 1, 680960] MT 32x128  - TT 2x64   - WG 16x8   - MIBlockM:  1 - totalGranularity:  0.06250 TilesPerCU:  0.06250, TotalTiles:       16
# - MatrixInstruction: [16, 16, 32, 1, 1, 2, 8, 1, 2] # size [256, 256, 1, 680960] MT 32x256  - TT 2x128  - WG 16x8   - MIBlockM:  1 - totalGranularity:  0.06250 TilesPerCU:  0.06250, TotalTiles:       16
#   WorkGroup: [16,8,2]
# - MatrixInstruction: [16, 16, 32, 1, 1, 4, 2, 1, 2] # size [256, 256, 1, 680960] MT 64x64   - TT 4x32   - WG 16x8   - MIBlockM:  1 - totalGranularity:  0.06250 TilesPerCU:  0.06250, TotalTiles:       16
# - MatrixInstruction: [16, 16, 32, 1, 1, 4, 4, 1, 2] # size [256, 256, 1, 680960] MT 64x128  - TT 4x64   - WG 16x8   - MIBlockM:  1 - totalGranularity:  0.06250 TilesPerCU:  0.06250, TotalTiles:       16
#   WorkGroup: [16,8,2]
# - MatrixInstruction: [16, 16, 32, 1, 1, 8, 1, 1, 2] # size [256, 256, 1, 680960] MT 128x32  - TT 8x16   - WG 16x8   - MIBlockM:  1 - totalGranularity:  0.06250 TilesPerCU:  0.06250, TotalTiles:       16
# - MatrixInstruction: [16, 16, 32, 1, 1, 8, 2, 1, 2] # size [256, 256, 1, 680960] MT 128x64  - TT 8x32   - WG 16x8   - MIBlockM:  1 - totalGranularity:  0.06250 TilesPerCU:  0.06250, TotalTiles:       16
#   WorkGroup: [16,8,2]
# - MatrixInstruction: [16, 16, 32, 1, 1, 16, 1, 1, 2] # size [256, 256, 1, 680960] MT 256x32  - TT 16x16  - WG 16x8   - MIBlockM:  1 - totalGranularity:  0.06250 TilesPerCU:  0.06250, TotalTiles:       16
#   WorkGroup: [16,8,2]
# - MatrixInstruction: [16, 16, 32, 1, 1, 1, 8, 2, 1] # size [256, 256, 1, 680960] MT 32x128  - TT 1x128  - WG 32x4   - MIBlockM:  1 - totalGranularity:  0.06250 TilesPerCU:  0.06250, TotalTiles:       16
# - MatrixInstruction: [16, 16, 32, 1, 1, 1, 16, 2, 1] # size [256, 256, 1, 680960] MT 32x256  - TT 1x256  - WG 32x4   - MIBlockM:  1 - totalGranularity:  0.06250 TilesPerCU:  0.06250, TotalTiles:       16
#   WorkGroup: [32,4,2]
# - MatrixInstruction: [16, 16, 32, 1, 1, 2, 4, 2, 1] # size [256, 256, 1, 680960] MT 64x64   - TT 2x64   - WG 32x4   - MIBlockM:  1 - totalGranularity:  0.06250 TilesPerCU:  0.06250, TotalTiles:       16
# - MatrixInstruction: [16, 16, 32, 1, 1, 2, 8, 2, 1] # size [256, 256, 1, 680960] MT 64x128  - TT 2x128  - WG 32x4   - MIBlockM:  1 - totalGranularity:  0.06250 TilesPerCU:  0.06250, TotalTiles:       16
#   WorkGroup: [32,4,2]
# - MatrixInstruction: [16, 16, 32, 1, 1, 4, 2, 2, 1] # size [256, 256, 1, 680960] MT 128x32  - TT 4x32   - WG 32x4   - MIBlockM:  1 - totalGranularity:  0.06250 TilesPerCU:  0.06250, TotalTiles:       16
# - MatrixInstruction: [16, 16, 32, 1, 1, 4, 4, 2, 1] # size [256, 256, 1, 680960] MT 128x64  - TT 4x64   - WG 32x4   - MIBlockM:  1 - totalGranularity:  0.06250 TilesPerCU:  0.06250, TotalTiles:       16
#   WorkGroup: [32,4,2]
# - MatrixInstruction: [16, 16, 32, 1, 1, 8, 2, 2, 1] # size [256, 256, 1, 680960] MT 256x32  - TT 8x32   - WG 32x4   - MIBlockM:  1 - totalGranularity:  0.06250 TilesPerCU:  0.06250, TotalTiles:       16
#   WorkGroup: [32,4,2]
# - MatrixInstruction: [16, 16, 32, 1, 1, 1, 16, 1, 1] # size [256, 256, 1, 680960] MT 16x256  - TT 1x256  - WG 16x4   - MIBlockM:  1 - totalGranularity:  0.06250 TilesPerCU:  0.06250, TotalTiles:       16
# - MatrixInstruction: [16, 16, 32, 1, 1, 2, 8, 1, 1] # size [256, 256, 1, 680960] MT 32x128  - TT 2x128  - WG 16x4   - MIBlockM:  1 - totalGranularity:  0.06250 TilesPerCU:  0.06250, TotalTiles:       16
# - MatrixInstruction: [16, 16, 32, 1, 1, 4, 4, 1, 1] # size [256, 256, 1, 680960] MT 64x64   - TT 4x64   - WG 16x4   - MIBlockM:  1 - totalGranularity:  0.06250 TilesPerCU:  0.06250, TotalTiles:       16
# - MatrixInstruction: [32, 32, 16, 1, 1, 1, 1, 4, 1] # size [256, 256, 1, 680960] MT 128x32  - TT 1x32   - WG 128x2  - MIBlockM:  1 - totalGranularity:  0.06250 TilesPerCU:  0.06250, TotalTiles:       16
# - MatrixInstruction: [32, 32, 16, 1, 1, 1, 1, 2, 2] # size [256, 256, 1, 680960] MT 64x64   - TT 1x32   - WG 64x4   - MIBlockM:  1 - totalGranularity:  0.06250 TilesPerCU:  0.06250, TotalTiles:       16
# - MatrixInstruction: [32, 32, 16, 1, 1, 1, 1, 1, 4] # size [256, 256, 1, 680960] MT 32x128  - TT 1x32   - WG 32x8   - MIBlockM:  1 - totalGranularity:  0.06250 TilesPerCU:  0.06250, TotalTiles:       16
# - MatrixInstruction: [32, 32, 16, 1, 1, 1, 2, 1, 2] # size [256, 256, 1, 680960] MT 32x128  - TT 1x64   - WG 32x4   - MIBlockM:  1 - totalGranularity:  0.06250 TilesPerCU:  0.06250, TotalTiles:       16
# - MatrixInstruction: [32, 32, 16, 1, 1, 1, 4, 1, 2] # size [256, 256, 1, 680960] MT 32x256  - TT 1x128  - WG 32x4   - MIBlockM:  1 - totalGranularity:  0.06250 TilesPerCU:  0.06250, TotalTiles:       16
#   WorkGroup: [32,4,2]
# - MatrixInstruction: [32, 32, 16, 1, 1, 2, 1, 1, 2] # size [256, 256, 1, 680960] MT 64x64   - TT 2x32   - WG 32x4   - MIBlockM:  1 - totalGranularity:  0.06250 TilesPerCU:  0.06250, TotalTiles:       16
# - MatrixInstruction: [32, 32, 16, 1, 1, 2, 2, 1, 2] # size [256, 256, 1, 680960] MT 64x128  - TT 2x64   - WG 32x4   - MIBlockM:  1 - totalGranularity:  0.06250 TilesPerCU:  0.06250, TotalTiles:       16
#   WorkGroup: [32,4,2]
# - MatrixInstruction: [32, 32, 16, 1, 1, 4, 1, 1, 2] # size [256, 256, 1, 680960] MT 128x64  - TT 4x32   - WG 32x4   - MIBlockM:  1 - totalGranularity:  0.06250 TilesPerCU:  0.06250, TotalTiles:       16
#   WorkGroup: [32,4,2]
# - MatrixInstruction: [32, 32, 16, 1, 1, 1, 2, 2, 1] # size [256, 256, 1, 680960] MT 64x64   - TT 1x64   - WG 64x2   - MIBlockM:  1 - totalGranularity:  0.06250 TilesPerCU:  0.06250, TotalTiles:       16
# - MatrixInstruction: [32, 32, 16, 1, 1, 1, 4, 2, 1] # size [256, 256, 1, 680960] MT 64x128  - TT 1x128  - WG 64x2   - MIBlockM:  1 - totalGranularity:  0.06250 TilesPerCU:  0.06250, TotalTiles:       16
#   WorkGroup: [64,2,2]
# - MatrixInstruction: [32, 32, 16, 1, 1, 2, 1, 2, 1] # size [256, 256, 1, 680960] MT 128x32  - TT 2x32   - WG 64x2   - MIBlockM:  1 - totalGranularity:  0.06250 TilesPerCU:  0.06250, TotalTiles:       16
# - MatrixInstruction: [32, 32, 16, 1, 1, 2, 2, 2, 1] # size [256, 256, 1, 680960] MT 128x64  - TT 2x64   - WG 64x2   - MIBlockM:  1 - totalGranularity:  0.06250 TilesPerCU:  0.06250, TotalTiles:       16
#   WorkGroup: [64,2,2]
# - MatrixInstruction: [32, 32, 16, 1, 1, 4, 1, 2, 1] # size [256, 256, 1, 680960] MT 256x32  - TT 4x32   - WG 64x2   - MIBlockM:  1 - totalGranularity:  0.06250 TilesPerCU:  0.06250, TotalTiles:       16
#   WorkGroup: [64,2,2]
# - MatrixInstruction: [32, 32, 16, 1, 1, 1, 4, 1, 1] # size [256, 256, 1, 680960] MT 32x128  - TT 1x128  - WG 32x2   - MIBlockM:  1 - totalGranularity:  0.06250 TilesPerCU:  0.06250, TotalTiles:       16
# - MatrixInstruction: [32, 32, 16, 1, 1, 2, 2, 1, 1] # size [256, 256, 1, 680960] MT 64x64   - TT 2x64   - WG 32x2   - MIBlockM:  1 - totalGranularity:  0.06250 TilesPerCU:  0.06250, TotalTiles:       16
# - MatrixInstruction: [16, 16, 32, 1, 1, 1, 9, 1, 2] # size [256, 256, 1, 680960] MT 16x288  - TT 1x144  - WG 16x8   - MIBlockM:  1 - totalGranularity:  0.05556 TilesPerCU:  0.06250, TotalTiles:       16
# - MatrixInstruction: [16, 16, 32, 1, 1, 1, 9, 2, 1] # size [256, 256, 1, 680960] MT 32x144  - TT 1x144  - WG 32x4   - MIBlockM:  1 - totalGranularity:  0.05556 TilesPerCU:  0.06250, TotalTiles:       16
# - MatrixInstruction: [16, 16, 32, 1, 1, 1, 5, 4, 1] # size [256, 256, 1, 680960] MT 64x80   - TT 1x80   - WG 64x4   - MIBlockM:  1 - totalGranularity:  0.05000 TilesPerCU:  0.06250, TotalTiles:       16
# - MatrixInstruction: [16, 16, 32, 1, 1, 1, 5, 2, 2] # size [256, 256, 1, 680960] MT 32x160  - TT 1x80   - WG 32x8   - MIBlockM:  1 - totalGranularity:  0.05000 TilesPerCU:  0.06250, TotalTiles:       16
# - MatrixInstruction: [16, 16, 32, 1, 1, 5, 1, 2, 2] # size [256, 256, 1, 680960] MT 160x32  - TT 5x16   - WG 32x8   - MIBlockM:  1 - totalGranularity:  0.05000 TilesPerCU:  0.06250, TotalTiles:       16
# - MatrixInstruction: [16, 16, 32, 1, 1, 1, 5, 1, 4] # size [256, 256, 1, 680960] MT 16x320  - TT 1x80   - WG 16x16  - MIBlockM:  1 - totalGranularity:  0.05000 TilesPerCU:  0.06250, TotalTiles:       16
# - MatrixInstruction: [16, 16, 32, 1, 1, 5, 1, 1, 4] # size [256, 256, 1, 680960] MT 80x64   - TT 5x16   - WG 16x16  - MIBlockM:  1 - totalGranularity:  0.05000 TilesPerCU:  0.06250, TotalTiles:       16
# - MatrixInstruction: [16, 16, 32, 1, 1, 1, 10, 1, 2] # size [256, 256, 1, 680960] MT 16x320  - TT 1x160  - WG 16x8   - MIBlockM:  1 - totalGranularity:  0.05000 TilesPerCU:  0.06250, TotalTiles:       16
# - MatrixInstruction: [16, 16, 32, 1, 1, 2, 5, 1, 2] # size [256, 256, 1, 680960] MT 32x160  - TT 2x80   - WG 16x8   - MIBlockM:  1 - totalGranularity:  0.05000 TilesPerCU:  0.06250, TotalTiles:       16
# - MatrixInstruction: [16, 16, 32, 1, 1, 5, 2, 1, 2] # size [256, 256, 1, 680960] MT 80x64   - TT 5x32   - WG 16x8   - MIBlockM:  1 - totalGranularity:  0.05000 TilesPerCU:  0.06250, TotalTiles:       16
# - MatrixInstruction: [16, 16, 32, 1, 1, 1, 10, 2, 1] # size [256, 256, 1, 680960] MT 32x160  - TT 1x160  - WG 32x4   - MIBlockM:  1 - totalGranularity:  0.05000 TilesPerCU:  0.06250, TotalTiles:       16
# - MatrixInstruction: [16, 16, 32, 1, 1, 2, 5, 2, 1] # size [256, 256, 1, 680960] MT 64x80   - TT 2x80   - WG 32x4   - MIBlockM:  1 - totalGranularity:  0.05000 TilesPerCU:  0.06250, TotalTiles:       16
# - MatrixInstruction: [16, 16, 32, 1, 1, 1, 11, 1, 2] # size [256, 256, 1, 680960] MT 16x352  - TT 1x176  - WG 16x8   - MIBlockM:  1 - totalGranularity:  0.04545 TilesPerCU:  0.06250, TotalTiles:       16
# - MatrixInstruction: [16, 16, 32, 1, 1, 1, 11, 2, 1] # size [256, 256, 1, 680960] MT 32x176  - TT 1x176  - WG 32x4   - MIBlockM:  1 - totalGranularity:  0.04545 TilesPerCU:  0.06250, TotalTiles:       16
# - MatrixInstruction: [16, 16, 32, 1, 1, 3, 2, 4, 1] # size [256, 256, 1, 680960] MT 192x32  - TT 3x32   - WG 64x4   - MIBlockM:  1 - totalGranularity:  0.04167 TilesPerCU:  0.06250, TotalTiles:       16
# - MatrixInstruction: [16, 16, 32, 1, 1, 1, 6, 2, 2] # size [256, 256, 1, 680960] MT 32x192  - TT 1x96   - WG 32x8   - MIBlockM:  1 - totalGranularity:  0.04167 TilesPerCU:  0.06250, TotalTiles:       16
# - MatrixInstruction: [16, 16, 32, 1, 1, 6, 1, 2, 2] # size [256, 256, 1, 680960] MT 192x32  - TT 6x16   - WG 32x8   - MIBlockM:  1 - totalGranularity:  0.04167 TilesPerCU:  0.06250, TotalTiles:       16
# - MatrixInstruction: [16, 16, 32, 1, 1, 1, 6, 1, 4] # size [256, 256, 1, 680960] MT 16x384  - TT 1x96   - WG 16x16  - MIBlockM:  1 - totalGranularity:  0.04167 TilesPerCU:  0.06250, TotalTiles:       16
# - MatrixInstruction: [16, 16, 32, 1, 1, 2, 3, 1, 4] # size [256, 256, 1, 680960] MT 32x192  - TT 2x48   - WG 16x16  - MIBlockM:  1 - totalGranularity:  0.04167 TilesPerCU:  0.06250, TotalTiles:       16
# - MatrixInstruction: [16, 16, 32, 1, 1, 1, 12, 1, 2] # size [256, 256, 1, 680960] MT 16x384  - TT 1x192  - WG 16x8   - MIBlockM:  1 - totalGranularity:  0.04167 TilesPerCU:  0.06250, TotalTiles:       16
# - MatrixInstruction: [16, 16, 32, 1, 1, 2, 6, 1, 2] # size [256, 256, 1, 680960] MT 32x192  - TT 2x96   - WG 16x8   - MIBlockM:  1 - totalGranularity:  0.04167 TilesPerCU:  0.06250, TotalTiles:       16
# - MatrixInstruction: [16, 16, 32, 1, 1, 1, 12, 2, 1] # size [256, 256, 1, 680960] MT 32x192  - TT 1x192  - WG 32x4   - MIBlockM:  1 - totalGranularity:  0.04167 TilesPerCU:  0.06250, TotalTiles:       16
# - MatrixInstruction: [32, 32, 16, 1, 1, 1, 3, 1, 2] # size [256, 256, 1, 680960] MT 32x192  - TT 1x96   - WG 32x4   - MIBlockM:  1 - totalGranularity:  0.04167 TilesPerCU:  0.06250, TotalTiles:       16
# - MatrixInstruction: [16, 16, 32, 1, 1, 1, 13, 1, 2] # size [256, 256, 1, 680960] MT 16x416  - TT 1x208  - WG 16x8   - MIBlockM:  1 - totalGranularity:  0.03846 TilesPerCU:  0.06250, TotalTiles:       16
# - MatrixInstruction: [16, 16, 32, 1, 1, 1, 13, 2, 1] # size [256, 256, 1, 680960] MT 32x208  - TT 1x208  - WG 32x4   - MIBlockM:  1 - totalGranularity:  0.03846 TilesPerCU:  0.06250, TotalTiles:       16
# - MatrixInstruction: [16, 16, 32, 1, 1, 1, 7, 2, 2] # size [256, 256, 1, 680960] MT 32x224  - TT 1x112  - WG 32x8   - MIBlockM:  1 - totalGranularity:  0.03571 TilesPerCU:  0.06250, TotalTiles:       16
# - MatrixInstruction: [16, 16, 32, 1, 1, 7, 1, 2, 2] # size [256, 256, 1, 680960] MT 224x32  - TT 7x16   - WG 32x8   - MIBlockM:  1 - totalGranularity:  0.03571 TilesPerCU:  0.06250, TotalTiles:       16
# - MatrixInstruction: [16, 16, 32, 1, 1, 1, 7, 1, 4] # size [256, 256, 1, 680960] MT 16x448  - TT 1x112  - WG 16x16  - MIBlockM:  1 - totalGranularity:  0.03571 TilesPerCU:  0.06250, TotalTiles:       16
# - MatrixInstruction: [16, 16, 32, 1, 1, 1, 14, 1, 2] # size [256, 256, 1, 680960] MT 16x448  - TT 1x224  - WG 16x8   - MIBlockM:  1 - totalGranularity:  0.03571 TilesPerCU:  0.06250, TotalTiles:       16
# - MatrixInstruction: [16, 16, 32, 1, 1, 2, 7, 1, 2] # size [256, 256, 1, 680960] MT 32x224  - TT 2x112  - WG 16x8   - MIBlockM:  1 - totalGranularity:  0.03571 TilesPerCU:  0.06250, TotalTiles:       16
# - MatrixInstruction: [16, 16, 32, 1, 1, 1, 14, 2, 1] # size [256, 256, 1, 680960] MT 32x224  - TT 1x224  - WG 32x4   - MIBlockM:  1 - totalGranularity:  0.03571 TilesPerCU:  0.06250, TotalTiles:       16
# - MatrixInstruction: [16, 16, 32, 1, 1, 1, 15, 1, 2] # size [256, 256, 1, 680960] MT 16x480  - TT 1x240  - WG 16x8   - MIBlockM:  1 - totalGranularity:  0.03333 TilesPerCU:  0.06250, TotalTiles:       16
# - MatrixInstruction: [16, 16, 32, 1, 1, 1, 15, 2, 1] # size [256, 256, 1, 680960] MT 32x240  - TT 1x240  - WG 32x4   - MIBlockM:  1 - totalGranularity:  0.03333 TilesPerCU:  0.06250, TotalTiles:       16
# - MatrixInstruction: [16, 16, 32, 1, 1, 1, 8, 1, 4] # size [256, 256, 1, 680960] MT 16x512  - TT 1x128  - WG 16x16  - MIBlockM:  1 - totalGranularity:  0.03125 TilesPerCU:  0.06250, TotalTiles:       16
# - MatrixInstruction: [16, 16, 32, 1, 1, 1, 16, 1, 2] # size [256, 256, 1, 680960] MT 16x512  - TT 1x256  - WG 16x8   - MIBlockM:  1 - totalGranularity:  0.03125 TilesPerCU:  0.06250, TotalTiles:       16
# - MatrixInstruction: [16, 16, 32, 1, 1, 8, 1, 2, 1] # size [256, 256, 1, 680960] MT 256x16  - TT 8x16   - WG 32x4   - MIBlockM:  1 - totalGranularity:  0.03125 TilesPerCU:  0.06250, TotalTiles:       16
# - MatrixInstruction: [16, 16, 32, 1, 1, 8, 2, 1, 1] # size [256, 256, 1, 680960] MT 128x32  - TT 8x32   - WG 16x4   - MIBlockM:  1 - totalGranularity:  0.03125 TilesPerCU:  0.06250, TotalTiles:       16
# - MatrixInstruction: [32, 32, 16, 1, 1, 4, 1, 1, 1] # size [256, 256, 1, 680960] MT 128x32  - TT 4x32   - WG 32x2   - MIBlockM:  1 - totalGranularity:  0.03125 TilesPerCU:  0.06250, TotalTiles:       16
# - MatrixInstruction: [16, 16, 32, 1, 1, 9, 1, 1, 2] # size [256, 256, 1, 680960] MT 144x32  - TT 9x16   - WG 16x8   - MIBlockM:  1 - totalGranularity:  0.02778 TilesPerCU:  0.06250, TotalTiles:       16
# - MatrixInstruction: [16, 16, 32, 1, 1, 10, 1, 1, 2] # size [256, 256, 1, 680960] MT 160x32  - TT 10x16  - WG 16x8   - MIBlockM:  1 - totalGranularity:  0.02500 TilesPerCU:  0.06250, TotalTiles:       16
# - MatrixInstruction: [16, 16, 32, 1, 1, 5, 2, 2, 1] # size [256, 256, 1, 680960] MT 160x32  - TT 5x32   - WG 32x4   - MIBlockM:  1 - totalGranularity:  0.02500 TilesPerCU:  0.06250, TotalTiles:       16
# - MatrixInstruction: [16, 16, 32, 1, 1, 11, 1, 1, 2] # size [256, 256, 1, 680960] MT 176x32  - TT 11x16  - WG 16x8   - MIBlockM:  1 - totalGranularity:  0.02273 TilesPerCU:  0.06250, TotalTiles:       16
# - MatrixInstruction: [16, 16, 32, 1, 1, 12, 1, 1, 2] # size [256, 256, 1, 680960] MT 192x32  - TT 12x16  - WG 16x8   - MIBlockM:  1 - totalGranularity:  0.02083 TilesPerCU:  0.06250, TotalTiles:       16
# - MatrixInstruction: [16, 16, 32, 1, 1, 6, 2, 2, 1] # size [256, 256, 1, 680960] MT 192x32  - TT 6x32   - WG 32x4   - MIBlockM:  1 - totalGranularity:  0.02083 TilesPerCU:  0.06250, TotalTiles:       16
# - MatrixInstruction: [32, 32, 16, 1, 1, 3, 1, 2, 1] # size [256, 256, 1, 680960] MT 192x32  - TT 3x32   - WG 64x2   - MIBlockM:  1 - totalGranularity:  0.02083 TilesPerCU:  0.06250, TotalTiles:       16
# - MatrixInstruction: [16, 16, 32, 1, 1, 13, 1, 1, 2] # size [256, 256, 1, 680960] MT 208x32  - TT 13x16  - WG 16x8   - MIBlockM:  1 - totalGranularity:  0.01923 TilesPerCU:  0.06250, TotalTiles:       16
# - MatrixInstruction: [16, 16, 32, 1, 1, 14, 1, 1, 2] # size [256, 256, 1, 680960] MT 224x32  - TT 14x16  - WG 16x8   - MIBlockM:  1 - totalGranularity:  0.01786 TilesPerCU:  0.06250, TotalTiles:       16
# - MatrixInstruction: [16, 16, 32, 1, 1, 7, 2, 2, 1] # size [256, 256, 1, 680960] MT 224x32  - TT 7x32   - WG 32x4   - MIBlockM:  1 - totalGranularity:  0.01786 TilesPerCU:  0.06250, TotalTiles:       16
# - MatrixInstruction: [16, 16, 32, 1, 1, 15, 1, 1, 2] # size [256, 256, 1, 680960] MT 240x32  - TT 15x16  - WG 16x8   - MIBlockM:  1 - totalGranularity:  0.01667 TilesPerCU:  0.06250, TotalTiles:       16
# - MatrixInstruction: [16, 16, 32, 1, 1, 16, 1, 1, 1] # size [256, 256, 1, 680960] MT 256x16  - TT 16x16  - WG 16x4   - MIBlockM:  1 - totalGranularity:  0.01562 TilesPerCU:  0.06250, TotalTiles:       16
# - MatrixInstruction: [16, 16, 32, 1, 1, 5, 1, 4, 1] # size [256, 256, 1, 680960] MT 320x16  - TT 5x16   - WG 64x4   - MIBlockM:  1 - totalGranularity:  0.00000 TilesPerCU:  0.06250, TotalTiles:       16
# - MatrixInstruction: [16, 16, 32, 1, 1, 6, 1, 4, 1] # size [256, 256, 1, 680960] MT 384x16  - TT 6x16   - WG 64x4   - MIBlockM:  1 - totalGranularity:  0.00000 TilesPerCU:  0.06250, TotalTiles:       16
# - MatrixInstruction: [16, 16, 32, 1, 1, 7, 1, 4, 1] # size [256, 256, 1, 680960] MT 448x16  - TT 7x16   - WG 64x4   - MIBlockM:  1 - totalGranularity:  0.00000 TilesPerCU:  0.06250, TotalTiles:       16
# - MatrixInstruction: [16, 16, 32, 1, 1, 8, 1, 4, 1] # size [256, 256, 1, 680960] MT 512x16  - TT 8x16   - WG 64x4   - MIBlockM:  1 - totalGranularity:  0.00000 TilesPerCU:  0.06250, TotalTiles:       16
# - MatrixInstruction: [16, 16, 32, 1, 1, 9, 1, 2, 1] # size [256, 256, 1, 680960] MT 288x16  - TT 9x16   - WG 32x4   - MIBlockM:  1 - totalGranularity:  0.00000 TilesPerCU:  0.06250, TotalTiles:       16
# - MatrixInstruction: [16, 16, 32, 1, 1, 10, 1, 2, 1] # size [256, 256, 1, 680960] MT 320x16  - TT 10x16  - WG 32x4   - MIBlockM:  1 - totalGranularity:  0.00000 TilesPerCU:  0.06250, TotalTiles:       16
# - MatrixInstruction: [16, 16, 32, 1, 1, 11, 1, 2, 1] # size [256, 256, 1, 680960] MT 352x16  - TT 11x16  - WG 32x4   - MIBlockM:  1 - totalGranularity:  0.00000 TilesPerCU:  0.06250, TotalTiles:       16
# - MatrixInstruction: [16, 16, 32, 1, 1, 12, 1, 2, 1] # size [256, 256, 1, 680960] MT 384x16  - TT 12x16  - WG 32x4   - MIBlockM:  1 - totalGranularity:  0.00000 TilesPerCU:  0.06250, TotalTiles:       16
# - MatrixInstruction: [16, 16, 32, 1, 1, 13, 1, 2, 1] # size [256, 256, 1, 680960] MT 416x16  - TT 13x16  - WG 32x4   - MIBlockM:  1 - totalGranularity:  0.00000 TilesPerCU:  0.06250, TotalTiles:       16
# - MatrixInstruction: [16, 16, 32, 1, 1, 14, 1, 2, 1] # size [256, 256, 1, 680960] MT 448x16  - TT 14x16  - WG 32x4   - MIBlockM:  1 - totalGranularity:  0.00000 TilesPerCU:  0.06250, TotalTiles:       16
# - MatrixInstruction: [16, 16, 32, 1, 1, 15, 1, 2, 1] # size [256, 256, 1, 680960] MT 480x16  - TT 15x16  - WG 32x4   - MIBlockM:  1 - totalGranularity:  0.00000 TilesPerCU:  0.06250, TotalTiles:       16
# - MatrixInstruction: [16, 16, 32, 1, 1, 16, 1, 2, 1] # size [256, 256, 1, 680960] MT 512x16  - TT 16x16  - WG 32x4   - MIBlockM:  1 - totalGranularity:  0.00000 TilesPerCU:  0.06250, TotalTiles:       16
# - MatrixInstruction: [16, 16, 32, 1, 1, 1, 6, 4, 1] # size [256, 256, 1, 680960] MT 64x96   - TT 1x96   - WG 64x4   - MIBlockM:  1 - totalGranularity:  0.04167 TilesPerCU:  0.04688, TotalTiles:       12
# - MatrixInstruction: [16, 16, 32, 1, 1, 2, 3, 4, 1] # size [256, 256, 1, 680960] MT 128x48  - TT 2x48   - WG 64x4   - MIBlockM:  1 - totalGranularity:  0.04167 TilesPerCU:  0.04688, TotalTiles:       12
# - MatrixInstruction: [16, 16, 32, 1, 1, 2, 3, 2, 2] # size [256, 256, 1, 680960] MT 64x96   - TT 2x48   - WG 32x8   - MIBlockM:  1 - totalGranularity:  0.04167 TilesPerCU:  0.04688, TotalTiles:       12
# - MatrixInstruction: [16, 16, 32, 1, 1, 3, 2, 2, 2] # size [256, 256, 1, 680960] MT 96x64   - TT 3x32   - WG 32x8   - MIBlockM:  1 - totalGranularity:  0.04167 TilesPerCU:  0.04688, TotalTiles:       12
# - MatrixInstruction: [16, 16, 32, 1, 1, 3, 2, 1, 4] # size [256, 256, 1, 680960] MT 48x128  - TT 3x32   - WG 16x16  - MIBlockM:  1 - totalGranularity:  0.04167 TilesPerCU:  0.04688, TotalTiles:       12
# - MatrixInstruction: [16, 16, 32, 1, 1, 6, 1, 1, 4] # size [256, 256, 1, 680960] MT 96x64   - TT 6x16   - WG 16x16  - MIBlockM:  1 - totalGranularity:  0.04167 TilesPerCU:  0.04688, TotalTiles:       12
# - MatrixInstruction: [16, 16, 32, 1, 1, 3, 4, 1, 2] # size [256, 256, 1, 680960] MT 48x128  - TT 3x64   - WG 16x8   - MIBlockM:  1 - totalGranularity:  0.04167 TilesPerCU:  0.04688, TotalTiles:       12
# - MatrixInstruction: [16, 16, 32, 1, 1, 4, 3, 1, 2] # size [256, 256, 1, 680960] MT 64x96   - TT 4x48   - WG 16x8   - MIBlockM:  1 - totalGranularity:  0.04167 TilesPerCU:  0.04688, TotalTiles:       12
# - MatrixInstruction: [16, 16, 32, 1, 1, 6, 2, 1, 2] # size [256, 256, 1, 680960] MT 96x64   - TT 6x32   - WG 16x8   - MIBlockM:  1 - totalGranularity:  0.04167 TilesPerCU:  0.04688, TotalTiles:       12
# - MatrixInstruction: [16, 16, 32, 1, 1, 2, 6, 2, 1] # size [256, 256, 1, 680960] MT 64x96   - TT 2x96   - WG 32x4   - MIBlockM:  1 - totalGranularity:  0.04167 TilesPerCU:  0.04688, TotalTiles:       12
# - MatrixInstruction: [16, 16, 32, 1, 1, 3, 4, 2, 1] # size [256, 256, 1, 680960] MT 96x64   - TT 3x64   - WG 32x4   - MIBlockM:  1 - totalGranularity:  0.04167 TilesPerCU:  0.04688, TotalTiles:       12
# - MatrixInstruction: [16, 16, 32, 1, 1, 4, 3, 2, 1] # size [256, 256, 1, 680960] MT 128x48  - TT 4x48   - WG 32x4   - MIBlockM:  1 - totalGranularity:  0.04167 TilesPerCU:  0.04688, TotalTiles:       12
# - MatrixInstruction: [32, 32, 16, 1, 1, 3, 1, 1, 2] # size [256, 256, 1, 680960] MT 96x64   - TT 3x32   - WG 32x4   - MIBlockM:  1 - totalGranularity:  0.04167 TilesPerCU:  0.04688, TotalTiles:       12
# - MatrixInstruction: [32, 32, 16, 1, 1, 1, 3, 2, 1] # size [256, 256, 1, 680960] MT 64x96   - TT 1x96   - WG 64x2   - MIBlockM:  1 - totalGranularity:  0.04167 TilesPerCU:  0.04688, TotalTiles:       12
# - MatrixInstruction: [16, 16, 32, 1, 1, 1, 7, 4, 1] # size [256, 256, 1, 680960] MT 64x112  - TT 1x112  - WG 64x4   - MIBlockM:  1 - totalGranularity:  0.03571 TilesPerCU:  0.04688, TotalTiles:       12
# - MatrixInstruction: [16, 16, 32, 1, 1, 7, 1, 1, 4] # size [256, 256, 1, 680960] MT 112x64  - TT 7x16   - WG 16x16  - MIBlockM:  1 - totalGranularity:  0.03571 TilesPerCU:  0.04688, TotalTiles:       12
# - MatrixInstruction: [16, 16, 32, 1, 1, 7, 2, 1, 2] # size [256, 256, 1, 680960] MT 112x64  - TT 7x32   - WG 16x8   - MIBlockM:  1 - totalGranularity:  0.03571 TilesPerCU:  0.04688, TotalTiles:       12
# - MatrixInstruction: [16, 16, 32, 1, 1, 2, 7, 2, 1] # size [256, 256, 1, 680960] MT 64x112  - TT 2x112  - WG 32x4   - MIBlockM:  1 - totalGranularity:  0.03571 TilesPerCU:  0.04688, TotalTiles:       12
# - MatrixInstruction: [16, 16, 32, 1, 1, 3, 5, 1, 2] # size [256, 256, 1, 680960] MT 48x160  - TT 3x80   - WG 16x8   - MIBlockM:  1 - totalGranularity:  0.03333 TilesPerCU:  0.04688, TotalTiles:       12
# - MatrixInstruction: [16, 16, 32, 1, 1, 5, 3, 1, 2] # size [256, 256, 1, 680960] MT 80x96   - TT 5x48   - WG 16x8   - MIBlockM:  1 - totalGranularity:  0.03333 TilesPerCU:  0.04688, TotalTiles:       12
# - MatrixInstruction: [16, 16, 32, 1, 1, 3, 5, 2, 1] # size [256, 256, 1, 680960] MT 96x80   - TT 3x80   - WG 32x4   - MIBlockM:  1 - totalGranularity:  0.03333 TilesPerCU:  0.04688, TotalTiles:       12
# - MatrixInstruction: [16, 16, 32, 1, 1, 3, 3, 4, 1] # size [256, 256, 1, 680960] MT 192x48  - TT 3x48   - WG 64x4   - MIBlockM:  1 - totalGranularity:  0.02778 TilesPerCU:  0.04688, TotalTiles:       12
# - MatrixInstruction: [16, 16, 32, 1, 1, 3, 3, 1, 4] # size [256, 256, 1, 680960] MT 48x192  - TT 3x48   - WG 16x16  - MIBlockM:  1 - totalGranularity:  0.02778 TilesPerCU:  0.04688, TotalTiles:       12
# - MatrixInstruction: [16, 16, 32, 1, 1, 5, 3, 2, 1] # size [256, 256, 1, 680960] MT 160x48  - TT 5x48   - WG 32x4   - MIBlockM:  1 - totalGranularity:  0.01667 TilesPerCU:  0.04688, TotalTiles:       12
# - MatrixInstruction: [16, 16, 32, 1, 1, 3, 3, 2, 2] # size [256, 256, 1, 680960] MT 96x96   - TT 3x48   - WG 32x8   - MIBlockM:  1 - totalGranularity:  0.02778 TilesPerCU:  0.03516, TotalTiles:        9
# - MatrixInstruction: [16, 16, 32, 1, 1, 1, 8, 4, 1] # size [256, 256, 1, 680960] MT 64x128  - TT 1x128  - WG 64x4   - MIBlockM:  1 - totalGranularity:  0.03125 TilesPerCU:  0.03125, TotalTiles:        8
# - MatrixInstruction: [16, 16, 32, 1, 1, 2, 4, 4, 1] # size [256, 256, 1, 680960] MT 128x64  - TT 2x64   - WG 64x4   - MIBlockM:  1 - totalGranularity:  0.03125 TilesPerCU:  0.03125, TotalTiles:        8
# - MatrixInstruction: [16, 16, 32, 1, 1, 4, 2, 4, 1] # size [256, 256, 1, 680960] MT 256x32  - TT 4x32   - WG 64x4   - MIBlockM:  1 - totalGranularity:  0.03125 TilesPerCU:  0.03125, TotalTiles:        8
# - MatrixInstruction: [16, 16, 32, 1, 1, 1, 8, 2, 2] # size [256, 256, 1, 680960] MT 32x256  - TT 1x128  - WG 32x8   - MIBlockM:  1 - totalGranularity:  0.03125 TilesPerCU:  0.03125, TotalTiles:        8
# - MatrixInstruction: [16, 16, 32, 1, 1, 2, 4, 2, 2] # size [256, 256, 1, 680960] MT 64x128  - TT 2x64   - WG 32x8   - MIBlockM:  1 - totalGranularity:  0.03125 TilesPerCU:  0.03125, TotalTiles:        8
# - MatrixInstruction: [16, 16, 32, 1, 1, 4, 2, 2, 2] # size [256, 256, 1, 680960] MT 128x64  - TT 4x32   - WG 32x8   - MIBlockM:  1 - totalGranularity:  0.03125 TilesPerCU:  0.03125, TotalTiles:        8
# - MatrixInstruction: [16, 16, 32, 1, 1, 8, 1, 2, 2] # size [256, 256, 1, 680960] MT 256x32  - TT 8x16   - WG 32x8   - MIBlockM:  1 - totalGranularity:  0.03125 TilesPerCU:  0.03125, TotalTiles:        8
# - MatrixInstruction: [16, 16, 32, 1, 1, 2, 4, 1, 4] # size [256, 256, 1, 680960] MT 32x256  - TT 2x64   - WG 16x16  - MIBlockM:  1 - totalGranularity:  0.03125 TilesPerCU:  0.03125, TotalTiles:        8
# - MatrixInstruction: [16, 16, 32, 1, 1, 4, 2, 1, 4] # size [256, 256, 1, 680960] MT 64x128  - TT 4x32   - WG 16x16  - MIBlockM:  1 - totalGranularity:  0.03125 TilesPerCU:  0.03125, TotalTiles:        8
# - MatrixInstruction: [16, 16, 32, 1, 1, 8, 1, 1, 4] # size [256, 256, 1, 680960] MT 128x64  - TT 8x16   - WG 16x16  - MIBlockM:  1 - totalGranularity:  0.03125 TilesPerCU:  0.03125, TotalTiles:        8
# - MatrixInstruction: [16, 16, 32, 1, 1, 2, 8, 1, 2] # size [256, 256, 1, 680960] MT 32x256  - TT 2x128  - WG 16x8   - MIBlockM:  1 - totalGranularity:  0.03125 TilesPerCU:  0.03125, TotalTiles:        8
# - MatrixInstruction: [16, 16, 32, 1, 1, 4, 4, 1, 2] # size [256, 256, 1, 680960] MT 64x128  - TT 4x64   - WG 16x8   - MIBlockM:  1 - totalGranularity:  0.03125 TilesPerCU:  0.03125, TotalTiles:        8
# - MatrixInstruction: [16, 16, 32, 1, 1, 8, 2, 1, 2] # size [256, 256, 1, 680960] MT 128x64  - TT 8x32   - WG 16x8   - MIBlockM:  1 - totalGranularity:  0.03125 TilesPerCU:  0.03125, TotalTiles:        8
# - MatrixInstruction: [16, 16, 32, 1, 1, 1, 16, 2, 1] # size [256, 256, 1, 680960] MT 32x256  - TT 1x256  - WG 32x4   - MIBlockM:  1 - totalGranularity:  0.03125 TilesPerCU:  0.03125, TotalTiles:        8
# - MatrixInstruction: [16, 16, 32, 1, 1, 2, 8, 2, 1] # size [256, 256, 1, 680960] MT 64x128  - TT 2x128  - WG 32x4   - MIBlockM:  1 - totalGranularity:  0.03125 TilesPerCU:  0.03125, TotalTiles:        8
# - MatrixInstruction: [16, 16, 32, 1, 1, 4, 4, 2, 1] # size [256, 256, 1, 680960] MT 128x64  - TT 4x64   - WG 32x4   - MIBlockM:  1 - totalGranularity:  0.03125 TilesPerCU:  0.03125, TotalTiles:        8
# - MatrixInstruction: [32, 32, 16, 1, 1, 1, 2, 4, 1] # size [256, 256, 1, 680960] MT 128x64  - TT 1x64   - WG 128x2  - MIBlockM:  1 - totalGranularity:  0.03125 TilesPerCU:  0.03125, TotalTiles:        8
# - MatrixInstruction: [32, 32, 16, 1, 1, 2, 1, 4, 1] # size [256, 256, 1, 680960] MT 256x32  - TT 2x32   - WG 128x2  - MIBlockM:  1 - totalGranularity:  0.03125 TilesPerCU:  0.03125, TotalTiles:        8
# - MatrixInstruction: [32, 32, 16, 1, 1, 1, 2, 2, 2] # size [256, 256, 1, 680960] MT 64x128  - TT 1x64   - WG 64x4   - MIBlockM:  1 - totalGranularity:  0.03125 TilesPerCU:  0.03125, TotalTiles:        8
# - MatrixInstruction: [32, 32, 16, 1, 1, 2, 1, 2, 2] # size [256, 256, 1, 680960] MT 128x64  - TT 2x32   - WG 64x4   - MIBlockM:  1 - totalGranularity:  0.03125 TilesPerCU:  0.03125, TotalTiles:        8
# - MatrixInstruction: [32, 32, 16, 1, 1, 1, 2, 1, 4] # size [256, 256, 1, 680960] MT 32x256  - TT 1x64   - WG 32x8   - MIBlockM:  1 - totalGranularity:  0.03125 TilesPerCU:  0.03125, TotalTiles:        8
# - MatrixInstruction: [32, 32, 16, 1, 1, 2, 1, 1, 4] # size [256, 256, 1, 680960] MT 64x128  - TT 2x32   - WG 32x8   - MIBlockM:  1 - totalGranularity:  0.03125 TilesPerCU:  0.03125, TotalTiles:        8
# - MatrixInstruction: [32, 32, 16, 1, 1, 1, 4, 1, 2] # size [256, 256, 1, 680960] MT 32x256  - TT 1x128  - WG 32x4   - MIBlockM:  1 - totalGranularity:  0.03125 TilesPerCU:  0.03125, TotalTiles:        8
# - MatrixInstruction: [32, 32, 16, 1, 1, 2, 2, 1, 2] # size [256, 256, 1, 680960] MT 64x128  - TT 2x64   - WG 32x4   - MIBlockM:  1 - totalGranularity:  0.03125 TilesPerCU:  0.03125, TotalTiles:        8
# - MatrixInstruction: [32, 32, 16, 1, 1, 4, 1, 1, 2] # size [256, 256, 1, 680960] MT 128x64  - TT 4x32   - WG 32x4   - MIBlockM:  1 - totalGranularity:  0.03125 TilesPerCU:  0.03125, TotalTiles:        8
# - MatrixInstruction: [32, 32, 16, 1, 1, 1, 4, 2, 1] # size [256, 256, 1, 680960] MT 64x128  - TT 1x128  - WG 64x2   - MIBlockM:  1 - totalGranularity:  0.03125 TilesPerCU:  0.03125, TotalTiles:        8
# - MatrixInstruction: [32, 32, 16, 1, 1, 2, 2, 2, 1] # size [256, 256, 1, 680960] MT 128x64  - TT 2x64   - WG 64x2   - MIBlockM:  1 - totalGranularity:  0.03125 TilesPerCU:  0.03125, TotalTiles:        8
# - MatrixInstruction: [16, 16, 32, 1, 1, 1, 9, 4, 1] # size [256, 256, 1, 680960] MT 64x144  - TT 1x144  - WG 64x4   - MIBlockM:  1 - totalGranularity:  0.02778 TilesPerCU:  0.03125, TotalTiles:        8
# - MatrixInstruction: [16, 16, 32, 1, 1, 1, 9, 2, 2] # size [256, 256, 1, 680960] MT 32x288  - TT 1x144  - WG 32x8   - MIBlockM:  1 - totalGranularity:  0.02778 TilesPerCU:  0.03125, TotalTiles:        8
# - MatrixInstruction: [16, 16, 32, 1, 1, 9, 1, 1, 4] # size [256, 256, 1, 680960] MT 144x64  - TT 9x16   - WG 16x16  - MIBlockM:  1 - totalGranularity:  0.02778 TilesPerCU:  0.03125, TotalTiles:        8
# - MatrixInstruction: [16, 16, 32, 1, 1, 1, 10, 4, 1] # size [256, 256, 1, 680960] MT 64x160  - TT 1x160  - WG 64x4   - MIBlockM:  1 - totalGranularity:  0.02500 TilesPerCU:  0.03125, TotalTiles:        8
# - MatrixInstruction: [16, 16, 32, 1, 1, 2, 5, 4, 1] # size [256, 256, 1, 680960] MT 128x80  - TT 2x80   - WG 64x4   - MIBlockM:  1 - totalGranularity:  0.02500 TilesPerCU:  0.03125, TotalTiles:        8
# - MatrixInstruction: [16, 16, 32, 1, 1, 1, 10, 2, 2] # size [256, 256, 1, 680960] MT 32x320  - TT 1x160  - WG 32x8   - MIBlockM:  1 - totalGranularity:  0.02500 TilesPerCU:  0.03125, TotalTiles:        8
# - MatrixInstruction: [16, 16, 32, 1, 1, 2, 5, 2, 2] # size [256, 256, 1, 680960] MT 64x160  - TT 2x80   - WG 32x8   - MIBlockM:  1 - totalGranularity:  0.02500 TilesPerCU:  0.03125, TotalTiles:        8
# - MatrixInstruction: [16, 16, 32, 1, 1, 5, 2, 2, 2] # size [256, 256, 1, 680960] MT 160x64  - TT 5x32   - WG 32x8   - MIBlockM:  1 - totalGranularity:  0.02500 TilesPerCU:  0.03125, TotalTiles:        8
# - MatrixInstruction: [16, 16, 32, 1, 1, 2, 5, 1, 4] # size [256, 256, 1, 680960] MT 32x320  - TT 2x80   - WG 16x16  - MIBlockM:  1 - totalGranularity:  0.02500 TilesPerCU:  0.03125, TotalTiles:        8
# - MatrixInstruction: [16, 16, 32, 1, 1, 5, 2, 1, 4] # size [256, 256, 1, 680960] MT 80x128  - TT 5x32   - WG 16x16  - MIBlockM:  1 - totalGranularity:  0.02500 TilesPerCU:  0.03125, TotalTiles:        8
# - MatrixInstruction: [16, 16, 32, 1, 1, 10, 1, 1, 4] # size [256, 256, 1, 680960] MT 160x64  - TT 10x16  - WG 16x16  - MIBlockM:  1 - totalGranularity:  0.02500 TilesPerCU:  0.03125, TotalTiles:        8
# - MatrixInstruction: [16, 16, 32, 1, 1, 1, 11, 4, 1] # size [256, 256, 1, 680960] MT 64x176  - TT 1x176  - WG 64x4   - MIBlockM:  1 - totalGranularity:  0.02273 TilesPerCU:  0.03125, TotalTiles:        8
# - MatrixInstruction: [16, 16, 32, 1, 1, 1, 11, 2, 2] # size [256, 256, 1, 680960] MT 32x352  - TT 1x176  - WG 32x8   - MIBlockM:  1 - totalGranularity:  0.02273 TilesPerCU:  0.03125, TotalTiles:        8
# - MatrixInstruction: [16, 16, 32, 1, 1, 11, 1, 1, 4] # size [256, 256, 1, 680960] MT 176x64  - TT 11x16  - WG 16x16  - MIBlockM:  1 - totalGranularity:  0.02273 TilesPerCU:  0.03125, TotalTiles:        8
# - MatrixInstruction: [16, 16, 32, 1, 1, 1, 12, 4, 1] # size [256, 256, 1, 680960] MT 64x192  - TT 1x192  - WG 64x4   - MIBlockM:  1 - totalGranularity:  0.02083 TilesPerCU:  0.03125, TotalTiles:        8
# - MatrixInstruction: [16, 16, 32, 1, 1, 3, 4, 4, 1] # size [256, 256, 1, 680960] MT 192x64  - TT 3x64   - WG 64x4   - MIBlockM:  1 - totalGranularity:  0.02083 TilesPerCU:  0.03125, TotalTiles:        8
# - MatrixInstruction: [16, 16, 32, 1, 1, 1, 12, 2, 2] # size [256, 256, 1, 680960] MT 32x384  - TT 1x192  - WG 32x8   - MIBlockM:  1 - totalGranularity:  0.02083 TilesPerCU:  0.03125, TotalTiles:        8
# - MatrixInstruction: [16, 16, 32, 1, 1, 2, 6, 2, 2] # size [256, 256, 1, 680960] MT 64x192  - TT 2x96   - WG 32x8   - MIBlockM:  1 - totalGranularity:  0.02083 TilesPerCU:  0.03125, TotalTiles:        8
# - MatrixInstruction: [16, 16, 32, 1, 1, 6, 2, 2, 2] # size [256, 256, 1, 680960] MT 192x64  - TT 6x32   - WG 32x8   - MIBlockM:  1 - totalGranularity:  0.02083 TilesPerCU:  0.03125, TotalTiles:        8
# - MatrixInstruction: [16, 16, 32, 1, 1, 2, 6, 1, 4] # size [256, 256, 1, 680960] MT 32x384  - TT 2x96   - WG 16x16  - MIBlockM:  1 - totalGranularity:  0.02083 TilesPerCU:  0.03125, TotalTiles:        8
# - MatrixInstruction: [16, 16, 32, 1, 1, 4, 3, 1, 4] # size [256, 256, 1, 680960] MT 64x192  - TT 4x48   - WG 16x16  - MIBlockM:  1 - totalGranularity:  0.02083 TilesPerCU:  0.03125, TotalTiles:        8
# - MatrixInstruction: [16, 16, 32, 1, 1, 12, 1, 1, 4] # size [256, 256, 1, 680960] MT 192x64  - TT 12x16  - WG 16x16  - MIBlockM:  1 - totalGranularity:  0.02083 TilesPerCU:  0.03125, TotalTiles:        8
# - MatrixInstruction: [32, 32, 16, 1, 1, 1, 3, 2, 2] # size [256, 256, 1, 680960] MT 64x192  - TT 1x96   - WG 64x4   - MIBlockM:  1 - totalGranularity:  0.02083 TilesPerCU:  0.03125, TotalTiles:        8
# - MatrixInstruction: [32, 32, 16, 1, 1, 3, 1, 2, 2] # size [256, 256, 1, 680960] MT 192x64  - TT 3x32   - WG 64x4   - MIBlockM:  1 - totalGranularity:  0.02083 TilesPerCU:  0.03125, TotalTiles:        8
# - MatrixInstruction: [32, 32, 16, 1, 1, 1, 3, 1, 4] # size [256, 256, 1, 680960] MT 32x384  - TT 1x96   - WG 32x8   - MIBlockM:  1 - totalGranularity:  0.02083 TilesPerCU:  0.03125, TotalTiles:        8
# - MatrixInstruction: [16, 16, 32, 1, 1, 1, 13, 4, 1] # size [256, 256, 1, 680960] MT 64x208  - TT 1x208  - WG 64x4   - MIBlockM:  1 - totalGranularity:  0.01923 TilesPerCU:  0.03125, TotalTiles:        8
# - MatrixInstruction: [16, 16, 32, 1, 1, 1, 13, 2, 2] # size [256, 256, 1, 680960] MT 32x416  - TT 1x208  - WG 32x8   - MIBlockM:  1 - totalGranularity:  0.01923 TilesPerCU:  0.03125, TotalTiles:        8
# - MatrixInstruction: [16, 16, 32, 1, 1, 13, 1, 1, 4] # size [256, 256, 1, 680960] MT 208x64  - TT 13x16  - WG 16x16  - MIBlockM:  1 - totalGranularity:  0.01923 TilesPerCU:  0.03125, TotalTiles:        8
# - MatrixInstruction: [16, 16, 32, 1, 1, 1, 14, 4, 1] # size [256, 256, 1, 680960] MT 64x224  - TT 1x224  - WG 64x4   - MIBlockM:  1 - totalGranularity:  0.01786 TilesPerCU:  0.03125, TotalTiles:        8
# - MatrixInstruction: [16, 16, 32, 1, 1, 1, 14, 2, 2] # size [256, 256, 1, 680960] MT 32x448  - TT 1x224  - WG 32x8   - MIBlockM:  1 - totalGranularity:  0.01786 TilesPerCU:  0.03125, TotalTiles:        8
# - MatrixInstruction: [16, 16, 32, 1, 1, 2, 7, 2, 2] # size [256, 256, 1, 680960] MT 64x224  - TT 2x112  - WG 32x8   - MIBlockM:  1 - totalGranularity:  0.01786 TilesPerCU:  0.03125, TotalTiles:        8
# - MatrixInstruction: [16, 16, 32, 1, 1, 7, 2, 2, 2] # size [256, 256, 1, 680960] MT 224x64  - TT 7x32   - WG 32x8   - MIBlockM:  1 - totalGranularity:  0.01786 TilesPerCU:  0.03125, TotalTiles:        8
# - MatrixInstruction: [16, 16, 32, 1, 1, 2, 7, 1, 4] # size [256, 256, 1, 680960] MT 32x448  - TT 2x112  - WG 16x16  - MIBlockM:  1 - totalGranularity:  0.01786 TilesPerCU:  0.03125, TotalTiles:        8
# - MatrixInstruction: [16, 16, 32, 1, 1, 14, 1, 1, 4] # size [256, 256, 1, 680960] MT 224x64  - TT 14x16  - WG 16x16  - MIBlockM:  1 - totalGranularity:  0.01786 TilesPerCU:  0.03125, TotalTiles:        8
# - MatrixInstruction: [16, 16, 32, 1, 1, 1, 15, 4, 1] # size [256, 256, 1, 680960] MT 64x240  - TT 1x240  - WG 64x4   - MIBlockM:  1 - totalGranularity:  0.01667 TilesPerCU:  0.03125, TotalTiles:        8
# - MatrixInstruction: [16, 16, 32, 1, 1, 3, 5, 4, 1] # size [256, 256, 1, 680960] MT 192x80  - TT 3x80   - WG 64x4   - MIBlockM:  1 - totalGranularity:  0.01667 TilesPerCU:  0.03125, TotalTiles:        8
# - MatrixInstruction: [16, 16, 32, 1, 1, 1, 15, 2, 2] # size [256, 256, 1, 680960] MT 32x480  - TT 1x240  - WG 32x8   - MIBlockM:  1 - totalGranularity:  0.01667 TilesPerCU:  0.03125, TotalTiles:        8
# - MatrixInstruction: [16, 16, 32, 1, 1, 5, 3, 1, 4] # size [256, 256, 1, 680960] MT 80x192  - TT 5x48   - WG 16x16  - MIBlockM:  1 - totalGranularity:  0.01667 TilesPerCU:  0.03125, TotalTiles:        8
# - MatrixInstruction: [16, 16, 32, 1, 1, 15, 1, 1, 4] # size [256, 256, 1, 680960] MT 240x64  - TT 15x16  - WG 16x16  - MIBlockM:  1 - totalGranularity:  0.01667 TilesPerCU:  0.03125, TotalTiles:        8
# - MatrixInstruction: [16, 16, 32, 1, 1, 1, 16, 2, 2] # size [256, 256, 1, 680960] MT 32x512  - TT 1x256  - WG 32x8   - MIBlockM:  1 - totalGranularity:  0.01562 TilesPerCU:  0.03125, TotalTiles:        8
# - MatrixInstruction: [16, 16, 32, 1, 1, 2, 8, 1, 4] # size [256, 256, 1, 680960] MT 32x512  - TT 2x128  - WG 16x16  - MIBlockM:  1 - totalGranularity:  0.01562 TilesPerCU:  0.03125, TotalTiles:        8
# - MatrixInstruction: [16, 16, 32, 1, 1, 16, 1, 1, 2] # size [256, 256, 1, 680960] MT 256x32  - TT 16x16  - WG 16x8   - MIBlockM:  1 - totalGranularity:  0.01562 TilesPerCU:  0.03125, TotalTiles:        8
# - MatrixInstruction: [16, 16, 32, 1, 1, 8, 2, 2, 1] # size [256, 256, 1, 680960] MT 256x32  - TT 8x32   - WG 32x4   - MIBlockM:  1 - totalGranularity:  0.01562 TilesPerCU:  0.03125, TotalTiles:        8
# - MatrixInstruction: [32, 32, 16, 1, 1, 1, 4, 1, 4] # size [256, 256, 1, 680960] MT 32x512  - TT 1x128  - WG 32x8   - MIBlockM:  1 - totalGranularity:  0.01562 TilesPerCU:  0.03125, TotalTiles:        8
# - MatrixInstruction: [32, 32, 16, 1, 1, 4, 1, 2, 1] # size [256, 256, 1, 680960] MT 256x32  - TT 4x32   - WG 64x2   - MIBlockM:  1 - totalGranularity:  0.01562 TilesPerCU:  0.03125, TotalTiles:        8
# - MatrixInstruction: [16, 16, 32, 1, 1, 5, 2, 4, 1] # size [256, 256, 1, 680960] MT 320x32  - TT 5x32   - WG 64x4   - MIBlockM:  1 - totalGranularity:  0.00000 TilesPerCU:  0.03125, TotalTiles:        8
# - MatrixInstruction: [16, 16, 32, 1, 1, 6, 2, 4, 1] # size [256, 256, 1, 680960] MT 384x32  - TT 6x32   - WG 64x4   - MIBlockM:  1 - totalGranularity:  0.00000 TilesPerCU:  0.03125, TotalTiles:        8
# - MatrixInstruction: [16, 16, 32, 1, 1, 7, 2, 4, 1] # size [256, 256, 1, 680960] MT 448x32  - TT 7x32   - WG 64x4   - MIBlockM:  1 - totalGranularity:  0.00000 TilesPerCU:  0.03125, TotalTiles:        8
# - MatrixInstruction: [16, 16, 32, 1, 1, 8, 2, 4, 1] # size [256, 256, 1, 680960] MT 512x32  - TT 8x32   - WG 64x4   - MIBlockM:  1 - totalGranularity:  0.00000 TilesPerCU:  0.03125, TotalTiles:        8
# - MatrixInstruction: [16, 16, 32, 1, 1, 9, 1, 2, 2] # size [256, 256, 1, 680960] MT 288x32  - TT 9x16   - WG 32x8   - MIBlockM:  1 - totalGranularity:  0.00000 TilesPerCU:  0.03125, TotalTiles:        8
# - MatrixInstruction: [16, 16, 32, 1, 1, 10, 1, 2, 2] # size [256, 256, 1, 680960] MT 320x32  - TT 10x16  - WG 32x8   - MIBlockM:  1 - totalGranularity:  0.00000 TilesPerCU:  0.03125, TotalTiles:        8
# - MatrixInstruction: [16, 16, 32, 1, 1, 11, 1, 2, 2] # size [256, 256, 1, 680960] MT 352x32  - TT 11x16  - WG 32x8   - MIBlockM:  1 - totalGranularity:  0.00000 TilesPerCU:  0.03125, TotalTiles:        8
# - MatrixInstruction: [16, 16, 32, 1, 1, 12, 1, 2, 2] # size [256, 256, 1, 680960] MT 384x32  - TT 12x16  - WG 32x8   - MIBlockM:  1 - totalGranularity:  0.00000 TilesPerCU:  0.03125, TotalTiles:        8
# - MatrixInstruction: [16, 16, 32, 1, 1, 13, 1, 2, 2] # size [256, 256, 1, 680960] MT 416x32  - TT 13x16  - WG 32x8   - MIBlockM:  1 - totalGranularity:  0.00000 TilesPerCU:  0.03125, TotalTiles:        8
# - MatrixInstruction: [16, 16, 32, 1, 1, 14, 1, 2, 2] # size [256, 256, 1, 680960] MT 448x32  - TT 14x16  - WG 32x8   - MIBlockM:  1 - totalGranularity:  0.00000 TilesPerCU:  0.03125, TotalTiles:        8
# - MatrixInstruction: [16, 16, 32, 1, 1, 15, 1, 2, 2] # size [256, 256, 1, 680960] MT 480x32  - TT 15x16  - WG 32x8   - MIBlockM:  1 - totalGranularity:  0.00000 TilesPerCU:  0.03125, TotalTiles:        8
# - MatrixInstruction: [16, 16, 32, 1, 1, 16, 1, 2, 2] # size [256, 256, 1, 680960] MT 512x32  - TT 16x16  - WG 32x8   - MIBlockM:  1 - totalGranularity:  0.00000 TilesPerCU:  0.03125, TotalTiles:        8
# - MatrixInstruction: [32, 32, 16, 1, 1, 3, 1, 4, 1] # size [256, 256, 1, 680960] MT 384x32  - TT 3x32   - WG 128x2  - MIBlockM:  1 - totalGranularity:  0.00000 TilesPerCU:  0.03125, TotalTiles:        8
# - MatrixInstruction: [32, 32, 16, 1, 1, 4, 1, 4, 1] # size [256, 256, 1, 680960] MT 512x32  - TT 4x32   - WG 128x2  - MIBlockM:  1 - totalGranularity:  0.00000 TilesPerCU:  0.03125, TotalTiles:        8
# - MatrixInstruction: [16, 16, 32, 1, 1, 2, 6, 4, 1] # size [256, 256, 1, 680960] MT 128x96  - TT 2x96   - WG 64x4   - MIBlockM:  1 - totalGranularity:  0.02083 TilesPerCU:  0.02344, TotalTiles:        6
# - MatrixInstruction: [16, 16, 32, 1, 1, 4, 3, 4, 1] # size [256, 256, 1, 680960] MT 256x48  - TT 4x48   - WG 64x4   - MIBlockM:  1 - totalGranularity:  0.02083 TilesPerCU:  0.02344, TotalTiles:        6
# - MatrixInstruction: [16, 16, 32, 1, 1, 3, 4, 2, 2] # size [256, 256, 1, 680960] MT 96x128  - TT 3x64   - WG 32x8   - MIBlockM:  1 - totalGranularity:  0.02083 TilesPerCU:  0.02344, TotalTiles:        6
# - MatrixInstruction: [16, 16, 32, 1, 1, 4, 3, 2, 2] # size [256, 256, 1, 680960] MT 128x96  - TT 4x48   - WG 32x8   - MIBlockM:  1 - totalGranularity:  0.02083 TilesPerCU:  0.02344, TotalTiles:        6
# - MatrixInstruction: [16, 16, 32, 1, 1, 3, 4, 1, 4] # size [256, 256, 1, 680960] MT 48x256  - TT 3x64   - WG 16x16  - MIBlockM:  1 - totalGranularity:  0.02083 TilesPerCU:  0.02344, TotalTiles:        6
# - MatrixInstruction: [16, 16, 32, 1, 1, 6, 2, 1, 4] # size [256, 256, 1, 680960] MT 96x128  - TT 6x32   - WG 16x16  - MIBlockM:  1 - totalGranularity:  0.02083 TilesPerCU:  0.02344, TotalTiles:        6
# - MatrixInstruction: [32, 32, 16, 1, 1, 1, 3, 4, 1] # size [256, 256, 1, 680960] MT 128x96  - TT 1x96   - WG 128x2  - MIBlockM:  1 - totalGranularity:  0.02083 TilesPerCU:  0.02344, TotalTiles:        6
# - MatrixInstruction: [32, 32, 16, 1, 1, 3, 1, 1, 4] # size [256, 256, 1, 680960] MT 96x128  - TT 3x32   - WG 32x8   - MIBlockM:  1 - totalGranularity:  0.02083 TilesPerCU:  0.02344, TotalTiles:        6
# - MatrixInstruction: [16, 16, 32, 1, 1, 2, 7, 4, 1] # size [256, 256, 1, 680960] MT 128x112 - TT 2x112  - WG 64x4   - MIBlockM:  1 - totalGranularity:  0.01786 TilesPerCU:  0.02344, TotalTiles:        6
# - MatrixInstruction: [16, 16, 32, 1, 1, 7, 2, 1, 4] # size [256, 256, 1, 680960] MT 112x128 - TT 7x32   - WG 16x16  - MIBlockM:  1 - totalGranularity:  0.01786 TilesPerCU:  0.02344, TotalTiles:        6
# - MatrixInstruction: [16, 16, 32, 1, 1, 3, 5, 2, 2] # size [256, 256, 1, 680960] MT 96x160  - TT 3x80   - WG 32x8   - MIBlockM:  1 - totalGranularity:  0.01667 TilesPerCU:  0.02344, TotalTiles:        6
# - MatrixInstruction: [16, 16, 32, 1, 1, 5, 3, 2, 2] # size [256, 256, 1, 680960] MT 160x96  - TT 5x48   - WG 32x8   - MIBlockM:  1 - totalGranularity:  0.01667 TilesPerCU:  0.02344, TotalTiles:        6
# - MatrixInstruction: [16, 16, 32, 1, 1, 3, 5, 1, 4] # size [256, 256, 1, 680960] MT 48x320  - TT 3x80   - WG 16x16  - MIBlockM:  1 - totalGranularity:  0.01667 TilesPerCU:  0.02344, TotalTiles:        6
# - MatrixInstruction: [16, 16, 32, 1, 1, 3, 6, 4, 1] # size [256, 256, 1, 680960] MT 192x96  - TT 3x96   - WG 64x4   - MIBlockM:  1 - totalGranularity:  0.01389 TilesPerCU:  0.02344, TotalTiles:        6
# - MatrixInstruction: [16, 16, 32, 1, 1, 3, 6, 2, 2] # size [256, 256, 1, 680960] MT 96x192  - TT 3x96   - WG 32x8   - MIBlockM:  1 - totalGranularity:  0.01389 TilesPerCU:  0.02344, TotalTiles:        6
# - MatrixInstruction: [16, 16, 32, 1, 1, 6, 3, 2, 2] # size [256, 256, 1, 680960] MT 192x96  - TT 6x48   - WG 32x8   - MIBlockM:  1 - totalGranularity:  0.01389 TilesPerCU:  0.02344, TotalTiles:        6
# - MatrixInstruction: [16, 16, 32, 1, 1, 3, 6, 1, 4] # size [256, 256, 1, 680960] MT 48x384  - TT 3x96   - WG 16x16  - MIBlockM:  1 - totalGranularity:  0.01389 TilesPerCU:  0.02344, TotalTiles:        6
# - MatrixInstruction: [16, 16, 32, 1, 1, 6, 3, 1, 4] # size [256, 256, 1, 680960] MT 96x192  - TT 6x48   - WG 16x16  - MIBlockM:  1 - totalGranularity:  0.01389 TilesPerCU:  0.02344, TotalTiles:        6
# - MatrixInstruction: [16, 16, 32, 1, 1, 3, 7, 4, 1] # size [256, 256, 1, 680960] MT 192x112 - TT 3x112  - WG 64x4   - MIBlockM:  1 - totalGranularity:  0.01190 TilesPerCU:  0.02344, TotalTiles:        6
# - MatrixInstruction: [16, 16, 32, 1, 1, 3, 7, 2, 2] # size [256, 256, 1, 680960] MT 96x224  - TT 3x112  - WG 32x8   - MIBlockM:  1 - totalGranularity:  0.01190 TilesPerCU:  0.02344, TotalTiles:        6
# - MatrixInstruction: [16, 16, 32, 1, 1, 7, 3, 2, 2] # size [256, 256, 1, 680960] MT 224x96  - TT 7x48   - WG 32x8   - MIBlockM:  1 - totalGranularity:  0.01190 TilesPerCU:  0.02344, TotalTiles:        6
# - MatrixInstruction: [16, 16, 32, 1, 1, 3, 7, 1, 4] # size [256, 256, 1, 680960] MT 48x448  - TT 3x112  - WG 16x16  - MIBlockM:  1 - totalGranularity:  0.01190 TilesPerCU:  0.02344, TotalTiles:        6
# - MatrixInstruction: [16, 16, 32, 1, 1, 7, 3, 1, 4] # size [256, 256, 1, 680960] MT 112x192 - TT 7x48   - WG 16x16  - MIBlockM:  1 - totalGranularity:  0.01190 TilesPerCU:  0.02344, TotalTiles:        6
# - MatrixInstruction: [16, 16, 32, 1, 1, 3, 8, 1, 4] # size [256, 256, 1, 680960] MT 48x512  - TT 3x128  - WG 16x16  - MIBlockM:  1 - totalGranularity:  0.01042 TilesPerCU:  0.02344, TotalTiles:        6
# - MatrixInstruction: [16, 16, 32, 1, 1, 5, 3, 4, 1] # size [256, 256, 1, 680960] MT 320x48  - TT 5x48   - WG 64x4   - MIBlockM:  1 - totalGranularity:  0.00000 TilesPerCU:  0.02344, TotalTiles:        6
# - MatrixInstruction: [16, 16, 32, 1, 1, 6, 3, 4, 1] # size [256, 256, 1, 680960] MT 384x48  - TT 6x48   - WG 64x4   - MIBlockM:  1 - totalGranularity:  0.00000 TilesPerCU:  0.02344, TotalTiles:        6
# - MatrixInstruction: [16, 16, 32, 1, 1, 7, 3, 4, 1] # size [256, 256, 1, 680960] MT 448x48  - TT 7x48   - WG 64x4   - MIBlockM:  1 - totalGranularity:  0.00000 TilesPerCU:  0.02344, TotalTiles:        6
# - MatrixInstruction: [16, 16, 32, 1, 1, 8, 3, 4, 1] # size [256, 256, 1, 680960] MT 512x48  - TT 8x48   - WG 64x4   - MIBlockM:  1 - totalGranularity:  0.00000 TilesPerCU:  0.02344, TotalTiles:        6
# - MatrixInstruction: [16, 16, 32, 1, 1, 1, 16, 4, 1] # size [256, 256, 1, 680960] MT 64x256  - TT 1x256  - WG 64x4   - MIBlockM:  1 - totalGranularity:  0.01562 TilesPerCU:  0.01562, TotalTiles:        4
# - MatrixInstruction: [16, 16, 32, 1, 1, 2, 8, 4, 1] # size [256, 256, 1, 680960] MT 128x128 - TT 2x128  - WG 64x4   - MIBlockM:  1 - totalGranularity:  0.01562 TilesPerCU:  0.01562, TotalTiles:        4
# - MatrixInstruction: [16, 16, 32, 1, 1, 4, 4, 4, 1] # size [256, 256, 1, 680960] MT 256x64  - TT 4x64   - WG 64x4   - MIBlockM:  1 - totalGranularity:  0.01562 TilesPerCU:  0.01562, TotalTiles:        4
# - MatrixInstruction: [16, 16, 32, 1, 1, 2, 8, 2, 2] # size [256, 256, 1, 680960] MT 64x256  - TT 2x128  - WG 32x8   - MIBlockM:  1 - totalGranularity:  0.01562 TilesPerCU:  0.01562, TotalTiles:        4
# - MatrixInstruction: [16, 16, 32, 1, 1, 4, 4, 2, 2] # size [256, 256, 1, 680960] MT 128x128 - TT 4x64   - WG 32x8   - MIBlockM:  1 - totalGranularity:  0.01562 TilesPerCU:  0.01562, TotalTiles:        4
# - MatrixInstruction: [16, 16, 32, 1, 1, 8, 2, 2, 2] # size [256, 256, 1, 680960] MT 256x64  - TT 8x32   - WG 32x8   - MIBlockM:  1 - totalGranularity:  0.01562 TilesPerCU:  0.01562, TotalTiles:        4
# - MatrixInstruction: [16, 16, 32, 1, 1, 4, 4, 1, 4] # size [256, 256, 1, 680960] MT 64x256  - TT 4x64   - WG 16x16  - MIBlockM:  1 - totalGranularity:  0.01562 TilesPerCU:  0.01562, TotalTiles:        4
# - MatrixInstruction: [16, 16, 32, 1, 1, 8, 2, 1, 4] # size [256, 256, 1, 680960] MT 128x128 - TT 8x32   - WG 16x16  - MIBlockM:  1 - totalGranularity:  0.01562 TilesPerCU:  0.01562, TotalTiles:        4
# - MatrixInstruction: [16, 16, 32, 1, 1, 16, 1, 1, 4] # size [256, 256, 1, 680960] MT 256x64  - TT 16x16  - WG 16x16  - MIBlockM:  1 - totalGranularity:  0.01562 TilesPerCU:  0.01562, TotalTiles:        4
# - MatrixInstruction: [32, 32, 16, 1, 1, 1, 4, 4, 1] # size [256, 256, 1, 680960] MT 128x128 - TT 1x128  - WG 128x2  - MIBlockM:  1 - totalGranularity:  0.01562 TilesPerCU:  0.01562, TotalTiles:        4
# - MatrixInstruction: [32, 32, 16, 1, 1, 2, 2, 4, 1] # size [256, 256, 1, 680960] MT 256x64  - TT 2x64   - WG 128x2  - MIBlockM:  1 - totalGranularity:  0.01562 TilesPerCU:  0.01562, TotalTiles:        4
# - MatrixInstruction: [32, 32, 16, 1, 1, 1, 4, 2, 2] # size [256, 256, 1, 680960] MT 64x256  - TT 1x128  - WG 64x4   - MIBlockM:  1 - totalGranularity:  0.01562 TilesPerCU:  0.01562, TotalTiles:        4
# - MatrixInstruction: [32, 32, 16, 1, 1, 2, 2, 2, 2] # size [256, 256, 1, 680960] MT 128x128 - TT 2x64   - WG 64x4   - MIBlockM:  1 - totalGranularity:  0.01562 TilesPerCU:  0.01562, TotalTiles:        4
# - MatrixInstruction: [32, 32, 16, 1, 1, 4, 1, 2, 2] # size [256, 256, 1, 680960] MT 256x64  - TT 4x32   - WG 64x4   - MIBlockM:  1 - totalGranularity:  0.01562 TilesPerCU:  0.01562, TotalTiles:        4
# - MatrixInstruction: [32, 32, 16, 1, 1, 2, 2, 1, 4] # size [256, 256, 1, 680960] MT 64x256  - TT 2x64   - WG 32x8   - MIBlockM:  1 - totalGranularity:  0.01562 TilesPerCU:  0.01562, TotalTiles:        4
# - MatrixInstruction: [32, 32, 16, 1, 1, 4, 1, 1, 4] # size [256, 256, 1, 680960] MT 128x128 - TT 4x32   - WG 32x8   - MIBlockM:  1 - totalGranularity:  0.01562 TilesPerCU:  0.01562, TotalTiles:        4
# - MatrixInstruction: [16, 16, 32, 1, 1, 1, 17, 4, 1] # size [256, 256, 1, 680960] MT 64x272  - TT 1x272  - WG 64x4   - MIBlockM:  1 - totalGranularity:  0.01471 TilesPerCU:  0.01562, TotalTiles:        4
# - MatrixInstruction: [16, 16, 32, 1, 1, 1, 18, 4, 1] # size [256, 256, 1, 680960] MT 64x288  - TT 1x288  - WG 64x4   - MIBlockM:  1 - totalGranularity:  0.01389 TilesPerCU:  0.01562, TotalTiles:        4
# - MatrixInstruction: [16, 16, 32, 1, 1, 2, 9, 4, 1] # size [256, 256, 1, 680960] MT 128x144 - TT 2x144  - WG 64x4   - MIBlockM:  1 - totalGranularity:  0.01389 TilesPerCU:  0.01562, TotalTiles:        4
# - MatrixInstruction: [16, 16, 32, 1, 1, 2, 9, 2, 2] # size [256, 256, 1, 680960] MT 64x288  - TT 2x144  - WG 32x8   - MIBlockM:  1 - totalGranularity:  0.01389 TilesPerCU:  0.01562, TotalTiles:        4
# - MatrixInstruction: [16, 16, 32, 1, 1, 9, 2, 1, 4] # size [256, 256, 1, 680960] MT 144x128 - TT 9x32   - WG 16x16  - MIBlockM:  1 - totalGranularity:  0.01389 TilesPerCU:  0.01562, TotalTiles:        4
# - MatrixInstruction: [16, 16, 32, 1, 1, 1, 19, 4, 1] # size [256, 256, 1, 680960] MT 64x304  - TT 1x304  - WG 64x4   - MIBlockM:  1 - totalGranularity:  0.01316 TilesPerCU:  0.01562, TotalTiles:        4
# - MatrixInstruction: [16, 16, 32, 1, 1, 1, 20, 4, 1] # size [256, 256, 1, 680960] MT 64x320  - TT 1x320  - WG 64x4   - MIBlockM:  1 - totalGranularity:  0.01250 TilesPerCU:  0.01562, TotalTiles:        4
# - MatrixInstruction: [16, 16, 32, 1, 1, 2, 10, 4, 1] # size [256, 256, 1, 680960] MT 128x160 - TT 2x160  - WG 64x4   - MIBlockM:  1 - totalGranularity:  0.01250 TilesPerCU:  0.01562, TotalTiles:        4
# - MatrixInstruction: [16, 16, 32, 1, 1, 4, 5, 4, 1] # size [256, 256, 1, 680960] MT 256x80  - TT 4x80   - WG 64x4   - MIBlockM:  1 - totalGranularity:  0.01250 TilesPerCU:  0.01562, TotalTiles:        4
# - MatrixInstruction: [16, 16, 32, 1, 1, 2, 10, 2, 2] # size [256, 256, 1, 680960] MT 64x320  - TT 2x160  - WG 32x8   - MIBlockM:  1 - totalGranularity:  0.01250 TilesPerCU:  0.01562, TotalTiles:        4
# - MatrixInstruction: [16, 16, 32, 1, 1, 4, 5, 2, 2] # size [256, 256, 1, 680960] MT 128x160 - TT 4x80   - WG 32x8   - MIBlockM:  1 - totalGranularity:  0.01250 TilesPerCU:  0.01562, TotalTiles:        4
# - MatrixInstruction: [16, 16, 32, 1, 1, 5, 4, 2, 2] # size [256, 256, 1, 680960] MT 160x128 - TT 5x64   - WG 32x8   - MIBlockM:  1 - totalGranularity:  0.01250 TilesPerCU:  0.01562, TotalTiles:        4
# - MatrixInstruction: [16, 16, 32, 1, 1, 4, 5, 1, 4] # size [256, 256, 1, 680960] MT 64x320  - TT 4x80   - WG 16x16  - MIBlockM:  1 - totalGranularity:  0.01250 TilesPerCU:  0.01562, TotalTiles:        4
# - MatrixInstruction: [16, 16, 32, 1, 1, 5, 4, 1, 4] # size [256, 256, 1, 680960] MT 80x256  - TT 5x64   - WG 16x16  - MIBlockM:  1 - totalGranularity:  0.01250 TilesPerCU:  0.01562, TotalTiles:        4
# - MatrixInstruction: [16, 16, 32, 1, 1, 10, 2, 1, 4] # size [256, 256, 1, 680960] MT 160x128 - TT 10x32  - WG 16x16  - MIBlockM:  1 - totalGranularity:  0.01250 TilesPerCU:  0.01562, TotalTiles:        4
# - MatrixInstruction: [32, 32, 16, 1, 1, 1, 5, 4, 1] # size [256, 256, 1, 680960] MT 128x160 - TT 1x160  - WG 128x2  - MIBlockM:  1 - totalGranularity:  0.01250 TilesPerCU:  0.01562, TotalTiles:        4
# - MatrixInstruction: [32, 32, 16, 1, 1, 1, 5, 2, 2] # size [256, 256, 1, 680960] MT 64x320  - TT 1x160  - WG 64x4   - MIBlockM:  1 - totalGranularity:  0.01250 TilesPerCU:  0.01562, TotalTiles:        4
# - MatrixInstruction: [32, 32, 16, 1, 1, 5, 1, 1, 4] # size [256, 256, 1, 680960] MT 160x128 - TT 5x32   - WG 32x8   - MIBlockM:  1 - totalGranularity:  0.01250 TilesPerCU:  0.01562, TotalTiles:        4
# - MatrixInstruction: [16, 16, 32, 1, 1, 1, 21, 4, 1] # size [256, 256, 1, 680960] MT 64x336  - TT 1x336  - WG 64x4   - MIBlockM:  1 - totalGranularity:  0.01190 TilesPerCU:  0.01562, TotalTiles:        4
# - MatrixInstruction: [16, 16, 32, 1, 1, 1, 22, 4, 1] # size [256, 256, 1, 680960] MT 64x352  - TT 1x352  - WG 64x4   - MIBlockM:  1 - totalGranularity:  0.01136 TilesPerCU:  0.01562, TotalTiles:        4
# - MatrixInstruction: [16, 16, 32, 1, 1, 2, 11, 4, 1] # size [256, 256, 1, 680960] MT 128x176 - TT 2x176  - WG 64x4   - MIBlockM:  1 - totalGranularity:  0.01136 TilesPerCU:  0.01562, TotalTiles:        4
# - MatrixInstruction: [16, 16, 32, 1, 1, 2, 11, 2, 2] # size [256, 256, 1, 680960] MT 64x352  - TT 2x176  - WG 32x8   - MIBlockM:  1 - totalGranularity:  0.01136 TilesPerCU:  0.01562, TotalTiles:        4
# - MatrixInstruction: [16, 16, 32, 1, 1, 11, 2, 1, 4] # size [256, 256, 1, 680960] MT 176x128 - TT 11x32  - WG 16x16  - MIBlockM:  1 - totalGranularity:  0.01136 TilesPerCU:  0.01562, TotalTiles:        4
# - MatrixInstruction: [16, 16, 32, 1, 1, 1, 23, 4, 1] # size [256, 256, 1, 680960] MT 64x368  - TT 1x368  - WG 64x4   - MIBlockM:  1 - totalGranularity:  0.01087 TilesPerCU:  0.01562, TotalTiles:        4
# - MatrixInstruction: [16, 16, 32, 1, 1, 1, 24, 4, 1] # size [256, 256, 1, 680960] MT 64x384  - TT 1x384  - WG 64x4   - MIBlockM:  1 - totalGranularity:  0.01042 TilesPerCU:  0.01562, TotalTiles:        4
# - MatrixInstruction: [16, 16, 32, 1, 1, 2, 12, 4, 1] # size [256, 256, 1, 680960] MT 128x192 - TT 2x192  - WG 64x4   - MIBlockM:  1 - totalGranularity:  0.01042 TilesPerCU:  0.01562, TotalTiles:        4
# - MatrixInstruction: [16, 16, 32, 1, 1, 3, 8, 4, 1] # size [256, 256, 1, 680960] MT 192x128 - TT 3x128  - WG 64x4   - MIBlockM:  1 - totalGranularity:  0.01042 TilesPerCU:  0.01562, TotalTiles:        4
# - MatrixInstruction: [16, 16, 32, 1, 1, 2, 12, 2, 2] # size [256, 256, 1, 680960] MT 64x384  - TT 2x192  - WG 32x8   - MIBlockM:  1 - totalGranularity:  0.01042 TilesPerCU:  0.01562, TotalTiles:        4
# - MatrixInstruction: [16, 16, 32, 1, 1, 4, 6, 2, 2] # size [256, 256, 1, 680960] MT 128x192 - TT 4x96   - WG 32x8   - MIBlockM:  1 - totalGranularity:  0.01042 TilesPerCU:  0.01562, TotalTiles:        4
# - MatrixInstruction: [16, 16, 32, 1, 1, 6, 4, 2, 2] # size [256, 256, 1, 680960] MT 192x128 - TT 6x64   - WG 32x8   - MIBlockM:  1 - totalGranularity:  0.01042 TilesPerCU:  0.01562, TotalTiles:        4
# - MatrixInstruction: [16, 16, 32, 1, 1, 4, 6, 1, 4] # size [256, 256, 1, 680960] MT 64x384  - TT 4x96   - WG 16x16  - MIBlockM:  1 - totalGranularity:  0.01042 TilesPerCU:  0.01562, TotalTiles:        4
# - MatrixInstruction: [16, 16, 32, 1, 1, 8, 3, 1, 4] # size [256, 256, 1, 680960] MT 128x192 - TT 8x48   - WG 16x16  - MIBlockM:  1 - totalGranularity:  0.01042 TilesPerCU:  0.01562, TotalTiles:        4
# - MatrixInstruction: [16, 16, 32, 1, 1, 12, 2, 1, 4] # size [256, 256, 1, 680960] MT 192x128 - TT 12x32  - WG 16x16  - MIBlockM:  1 - totalGranularity:  0.01042 TilesPerCU:  0.01562, TotalTiles:        4
# - MatrixInstruction: [32, 32, 16, 1, 1, 1, 6, 4, 1] # size [256, 256, 1, 680960] MT 128x192 - TT 1x192  - WG 128x2  - MIBlockM:  1 - totalGranularity:  0.01042 TilesPerCU:  0.01562, TotalTiles:        4
# - MatrixInstruction: [32, 32, 16, 1, 1, 1, 6, 2, 2] # size [256, 256, 1, 680960] MT 64x384  - TT 1x192  - WG 64x4   - MIBlockM:  1 - totalGranularity:  0.01042 TilesPerCU:  0.01562, TotalTiles:        4
# - MatrixInstruction: [32, 32, 16, 1, 1, 2, 3, 2, 2] # size [256, 256, 1, 680960] MT 128x192 - TT 2x96   - WG 64x4   - MIBlockM:  1 - totalGranularity:  0.01042 TilesPerCU:  0.01562, TotalTiles:        4
# - MatrixInstruction: [32, 32, 16, 1, 1, 3, 2, 2, 2] # size [256, 256, 1, 680960] MT 192x128 - TT 3x64   - WG 64x4   - MIBlockM:  1 - totalGranularity:  0.01042 TilesPerCU:  0.01562, TotalTiles:        4
# - MatrixInstruction: [32, 32, 16, 1, 1, 2, 3, 1, 4] # size [256, 256, 1, 680960] MT 64x384  - TT 2x96   - WG 32x8   - MIBlockM:  1 - totalGranularity:  0.01042 TilesPerCU:  0.01562, TotalTiles:        4
# - MatrixInstruction: [32, 32, 16, 1, 1, 6, 1, 1, 4] # size [256, 256, 1, 680960] MT 192x128 - TT 6x32   - WG 32x8   - MIBlockM:  1 - totalGranularity:  0.01042 TilesPerCU:  0.01562, TotalTiles:        4
# - MatrixInstruction: [16, 16, 32, 1, 1, 1, 25, 4, 1] # size [256, 256, 1, 680960] MT 64x400  - TT 1x400  - WG 64x4   - MIBlockM:  1 - totalGranularity:  0.01000 TilesPerCU:  0.01562, TotalTiles:        4
# - MatrixInstruction: [16, 16, 32, 1, 1, 5, 5, 2, 2] # size [256, 256, 1, 680960] MT 160x160 - TT 5x80   - WG 32x8   - MIBlockM:  1 - totalGranularity:  0.01000 TilesPerCU:  0.01562, TotalTiles:        4
# - MatrixInstruction: [16, 16, 32, 1, 1, 5, 5, 1, 4] # size [256, 256, 1, 680960] MT 80x320  - TT 5x80   - WG 16x16  - MIBlockM:  1 - totalGranularity:  0.01000 TilesPerCU:  0.01562, TotalTiles:        4
# - MatrixInstruction: [16, 16, 32, 1, 1, 1, 26, 4, 1] # size [256, 256, 1, 680960] MT 64x416  - TT 1x416  - WG 64x4   - MIBlockM:  1 - totalGranularity:  0.00962 TilesPerCU:  0.01562, TotalTiles:        4
# - MatrixInstruction: [16, 16, 32, 1, 1, 2, 13, 4, 1] # size [256, 256, 1, 680960] MT 128x208 - TT 2x208  - WG 64x4   - MIBlockM:  1 - totalGranularity:  0.00962 TilesPerCU:  0.01562, TotalTiles:        4
# - MatrixInstruction: [16, 16, 32, 1, 1, 2, 13, 2, 2] # size [256, 256, 1, 680960] MT 64x416  - TT 2x208  - WG 32x8   - MIBlockM:  1 - totalGranularity:  0.00962 TilesPerCU:  0.01562, TotalTiles:        4
# - MatrixInstruction: [16, 16, 32, 1, 1, 13, 2, 1, 4] # size [256, 256, 1, 680960] MT 208x128 - TT 13x32  - WG 16x16  - MIBlockM:  1 - totalGranularity:  0.00962 TilesPerCU:  0.01562, TotalTiles:        4
# - MatrixInstruction: [16, 16, 32, 1, 1, 1, 27, 4, 1] # size [256, 256, 1, 680960] MT 64x432  - TT 1x432  - WG 64x4   - MIBlockM:  1 - totalGranularity:  0.00926 TilesPerCU:  0.01562, TotalTiles:        4
# - MatrixInstruction: [16, 16, 32, 1, 1, 3, 9, 4, 1] # size [256, 256, 1, 680960] MT 192x144 - TT 3x144  - WG 64x4   - MIBlockM:  1 - totalGranularity:  0.00926 TilesPerCU:  0.01562, TotalTiles:        4
# - MatrixInstruction: [16, 16, 32, 1, 1, 9, 3, 1, 4] # size [256, 256, 1, 680960] MT 144x192 - TT 9x48   - WG 16x16  - MIBlockM:  1 - totalGranularity:  0.00926 TilesPerCU:  0.01562, TotalTiles:        4
# - MatrixInstruction: [16, 16, 32, 1, 1, 1, 28, 4, 1] # size [256, 256, 1, 680960] MT 64x448  - TT 1x448  - WG 64x4   - MIBlockM:  1 - totalGranularity:  0.00893 TilesPerCU:  0.01562, TotalTiles:        4
# - MatrixInstruction: [16, 16, 32, 1, 1, 2, 14, 4, 1] # size [256, 256, 1, 680960] MT 128x224 - TT 2x224  - WG 64x4   - MIBlockM:  1 - totalGranularity:  0.00893 TilesPerCU:  0.01562, TotalTiles:        4
# - MatrixInstruction: [16, 16, 32, 1, 1, 2, 14, 2, 2] # size [256, 256, 1, 680960] MT 64x448  - TT 2x224  - WG 32x8   - MIBlockM:  1 - totalGranularity:  0.00893 TilesPerCU:  0.01562, TotalTiles:        4
# - MatrixInstruction: [16, 16, 32, 1, 1, 4, 7, 2, 2] # size [256, 256, 1, 680960] MT 128x224 - TT 4x112  - WG 32x8   - MIBlockM:  1 - totalGranularity:  0.00893 TilesPerCU:  0.01562, TotalTiles:        4
# - MatrixInstruction: [16, 16, 32, 1, 1, 7, 4, 2, 2] # size [256, 256, 1, 680960] MT 224x128 - TT 7x64   - WG 32x8   - MIBlockM:  1 - totalGranularity:  0.00893 TilesPerCU:  0.01562, TotalTiles:        4
# - MatrixInstruction: [16, 16, 32, 1, 1, 4, 7, 1, 4] # size [256, 256, 1, 680960] MT 64x448  - TT 4x112  - WG 16x16  - MIBlockM:  1 - totalGranularity:  0.00893 TilesPerCU:  0.01562, TotalTiles:        4
# - MatrixInstruction: [16, 16, 32, 1, 1, 14, 2, 1, 4] # size [256, 256, 1, 680960] MT 224x128 - TT 14x32  - WG 16x16  - MIBlockM:  1 - totalGranularity:  0.00893 TilesPerCU:  0.01562, TotalTiles:        4
# - MatrixInstruction: [32, 32, 16, 1, 1, 1, 7, 4, 1] # size [256, 256, 1, 680960] MT 128x224 - TT 1x224  - WG 128x2  - MIBlockM:  1 - totalGranularity:  0.00893 TilesPerCU:  0.01562, TotalTiles:        4
# - MatrixInstruction: [32, 32, 16, 1, 1, 1, 7, 2, 2] # size [256, 256, 1, 680960] MT 64x448  - TT 1x224  - WG 64x4   - MIBlockM:  1 - totalGranularity:  0.00893 TilesPerCU:  0.01562, TotalTiles:        4
# - MatrixInstruction: [32, 32, 16, 1, 1, 7, 1, 1, 4] # size [256, 256, 1, 680960] MT 224x128 - TT 7x32   - WG 32x8   - MIBlockM:  1 - totalGranularity:  0.00893 TilesPerCU:  0.01562, TotalTiles:        4
# - MatrixInstruction: [16, 16, 32, 1, 1, 1, 29, 4, 1] # size [256, 256, 1, 680960] MT 64x464  - TT 1x464  - WG 64x4   - MIBlockM:  1 - totalGranularity:  0.00862 TilesPerCU:  0.01562, TotalTiles:        4
# - MatrixInstruction: [16, 16, 32, 1, 1, 1, 30, 4, 1] # size [256, 256, 1, 680960] MT 64x480  - TT 1x480  - WG 64x4   - MIBlockM:  1 - totalGranularity:  0.00833 TilesPerCU:  0.01562, TotalTiles:        4
# - MatrixInstruction: [16, 16, 32, 1, 1, 2, 15, 4, 1] # size [256, 256, 1, 680960] MT 128x240 - TT 2x240  - WG 64x4   - MIBlockM:  1 - totalGranularity:  0.00833 TilesPerCU:  0.01562, TotalTiles:        4
# - MatrixInstruction: [16, 16, 32, 1, 1, 3, 10, 4, 1] # size [256, 256, 1, 680960] MT 192x160 - TT 3x160  - WG 64x4   - MIBlockM:  1 - totalGranularity:  0.00833 TilesPerCU:  0.01562, TotalTiles:        4
# - MatrixInstruction: [16, 16, 32, 1, 1, 2, 15, 2, 2] # size [256, 256, 1, 680960] MT 64x480  - TT 2x240  - WG 32x8   - MIBlockM:  1 - totalGranularity:  0.00833 TilesPerCU:  0.01562, TotalTiles:        4
# - MatrixInstruction: [16, 16, 32, 1, 1, 5, 6, 2, 2] # size [256, 256, 1, 680960] MT 160x192 - TT 5x96   - WG 32x8   - MIBlockM:  1 - totalGranularity:  0.00833 TilesPerCU:  0.01562, TotalTiles:        4
# - MatrixInstruction: [16, 16, 32, 1, 1, 6, 5, 2, 2] # size [256, 256, 1, 680960] MT 192x160 - TT 6x80   - WG 32x8   - MIBlockM:  1 - totalGranularity:  0.00833 TilesPerCU:  0.01562, TotalTiles:        4
# - MatrixInstruction: [16, 16, 32, 1, 1, 5, 6, 1, 4] # size [256, 256, 1, 680960] MT 80x384  - TT 5x96   - WG 16x16  - MIBlockM:  1 - totalGranularity:  0.00833 TilesPerCU:  0.01562, TotalTiles:        4
# - MatrixInstruction: [16, 16, 32, 1, 1, 10, 3, 1, 4] # size [256, 256, 1, 680960] MT 160x192 - TT 10x48  - WG 16x16  - MIBlockM:  1 - totalGranularity:  0.00833 TilesPerCU:  0.01562, TotalTiles:        4
# - MatrixInstruction: [16, 16, 32, 1, 1, 15, 2, 1, 4] # size [256, 256, 1, 680960] MT 240x128 - TT 15x32  - WG 16x16  - MIBlockM:  1 - totalGranularity:  0.00833 TilesPerCU:  0.01562, TotalTiles:        4
# - MatrixInstruction: [16, 16, 32, 1, 1, 1, 31, 4, 1] # size [256, 256, 1, 680960] MT 64x496  - TT 1x496  - WG 64x4   - MIBlockM:  1 - totalGranularity:  0.00806 TilesPerCU:  0.01562, TotalTiles:        4
# - MatrixInstruction: [16, 16, 32, 1, 1, 1, 32, 4, 1] # size [256, 256, 1, 680960] MT 64x512  - TT 1x512  - WG 64x4   - MIBlockM:  1 - totalGranularity:  0.00781 TilesPerCU:  0.01562, TotalTiles:        4
# - MatrixInstruction: [16, 16, 32, 1, 1, 2, 16, 2, 2] # size [256, 256, 1, 680960] MT 64x512  - TT 2x256  - WG 32x8   - MIBlockM:  1 - totalGranularity:  0.00781 TilesPerCU:  0.01562, TotalTiles:        4
# - MatrixInstruction: [16, 16, 32, 1, 1, 4, 8, 1, 4] # size [256, 256, 1, 680960] MT 64x512  - TT 4x128  - WG 16x16  - MIBlockM:  1 - totalGranularity:  0.00781 TilesPerCU:  0.01562, TotalTiles:        4
# - MatrixInstruction: [32, 32, 16, 1, 1, 1, 8, 2, 2] # size [256, 256, 1, 680960] MT 64x512  - TT 1x256  - WG 64x4   - MIBlockM:  1 - totalGranularity:  0.00781 TilesPerCU:  0.01562, TotalTiles:        4
# - MatrixInstruction: [32, 32, 16, 1, 1, 2, 4, 1, 4] # size [256, 256, 1, 680960] MT 64x512  - TT 2x128  - WG 32x8   - MIBlockM:  1 - totalGranularity:  0.00781 TilesPerCU:  0.01562, TotalTiles:        4
# - MatrixInstruction: [16, 16, 32, 1, 1, 3, 11, 4, 1] # size [256, 256, 1, 680960] MT 192x176 - TT 3x176  - WG 64x4   - MIBlockM:  1 - totalGranularity:  0.00758 TilesPerCU:  0.01562, TotalTiles:        4
# - MatrixInstruction: [16, 16, 32, 1, 1, 11, 3, 1, 4] # size [256, 256, 1, 680960] MT 176x192 - TT 11x48  - WG 16x16  - MIBlockM:  1 - totalGranularity:  0.00758 TilesPerCU:  0.01562, TotalTiles:        4
# - MatrixInstruction: [16, 16, 32, 1, 1, 5, 7, 2, 2] # size [256, 256, 1, 680960] MT 160x224 - TT 5x112  - WG 32x8   - MIBlockM:  1 - totalGranularity:  0.00714 TilesPerCU:  0.01562, TotalTiles:        4
# - MatrixInstruction: [16, 16, 32, 1, 1, 7, 5, 2, 2] # size [256, 256, 1, 680960] MT 224x160 - TT 7x80   - WG 32x8   - MIBlockM:  1 - totalGranularity:  0.00714 TilesPerCU:  0.01562, TotalTiles:        4
# - MatrixInstruction: [16, 16, 32, 1, 1, 5, 7, 1, 4] # size [256, 256, 1, 680960] MT 80x448  - TT 5x112  - WG 16x16  - MIBlockM:  1 - totalGranularity:  0.00714 TilesPerCU:  0.01562, TotalTiles:        4
# - MatrixInstruction: [16, 16, 32, 1, 1, 3, 12, 4, 1] # size [256, 256, 1, 680960] MT 192x192 - TT 3x192  - WG 64x4   - MIBlockM:  1 - totalGranularity:  0.00694 TilesPerCU:  0.01562, TotalTiles:        4
# - MatrixInstruction: [16, 16, 32, 1, 1, 6, 6, 2, 2] # size [256, 256, 1, 680960] MT 192x192 - TT 6x96   - WG 32x8   - MIBlockM:  1 - totalGranularity:  0.00694 TilesPerCU:  0.01562, TotalTiles:        4
# - MatrixInstruction: [16, 16, 32, 1, 1, 12, 3, 1, 4] # size [256, 256, 1, 680960] MT 192x192 - TT 12x48  - WG 16x16  - MIBlockM:  1 - totalGranularity:  0.00694 TilesPerCU:  0.01562, TotalTiles:        4
# - MatrixInstruction: [32, 32, 16, 1, 1, 3, 3, 2, 2] # size [256, 256, 1, 680960] MT 192x192 - TT 3x96   - WG 64x4   - MIBlockM:  1 - totalGranularity:  0.00694 TilesPerCU:  0.01562, TotalTiles:        4
# - MatrixInstruction: [16, 16, 32, 1, 1, 3, 13, 4, 1] # size [256, 256, 1, 680960] MT 192x208 - TT 3x208  - WG 64x4   - MIBlockM:  1 - totalGranularity:  0.00641 TilesPerCU:  0.01562, TotalTiles:        4
# - MatrixInstruction: [16, 16, 32, 1, 1, 13, 3, 1, 4] # size [256, 256, 1, 680960] MT 208x192 - TT 13x48  - WG 16x16  - MIBlockM:  1 - totalGranularity:  0.00641 TilesPerCU:  0.01562, TotalTiles:        4
# - MatrixInstruction: [16, 16, 32, 1, 1, 5, 8, 1, 4] # size [256, 256, 1, 680960] MT 80x512  - TT 5x128  - WG 16x16  - MIBlockM:  1 - totalGranularity:  0.00625 TilesPerCU:  0.01562, TotalTiles:        4
# - MatrixInstruction: [16, 16, 32, 1, 1, 3, 14, 4, 1] # size [256, 256, 1, 680960] MT 192x224 - TT 3x224  - WG 64x4   - MIBlockM:  1 - totalGranularity:  0.00595 TilesPerCU:  0.01562, TotalTiles:        4
# - MatrixInstruction: [16, 16, 32, 1, 1, 6, 7, 2, 2] # size [256, 256, 1, 680960] MT 192x224 - TT 6x112  - WG 32x8   - MIBlockM:  1 - totalGranularity:  0.00595 TilesPerCU:  0.01562, TotalTiles:        4
# - MatrixInstruction: [16, 16, 32, 1, 1, 7, 6, 2, 2] # size [256, 256, 1, 680960] MT 224x192 - TT 7x96   - WG 32x8   - MIBlockM:  1 - totalGranularity:  0.00595 TilesPerCU:  0.01562, TotalTiles:        4
# - MatrixInstruction: [16, 16, 32, 1, 1, 14, 3, 1, 4] # size [256, 256, 1, 680960] MT 224x192 - TT 14x48  - WG 16x16  - MIBlockM:  1 - totalGranularity:  0.00595 TilesPerCU:  0.01562, TotalTiles:        4
# - MatrixInstruction: [16, 16, 32, 1, 1, 3, 15, 4, 1] # size [256, 256, 1, 680960] MT 192x240 - TT 3x240  - WG 64x4   - MIBlockM:  1 - totalGranularity:  0.00556 TilesPerCU:  0.01562, TotalTiles:        4
# - MatrixInstruction: [16, 16, 32, 1, 1, 15, 3, 1, 4] # size [256, 256, 1, 680960] MT 240x192 - TT 15x48  - WG 16x16  - MIBlockM:  1 - totalGranularity:  0.00556 TilesPerCU:  0.01562, TotalTiles:        4
# - MatrixInstruction: [16, 16, 32, 1, 1, 7, 7, 2, 2] # size [256, 256, 1, 680960] MT 224x224 - TT 7x112  - WG 32x8   - MIBlockM:  1 - totalGranularity:  0.00510 TilesPerCU:  0.01562, TotalTiles:        4
# - MatrixInstruction: [16, 16, 32, 1, 1, 5, 4, 4, 1] # size [256, 256, 1, 680960] MT 320x64  - TT 5x64   - WG 64x4   - MIBlockM:  1 - totalGranularity:  0.00000 TilesPerCU:  0.01562, TotalTiles:        4
# - MatrixInstruction: [16, 16, 32, 1, 1, 5, 5, 4, 1] # size [256, 256, 1, 680960] MT 320x80  - TT 5x80   - WG 64x4   - MIBlockM:  1 - totalGranularity:  0.00000 TilesPerCU:  0.01562, TotalTiles:        4
# - MatrixInstruction: [16, 16, 32, 1, 1, 6, 4, 4, 1] # size [256, 256, 1, 680960] MT 384x64  - TT 6x64   - WG 64x4   - MIBlockM:  1 - totalGranularity:  0.00000 TilesPerCU:  0.01562, TotalTiles:        4
# - MatrixInstruction: [16, 16, 32, 1, 1, 6, 5, 4, 1] # size [256, 256, 1, 680960] MT 384x80  - TT 6x80   - WG 64x4   - MIBlockM:  1 - totalGranularity:  0.00000 TilesPerCU:  0.01562, TotalTiles:        4
# - MatrixInstruction: [16, 16, 32, 1, 1, 7, 4, 4, 1] # size [256, 256, 1, 680960] MT 448x64  - TT 7x64   - WG 64x4   - MIBlockM:  1 - totalGranularity:  0.00000 TilesPerCU:  0.01562, TotalTiles:        4
# - MatrixInstruction: [16, 16, 32, 1, 1, 7, 5, 4, 1] # size [256, 256, 1, 680960] MT 448x80  - TT 7x80   - WG 64x4   - MIBlockM:  1 - totalGranularity:  0.00000 TilesPerCU:  0.01562, TotalTiles:        4
# - MatrixInstruction: [16, 16, 32, 1, 1, 8, 4, 4, 1] # size [256, 256, 1, 680960] MT 512x64  - TT 8x64   - WG 64x4   - MIBlockM:  1 - totalGranularity:  0.00000 TilesPerCU:  0.01562, TotalTiles:        4
# - MatrixInstruction: [16, 16, 32, 1, 1, 8, 5, 4, 1] # size [256, 256, 1, 680960] MT 512x80  - TT 8x80   - WG 64x4   - MIBlockM:  1 - totalGranularity:  0.00000 TilesPerCU:  0.01562, TotalTiles:        4
# - MatrixInstruction: [16, 16, 32, 1, 1, 9, 2, 2, 2] # size [256, 256, 1, 680960] MT 288x64  - TT 9x32   - WG 32x8   - MIBlockM:  1 - totalGranularity:  0.00000 TilesPerCU:  0.01562, TotalTiles:        4
# - MatrixInstruction: [16, 16, 32, 1, 1, 10, 2, 2, 2] # size [256, 256, 1, 680960] MT 320x64  - TT 10x32  - WG 32x8   - MIBlockM:  1 - totalGranularity:  0.00000 TilesPerCU:  0.01562, TotalTiles:        4
# - MatrixInstruction: [16, 16, 32, 1, 1, 11, 2, 2, 2] # size [256, 256, 1, 680960] MT 352x64  - TT 11x32  - WG 32x8   - MIBlockM:  1 - totalGranularity:  0.00000 TilesPerCU:  0.01562, TotalTiles:        4
# - MatrixInstruction: [16, 16, 32, 1, 1, 12, 2, 2, 2] # size [256, 256, 1, 680960] MT 384x64  - TT 12x32  - WG 32x8   - MIBlockM:  1 - totalGranularity:  0.00000 TilesPerCU:  0.01562, TotalTiles:        4
# - MatrixInstruction: [16, 16, 32, 1, 1, 13, 2, 2, 2] # size [256, 256, 1, 680960] MT 416x64  - TT 13x32  - WG 32x8   - MIBlockM:  1 - totalGranularity:  0.00000 TilesPerCU:  0.01562, TotalTiles:        4
# - MatrixInstruction: [16, 16, 32, 1, 1, 14, 2, 2, 2] # size [256, 256, 1, 680960] MT 448x64  - TT 14x32  - WG 32x8   - MIBlockM:  1 - totalGranularity:  0.00000 TilesPerCU:  0.01562, TotalTiles:        4
# - MatrixInstruction: [16, 16, 32, 1, 1, 15, 2, 2, 2] # size [256, 256, 1, 680960] MT 480x64  - TT 15x32  - WG 32x8   - MIBlockM:  1 - totalGranularity:  0.00000 TilesPerCU:  0.01562, TotalTiles:        4
# - MatrixInstruction: [16, 16, 32, 1, 1, 16, 2, 2, 2] # size [256, 256, 1, 680960] MT 512x64  - TT 16x32  - WG 32x8   - MIBlockM:  1 - totalGranularity:  0.00000 TilesPerCU:  0.01562, TotalTiles:        4
# - MatrixInstruction: [16, 16, 32, 1, 1, 17, 1, 1, 4] # size [256, 256, 1, 680960] MT 272x64  - TT 17x16  - WG 16x16  - MIBlockM:  1 - totalGranularity:  0.00000 TilesPerCU:  0.01562, TotalTiles:        4
# - MatrixInstruction: [16, 16, 32, 1, 1, 18, 1, 1, 4] # size [256, 256, 1, 680960] MT 288x64  - TT 18x16  - WG 16x16  - MIBlockM:  1 - totalGranularity:  0.00000 TilesPerCU:  0.01562, TotalTiles:        4
# - MatrixInstruction: [16, 16, 32, 1, 1, 19, 1, 1, 4] # size [256, 256, 1, 680960] MT 304x64  - TT 19x16  - WG 16x16  - MIBlockM:  1 - totalGranularity:  0.00000 TilesPerCU:  0.01562, TotalTiles:        4
# - MatrixInstruction: [16, 16, 32, 1, 1, 20, 1, 1, 4] # size [256, 256, 1, 680960] MT 320x64  - TT 20x16  - WG 16x16  - MIBlockM:  1 - totalGranularity:  0.00000 TilesPerCU:  0.01562, TotalTiles:        4
# - MatrixInstruction: [16, 16, 32, 1, 1, 21, 1, 1, 4] # size [256, 256, 1, 680960] MT 336x64  - TT 21x16  - WG 16x16  - MIBlockM:  1 - totalGranularity:  0.00000 TilesPerCU:  0.01562, TotalTiles:        4
# - MatrixInstruction: [16, 16, 32, 1, 1, 22, 1, 1, 4] # size [256, 256, 1, 680960] MT 352x64  - TT 22x16  - WG 16x16  - MIBlockM:  1 - totalGranularity:  0.00000 TilesPerCU:  0.01562, TotalTiles:        4
# - MatrixInstruction: [16, 16, 32, 1, 1, 23, 1, 1, 4] # size [256, 256, 1, 680960] MT 368x64  - TT 23x16  - WG 16x16  - MIBlockM:  1 - totalGranularity:  0.00000 TilesPerCU:  0.01562, TotalTiles:        4
# - MatrixInstruction: [16, 16, 32, 1, 1, 24, 1, 1, 4] # size [256, 256, 1, 680960] MT 384x64  - TT 24x16  - WG 16x16  - MIBlockM:  1 - totalGranularity:  0.00000 TilesPerCU:  0.01562, TotalTiles:        4
# - MatrixInstruction: [16, 16, 32, 1, 1, 25, 1, 1, 4] # size [256, 256, 1, 680960] MT 400x64  - TT 25x16  - WG 16x16  - MIBlockM:  1 - totalGranularity:  0.00000 TilesPerCU:  0.01562, TotalTiles:        4
# - MatrixInstruction: [16, 16, 32, 1, 1, 26, 1, 1, 4] # size [256, 256, 1, 680960] MT 416x64  - TT 26x16  - WG 16x16  - MIBlockM:  1 - totalGranularity:  0.00000 TilesPerCU:  0.01562, TotalTiles:        4
# - MatrixInstruction: [16, 16, 32, 1, 1, 27, 1, 1, 4] # size [256, 256, 1, 680960] MT 432x64  - TT 27x16  - WG 16x16  - MIBlockM:  1 - totalGranularity:  0.00000 TilesPerCU:  0.01562, TotalTiles:        4
# - MatrixInstruction: [16, 16, 32, 1, 1, 28, 1, 1, 4] # size [256, 256, 1, 680960] MT 448x64  - TT 28x16  - WG 16x16  - MIBlockM:  1 - totalGranularity:  0.00000 TilesPerCU:  0.01562, TotalTiles:        4
# - MatrixInstruction: [16, 16, 32, 1, 1, 29, 1, 1, 4] # size [256, 256, 1, 680960] MT 464x64  - TT 29x16  - WG 16x16  - MIBlockM:  1 - totalGranularity:  0.00000 TilesPerCU:  0.01562, TotalTiles:        4
# - MatrixInstruction: [16, 16, 32, 1, 1, 30, 1, 1, 4] # size [256, 256, 1, 680960] MT 480x64  - TT 30x16  - WG 16x16  - MIBlockM:  1 - totalGranularity:  0.00000 TilesPerCU:  0.01562, TotalTiles:        4
# - MatrixInstruction: [16, 16, 32, 1, 1, 31, 1, 1, 4] # size [256, 256, 1, 680960] MT 496x64  - TT 31x16  - WG 16x16  - MIBlockM:  1 - totalGranularity:  0.00000 TilesPerCU:  0.01562, TotalTiles:        4
# - MatrixInstruction: [16, 16, 32, 1, 1, 32, 1, 1, 4] # size [256, 256, 1, 680960] MT 512x64  - TT 32x16  - WG 16x16  - MIBlockM:  1 - totalGranularity:  0.00000 TilesPerCU:  0.01562, TotalTiles:        4
# - MatrixInstruction: [32, 32, 16, 1, 1, 3, 2, 4, 1] # size [256, 256, 1, 680960] MT 384x64  - TT 3x64   - WG 128x2  - MIBlockM:  1 - totalGranularity:  0.00000 TilesPerCU:  0.01562, TotalTiles:        4
# - MatrixInstruction: [32, 32, 16, 1, 1, 4, 2, 4, 1] # size [256, 256, 1, 680960] MT 512x64  - TT 4x64   - WG 128x2  - MIBlockM:  1 - totalGranularity:  0.00000 TilesPerCU:  0.01562, TotalTiles:        4
# - MatrixInstruction: [32, 32, 16, 1, 1, 5, 1, 2, 2] # size [256, 256, 1, 680960] MT 320x64  - TT 5x32   - WG 64x4   - MIBlockM:  1 - totalGranularity:  0.00000 TilesPerCU:  0.01562, TotalTiles:        4
# - MatrixInstruction: [32, 32, 16, 1, 1, 6, 1, 2, 2] # size [256, 256, 1, 680960] MT 384x64  - TT 6x32   - WG 64x4   - MIBlockM:  1 - totalGranularity:  0.00000 TilesPerCU:  0.01562, TotalTiles:        4
# - MatrixInstruction: [32, 32, 16, 1, 1, 7, 1, 2, 2] # size [256, 256, 1, 680960] MT 448x64  - TT 7x32   - WG 64x4   - MIBlockM:  1 - totalGranularity:  0.00000 TilesPerCU:  0.01562, TotalTiles:        4
# - MatrixInstruction: [32, 32, 16, 1, 1, 8, 1, 2, 2] # size [256, 256, 1, 680960] MT 512x64  - TT 8x32   - WG 64x4   - MIBlockM:  1 - totalGranularity:  0.00000 TilesPerCU:  0.01562, TotalTiles:        4
# - MatrixInstruction: [16, 16, 32, 1, 1, 4, 6, 4, 1] # size [256, 256, 1, 680960] MT 256x96  - TT 4x96   - WG 64x4   - MIBlockM:  1 - totalGranularity:  0.01042 TilesPerCU:  0.01172, TotalTiles:        3
# - MatrixInstruction: [16, 16, 32, 1, 1, 3, 8, 2, 2] # size [256, 256, 1, 680960] MT 96x256  - TT 3x128  - WG 32x8   - MIBlockM:  1 - totalGranularity:  0.01042 TilesPerCU:  0.01172, TotalTiles:        3
# - MatrixInstruction: [16, 16, 32, 1, 1, 8, 3, 2, 2] # size [256, 256, 1, 680960] MT 256x96  - TT 8x48   - WG 32x8   - MIBlockM:  1 - totalGranularity:  0.01042 TilesPerCU:  0.01172, TotalTiles:        3
# - MatrixInstruction: [16, 16, 32, 1, 1, 6, 4, 1, 4] # size [256, 256, 1, 680960] MT 96x256  - TT 6x64   - WG 16x16  - MIBlockM:  1 - totalGranularity:  0.01042 TilesPerCU:  0.01172, TotalTiles:        3
# - MatrixInstruction: [32, 32, 16, 1, 1, 2, 3, 4, 1] # size [256, 256, 1, 680960] MT 256x96  - TT 2x96   - WG 128x2  - MIBlockM:  1 - totalGranularity:  0.01042 TilesPerCU:  0.01172, TotalTiles:        3
# - MatrixInstruction: [32, 32, 16, 1, 1, 3, 2, 1, 4] # size [256, 256, 1, 680960] MT 96x256  - TT 3x64   - WG 32x8   - MIBlockM:  1 - totalGranularity:  0.01042 TilesPerCU:  0.01172, TotalTiles:        3
# - MatrixInstruction: [16, 16, 32, 1, 1, 3, 9, 2, 2] # size [256, 256, 1, 680960] MT 96x288  - TT 3x144  - WG 32x8   - MIBlockM:  1 - totalGranularity:  0.00926 TilesPerCU:  0.01172, TotalTiles:        3
# - MatrixInstruction: [16, 16, 32, 1, 1, 4, 7, 4, 1] # size [256, 256, 1, 680960] MT 256x112 - TT 4x112  - WG 64x4   - MIBlockM:  1 - totalGranularity:  0.00893 TilesPerCU:  0.01172, TotalTiles:        3
# - MatrixInstruction: [16, 16, 32, 1, 1, 7, 4, 1, 4] # size [256, 256, 1, 680960] MT 112x256 - TT 7x64   - WG 16x16  - MIBlockM:  1 - totalGranularity:  0.00893 TilesPerCU:  0.01172, TotalTiles:        3
# - MatrixInstruction: [16, 16, 32, 1, 1, 3, 10, 2, 2] # size [256, 256, 1, 680960] MT 96x320  - TT 3x160  - WG 32x8   - MIBlockM:  1 - totalGranularity:  0.00833 TilesPerCU:  0.01172, TotalTiles:        3
# - MatrixInstruction: [16, 16, 32, 1, 1, 6, 5, 1, 4] # size [256, 256, 1, 680960] MT 96x320  - TT 6x80   - WG 16x16  - MIBlockM:  1 - totalGranularity:  0.00833 TilesPerCU:  0.01172, TotalTiles:        3
# - MatrixInstruction: [16, 16, 32, 1, 1, 3, 11, 2, 2] # size [256, 256, 1, 680960] MT 96x352  - TT 3x176  - WG 32x8   - MIBlockM:  1 - totalGranularity:  0.00758 TilesPerCU:  0.01172, TotalTiles:        3
# - MatrixInstruction: [16, 16, 32, 1, 1, 7, 5, 1, 4] # size [256, 256, 1, 680960] MT 112x320 - TT 7x80   - WG 16x16  - MIBlockM:  1 - totalGranularity:  0.00714 TilesPerCU:  0.01172, TotalTiles:        3
# - MatrixInstruction: [16, 16, 32, 1, 1, 3, 12, 2, 2] # size [256, 256, 1, 680960] MT 96x384  - TT 3x192  - WG 32x8   - MIBlockM:  1 - totalGranularity:  0.00694 TilesPerCU:  0.01172, TotalTiles:        3
# - MatrixInstruction: [16, 16, 32, 1, 1, 6, 6, 1, 4] # size [256, 256, 1, 680960] MT 96x384  - TT 6x96   - WG 16x16  - MIBlockM:  1 - totalGranularity:  0.00694 TilesPerCU:  0.01172, TotalTiles:        3
# - MatrixInstruction: [32, 32, 16, 1, 1, 3, 3, 1, 4] # size [256, 256, 1, 680960] MT 96x384  - TT 3x96   - WG 32x8   - MIBlockM:  1 - totalGranularity:  0.00694 TilesPerCU:  0.01172, TotalTiles:        3
# - MatrixInstruction: [16, 16, 32, 1, 1, 3, 13, 2, 2] # size [256, 256, 1, 680960] MT 96x416  - TT 3x208  - WG 32x8   - MIBlockM:  1 - totalGranularity:  0.00641 TilesPerCU:  0.01172, TotalTiles:        3
# - MatrixInstruction: [16, 16, 32, 1, 1, 3, 14, 2, 2] # size [256, 256, 1, 680960] MT 96x448  - TT 3x224  - WG 32x8   - MIBlockM:  1 - totalGranularity:  0.00595 TilesPerCU:  0.01172, TotalTiles:        3
# - MatrixInstruction: [16, 16, 32, 1, 1, 6, 7, 1, 4] # size [256, 256, 1, 680960] MT 96x448  - TT 6x112  - WG 16x16  - MIBlockM:  1 - totalGranularity:  0.00595 TilesPerCU:  0.01172, TotalTiles:        3
# - MatrixInstruction: [16, 16, 32, 1, 1, 7, 6, 1, 4] # size [256, 256, 1, 680960] MT 112x384 - TT 7x96   - WG 16x16  - MIBlockM:  1 - totalGranularity:  0.00595 TilesPerCU:  0.01172, TotalTiles:        3
# - MatrixInstruction: [16, 16, 32, 1, 1, 3, 15, 2, 2] # size [256, 256, 1, 680960] MT 96x480  - TT 3x240  - WG 32x8   - MIBlockM:  1 - totalGranularity:  0.00556 TilesPerCU:  0.01172, TotalTiles:        3
# - MatrixInstruction: [16, 16, 32, 1, 1, 3, 16, 2, 2] # size [256, 256, 1, 680960] MT 96x512  - TT 3x256  - WG 32x8   - MIBlockM:  1 - totalGranularity:  0.00521 TilesPerCU:  0.01172, TotalTiles:        3
# - MatrixInstruction: [16, 16, 32, 1, 1, 6, 8, 1, 4] # size [256, 256, 1, 680960] MT 96x512  - TT 6x128  - WG 16x16  - MIBlockM:  1 - totalGranularity:  0.00521 TilesPerCU:  0.01172, TotalTiles:        3
# - MatrixInstruction: [32, 32, 16, 1, 1, 3, 4, 1, 4] # size [256, 256, 1, 680960] MT 96x512  - TT 3x128  - WG 32x8   - MIBlockM:  1 - totalGranularity:  0.00521 TilesPerCU:  0.01172, TotalTiles:        3
# - MatrixInstruction: [16, 16, 32, 1, 1, 7, 7, 1, 4] # size [256, 256, 1, 680960] MT 112x448 - TT 7x112  - WG 16x16  - MIBlockM:  1 - totalGranularity:  0.00510 TilesPerCU:  0.01172, TotalTiles:        3
# - MatrixInstruction: [16, 16, 32, 1, 1, 7, 8, 1, 4] # size [256, 256, 1, 680960] MT 112x512 - TT 7x128  - WG 16x16  - MIBlockM:  1 - totalGranularity:  0.00446 TilesPerCU:  0.01172, TotalTiles:        3
# - MatrixInstruction: [16, 16, 32, 1, 1, 5, 6, 4, 1] # size [256, 256, 1, 680960] MT 320x96  - TT 5x96   - WG 64x4   - MIBlockM:  1 - totalGranularity:  0.00000 TilesPerCU:  0.01172, TotalTiles:        3
# - MatrixInstruction: [16, 16, 32, 1, 1, 5, 7, 4, 1] # size [256, 256, 1, 680960] MT 320x112 - TT 5x112  - WG 64x4   - MIBlockM:  1 - totalGranularity:  0.00000 TilesPerCU:  0.01172, TotalTiles:        3
# - MatrixInstruction: [16, 16, 32, 1, 1, 6, 6, 4, 1] # size [256, 256, 1, 680960] MT 384x96  - TT 6x96   - WG 64x4   - MIBlockM:  1 - totalGranularity:  0.00000 TilesPerCU:  0.01172, TotalTiles:        3
# - MatrixInstruction: [16, 16, 32, 1, 1, 6, 7, 4, 1] # size [256, 256, 1, 680960] MT 384x112 - TT 6x112  - WG 64x4   - MIBlockM:  1 - totalGranularity:  0.00000 TilesPerCU:  0.01172, TotalTiles:        3
# - MatrixInstruction: [16, 16, 32, 1, 1, 7, 6, 4, 1] # size [256, 256, 1, 680960] MT 448x96  - TT 7x96   - WG 64x4   - MIBlockM:  1 - totalGranularity:  0.00000 TilesPerCU:  0.01172, TotalTiles:        3
# - MatrixInstruction: [16, 16, 32, 1, 1, 7, 7, 4, 1] # size [256, 256, 1, 680960] MT 448x112 - TT 7x112  - WG 64x4   - MIBlockM:  1 - totalGranularity:  0.00000 TilesPerCU:  0.01172, TotalTiles:        3
# - MatrixInstruction: [16, 16, 32, 1, 1, 8, 6, 4, 1] # size [256, 256, 1, 680960] MT 512x96  - TT 8x96   - WG 64x4   - MIBlockM:  1 - totalGranularity:  0.00000 TilesPerCU:  0.01172, TotalTiles:        3
# - MatrixInstruction: [16, 16, 32, 1, 1, 8, 7, 4, 1] # size [256, 256, 1, 680960] MT 512x112 - TT 8x112  - WG 64x4   - MIBlockM:  1 - totalGranularity:  0.00000 TilesPerCU:  0.01172, TotalTiles:        3
# - MatrixInstruction: [16, 16, 32, 1, 1, 9, 3, 2, 2] # size [256, 256, 1, 680960] MT 288x96  - TT 9x48   - WG 32x8   - MIBlockM:  1 - totalGranularity:  0.00000 TilesPerCU:  0.01172, TotalTiles:        3
# - MatrixInstruction: [16, 16, 32, 1, 1, 10, 3, 2, 2] # size [256, 256, 1, 680960] MT 320x96  - TT 10x48  - WG 32x8   - MIBlockM:  1 - totalGranularity:  0.00000 TilesPerCU:  0.01172, TotalTiles:        3
# - MatrixInstruction: [16, 16, 32, 1, 1, 11, 3, 2, 2] # size [256, 256, 1, 680960] MT 352x96  - TT 11x48  - WG 32x8   - MIBlockM:  1 - totalGranularity:  0.00000 TilesPerCU:  0.01172, TotalTiles:        3
# - MatrixInstruction: [16, 16, 32, 1, 1, 12, 3, 2, 2] # size [256, 256, 1, 680960] MT 384x96  - TT 12x48  - WG 32x8   - MIBlockM:  1 - totalGranularity:  0.00000 TilesPerCU:  0.01172, TotalTiles:        3
# - MatrixInstruction: [16, 16, 32, 1, 1, 13, 3, 2, 2] # size [256, 256, 1, 680960] MT 416x96  - TT 13x48  - WG 32x8   - MIBlockM:  1 - totalGranularity:  0.00000 TilesPerCU:  0.01172, TotalTiles:        3
# - MatrixInstruction: [16, 16, 32, 1, 1, 14, 3, 2, 2] # size [256, 256, 1, 680960] MT 448x96  - TT 14x48  - WG 32x8   - MIBlockM:  1 - totalGranularity:  0.00000 TilesPerCU:  0.01172, TotalTiles:        3
# - MatrixInstruction: [16, 16, 32, 1, 1, 15, 3, 2, 2] # size [256, 256, 1, 680960] MT 480x96  - TT 15x48  - WG 32x8   - MIBlockM:  1 - totalGranularity:  0.00000 TilesPerCU:  0.01172, TotalTiles:        3
# - MatrixInstruction: [16, 16, 32, 1, 1, 16, 3, 2, 2] # size [256, 256, 1, 680960] MT 512x96  - TT 16x48  - WG 32x8   - MIBlockM:  1 - totalGranularity:  0.00000 TilesPerCU:  0.01172, TotalTiles:        3
# - MatrixInstruction: [32, 32, 16, 1, 1, 3, 3, 4, 1] # size [256, 256, 1, 680960] MT 384x96  - TT 3x96   - WG 128x2  - MIBlockM:  1 - totalGranularity:  0.00000 TilesPerCU:  0.01172, TotalTiles:        3
# - MatrixInstruction: [32, 32, 16, 1, 1, 4, 3, 4, 1] # size [256, 256, 1, 680960] MT 512x96  - TT 4x96   - WG 128x2  - MIBlockM:  1 - totalGranularity:  0.00000 TilesPerCU:  0.01172, TotalTiles:        3
# - MatrixInstruction: [16, 16, 32, 1, 1, 2, 16, 4, 1] # size [256, 256, 1, 680960] MT 128x256 - TT 2x256  - WG 64x4   - MIBlockM:  1 - totalGranularity:  0.00781 TilesPerCU:  0.00781, TotalTiles:        2
# - MatrixInstruction: [16, 16, 32, 1, 1, 4, 8, 4, 1] # size [256, 256, 1, 680960] MT 256x128 - TT 4x128  - WG 64x4   - MIBlockM:  1 - totalGranularity:  0.00781 TilesPerCU:  0.00781, TotalTiles:        2
# - MatrixInstruction: [16, 16, 32, 1, 1, 4, 8, 2, 2] # size [256, 256, 1, 680960] MT 128x256 - TT 4x128  - WG 32x8   - MIBlockM:  1 - totalGranularity:  0.00781 TilesPerCU:  0.00781, TotalTiles:        2
# - MatrixInstruction: [16, 16, 32, 1, 1, 8, 4, 2, 2] # size [256, 256, 1, 680960] MT 256x128 - TT 8x64   - WG 32x8   - MIBlockM:  1 - totalGranularity:  0.00781 TilesPerCU:  0.00781, TotalTiles:        2
# - MatrixInstruction: [16, 16, 32, 1, 1, 8, 4, 1, 4] # size [256, 256, 1, 680960] MT 128x256 - TT 8x64   - WG 16x16  - MIBlockM:  1 - totalGranularity:  0.00781 TilesPerCU:  0.00781, TotalTiles:        2
# - MatrixInstruction: [16, 16, 32, 1, 1, 16, 2, 1, 4] # size [256, 256, 1, 680960] MT 256x128 - TT 16x32  - WG 16x16  - MIBlockM:  1 - totalGranularity:  0.00781 TilesPerCU:  0.00781, TotalTiles:        2
# - MatrixInstruction: [32, 32, 16, 1, 1, 1, 8, 4, 1] # size [256, 256, 1, 680960] MT 128x256 - TT 1x256  - WG 128x2  - MIBlockM:  1 - totalGranularity:  0.00781 TilesPerCU:  0.00781, TotalTiles:        2
# - MatrixInstruction: [32, 32, 16, 1, 1, 2, 4, 4, 1] # size [256, 256, 1, 680960] MT 256x128 - TT 2x128  - WG 128x2  - MIBlockM:  1 - totalGranularity:  0.00781 TilesPerCU:  0.00781, TotalTiles:        2
# - MatrixInstruction: [32, 32, 16, 1, 1, 2, 4, 2, 2] # size [256, 256, 1, 680960] MT 128x256 - TT 2x128  - WG 64x4   - MIBlockM:  1 - totalGranularity:  0.00781 TilesPerCU:  0.00781, TotalTiles:        2
# - MatrixInstruction: [32, 32, 16, 1, 1, 4, 2, 2, 2] # size [256, 256, 1, 680960] MT 256x128 - TT 4x64   - WG 64x4   - MIBlockM:  1 - totalGranularity:  0.00781 TilesPerCU:  0.00781, TotalTiles:        2
# - MatrixInstruction: [32, 32, 16, 1, 1, 4, 2, 1, 4] # size [256, 256, 1, 680960] MT 128x256 - TT 4x64   - WG 32x8   - MIBlockM:  1 - totalGranularity:  0.00781 TilesPerCU:  0.00781, TotalTiles:        2
# - MatrixInstruction: [32, 32, 16, 1, 1, 8, 1, 1, 4] # size [256, 256, 1, 680960] MT 256x128 - TT 8x32   - WG 32x8   - MIBlockM:  1 - totalGranularity:  0.00781 TilesPerCU:  0.00781, TotalTiles:        2
# - MatrixInstruction: [16, 16, 32, 1, 1, 2, 17, 4, 1] # size [256, 256, 1, 680960] MT 128x272 - TT 2x272  - WG 64x4   - MIBlockM:  1 - totalGranularity:  0.00735 TilesPerCU:  0.00781, TotalTiles:        2
# - MatrixInstruction: [16, 16, 32, 1, 1, 2, 18, 4, 1] # size [256, 256, 1, 680960] MT 128x288 - TT 2x288  - WG 64x4   - MIBlockM:  1 - totalGranularity:  0.00694 TilesPerCU:  0.00781, TotalTiles:        2
# - MatrixInstruction: [16, 16, 32, 1, 1, 4, 9, 4, 1] # size [256, 256, 1, 680960] MT 256x144 - TT 4x144  - WG 64x4   - MIBlockM:  1 - totalGranularity:  0.00694 TilesPerCU:  0.00781, TotalTiles:        2
# - MatrixInstruction: [16, 16, 32, 1, 1, 4, 9, 2, 2] # size [256, 256, 1, 680960] MT 128x288 - TT 4x144  - WG 32x8   - MIBlockM:  1 - totalGranularity:  0.00694 TilesPerCU:  0.00781, TotalTiles:        2
# - MatrixInstruction: [16, 16, 32, 1, 1, 9, 4, 1, 4] # size [256, 256, 1, 680960] MT 144x256 - TT 9x64   - WG 16x16  - MIBlockM:  1 - totalGranularity:  0.00694 TilesPerCU:  0.00781, TotalTiles:        2
# - MatrixInstruction: [32, 32, 16, 1, 1, 1, 9, 4, 1] # size [256, 256, 1, 680960] MT 128x288 - TT 1x288  - WG 128x2  - MIBlockM:  1 - totalGranularity:  0.00694 TilesPerCU:  0.00781, TotalTiles:        2
# - MatrixInstruction: [16, 16, 32, 1, 1, 2, 19, 4, 1] # size [256, 256, 1, 680960] MT 128x304 - TT 2x304  - WG 64x4   - MIBlockM:  1 - totalGranularity:  0.00658 TilesPerCU:  0.00781, TotalTiles:        2
# - MatrixInstruction: [16, 16, 32, 1, 1, 2, 20, 4, 1] # size [256, 256, 1, 680960] MT 128x320 - TT 2x320  - WG 64x4   - MIBlockM:  1 - totalGranularity:  0.00625 TilesPerCU:  0.00781, TotalTiles:        2
# - MatrixInstruction: [16, 16, 32, 1, 1, 4, 10, 4, 1] # size [256, 256, 1, 680960] MT 256x160 - TT 4x160  - WG 64x4   - MIBlockM:  1 - totalGranularity:  0.00625 TilesPerCU:  0.00781, TotalTiles:        2
# - MatrixInstruction: [16, 16, 32, 1, 1, 4, 10, 2, 2] # size [256, 256, 1, 680960] MT 128x320 - TT 4x160  - WG 32x8   - MIBlockM:  1 - totalGranularity:  0.00625 TilesPerCU:  0.00781, TotalTiles:        2
# - MatrixInstruction: [16, 16, 32, 1, 1, 5, 8, 2, 2] # size [256, 256, 1, 680960] MT 160x256 - TT 5x128  - WG 32x8   - MIBlockM:  1 - totalGranularity:  0.00625 TilesPerCU:  0.00781, TotalTiles:        2
# - MatrixInstruction: [16, 16, 32, 1, 1, 8, 5, 2, 2] # size [256, 256, 1, 680960] MT 256x160 - TT 8x80   - WG 32x8   - MIBlockM:  1 - totalGranularity:  0.00625 TilesPerCU:  0.00781, TotalTiles:        2
# - MatrixInstruction: [16, 16, 32, 1, 1, 8, 5, 1, 4] # size [256, 256, 1, 680960] MT 128x320 - TT 8x80   - WG 16x16  - MIBlockM:  1 - totalGranularity:  0.00625 TilesPerCU:  0.00781, TotalTiles:        2
# - MatrixInstruction: [16, 16, 32, 1, 1, 10, 4, 1, 4] # size [256, 256, 1, 680960] MT 160x256 - TT 10x64  - WG 16x16  - MIBlockM:  1 - totalGranularity:  0.00625 TilesPerCU:  0.00781, TotalTiles:        2
# - MatrixInstruction: [32, 32, 16, 1, 1, 1, 10, 4, 1] # size [256, 256, 1, 680960] MT 128x320 - TT 1x320  - WG 128x2  - MIBlockM:  1 - totalGranularity:  0.00625 TilesPerCU:  0.00781, TotalTiles:        2
# - MatrixInstruction: [32, 32, 16, 1, 1, 2, 5, 4, 1] # size [256, 256, 1, 680960] MT 256x160 - TT 2x160  - WG 128x2  - MIBlockM:  1 - totalGranularity:  0.00625 TilesPerCU:  0.00781, TotalTiles:        2
# - MatrixInstruction: [32, 32, 16, 1, 1, 2, 5, 2, 2] # size [256, 256, 1, 680960] MT 128x320 - TT 2x160  - WG 64x4   - MIBlockM:  1 - totalGranularity:  0.00625 TilesPerCU:  0.00781, TotalTiles:        2
# - MatrixInstruction: [32, 32, 16, 1, 1, 5, 2, 1, 4] # size [256, 256, 1, 680960] MT 160x256 - TT 5x64   - WG 32x8   - MIBlockM:  1 - totalGranularity:  0.00625 TilesPerCU:  0.00781, TotalTiles:        2
# - MatrixInstruction: [16, 16, 32, 1, 1, 2, 21, 4, 1] # size [256, 256, 1, 680960] MT 128x336 - TT 2x336  - WG 64x4   - MIBlockM:  1 - totalGranularity:  0.00595 TilesPerCU:  0.00781, TotalTiles:        2
# - MatrixInstruction: [16, 16, 32, 1, 1, 2, 22, 4, 1] # size [256, 256, 1, 680960] MT 128x352 - TT 2x352  - WG 64x4   - MIBlockM:  1 - totalGranularity:  0.00568 TilesPerCU:  0.00781, TotalTiles:        2
# - MatrixInstruction: [16, 16, 32, 1, 1, 4, 11, 4, 1] # size [256, 256, 1, 680960] MT 256x176 - TT 4x176  - WG 64x4   - MIBlockM:  1 - totalGranularity:  0.00568 TilesPerCU:  0.00781, TotalTiles:        2
# - MatrixInstruction: [16, 16, 32, 1, 1, 4, 11, 2, 2] # size [256, 256, 1, 680960] MT 128x352 - TT 4x176  - WG 32x8   - MIBlockM:  1 - totalGranularity:  0.00568 TilesPerCU:  0.00781, TotalTiles:        2
# - MatrixInstruction: [16, 16, 32, 1, 1, 11, 4, 1, 4] # size [256, 256, 1, 680960] MT 176x256 - TT 11x64  - WG 16x16  - MIBlockM:  1 - totalGranularity:  0.00568 TilesPerCU:  0.00781, TotalTiles:        2
# - MatrixInstruction: [32, 32, 16, 1, 1, 1, 11, 4, 1] # size [256, 256, 1, 680960] MT 128x352 - TT 1x352  - WG 128x2  - MIBlockM:  1 - totalGranularity:  0.00568 TilesPerCU:  0.00781, TotalTiles:        2
# - MatrixInstruction: [16, 16, 32, 1, 1, 5, 9, 2, 2] # size [256, 256, 1, 680960] MT 160x288 - TT 5x144  - WG 32x8   - MIBlockM:  1 - totalGranularity:  0.00556 TilesPerCU:  0.00781, TotalTiles:        2
# - MatrixInstruction: [16, 16, 32, 1, 1, 9, 5, 1, 4] # size [256, 256, 1, 680960] MT 144x320 - TT 9x80   - WG 16x16  - MIBlockM:  1 - totalGranularity:  0.00556 TilesPerCU:  0.00781, TotalTiles:        2
# - MatrixInstruction: [16, 16, 32, 1, 1, 2, 23, 4, 1] # size [256, 256, 1, 680960] MT 128x368 - TT 2x368  - WG 64x4   - MIBlockM:  1 - totalGranularity:  0.00543 TilesPerCU:  0.00781, TotalTiles:        2
# - MatrixInstruction: [16, 16, 32, 1, 1, 2, 24, 4, 1] # size [256, 256, 1, 680960] MT 128x384 - TT 2x384  - WG 64x4   - MIBlockM:  1 - totalGranularity:  0.00521 TilesPerCU:  0.00781, TotalTiles:        2
# - MatrixInstruction: [16, 16, 32, 1, 1, 3, 16, 4, 1] # size [256, 256, 1, 680960] MT 192x256 - TT 3x256  - WG 64x4   - MIBlockM:  1 - totalGranularity:  0.00521 TilesPerCU:  0.00781, TotalTiles:        2
# - MatrixInstruction: [16, 16, 32, 1, 1, 4, 12, 4, 1] # size [256, 256, 1, 680960] MT 256x192 - TT 4x192  - WG 64x4   - MIBlockM:  1 - totalGranularity:  0.00521 TilesPerCU:  0.00781, TotalTiles:        2
# - MatrixInstruction: [16, 16, 32, 1, 1, 4, 12, 2, 2] # size [256, 256, 1, 680960] MT 128x384 - TT 4x192  - WG 32x8   - MIBlockM:  1 - totalGranularity:  0.00521 TilesPerCU:  0.00781, TotalTiles:        2
# - MatrixInstruction: [16, 16, 32, 1, 1, 6, 8, 2, 2] # size [256, 256, 1, 680960] MT 192x256 - TT 6x128  - WG 32x8   - MIBlockM:  1 - totalGranularity:  0.00521 TilesPerCU:  0.00781, TotalTiles:        2
# - MatrixInstruction: [16, 16, 32, 1, 1, 8, 6, 2, 2] # size [256, 256, 1, 680960] MT 256x192 - TT 8x96   - WG 32x8   - MIBlockM:  1 - totalGranularity:  0.00521 TilesPerCU:  0.00781, TotalTiles:        2
# - MatrixInstruction: [16, 16, 32, 1, 1, 8, 6, 1, 4] # size [256, 256, 1, 680960] MT 128x384 - TT 8x96   - WG 16x16  - MIBlockM:  1 - totalGranularity:  0.00521 TilesPerCU:  0.00781, TotalTiles:        2
# - MatrixInstruction: [16, 16, 32, 1, 1, 12, 4, 1, 4] # size [256, 256, 1, 680960] MT 192x256 - TT 12x64  - WG 16x16  - MIBlockM:  1 - totalGranularity:  0.00521 TilesPerCU:  0.00781, TotalTiles:        2
# - MatrixInstruction: [16, 16, 32, 1, 1, 16, 3, 1, 4] # size [256, 256, 1, 680960] MT 256x192 - TT 16x48  - WG 16x16  - MIBlockM:  1 - totalGranularity:  0.00521 TilesPerCU:  0.00781, TotalTiles:        2
# - MatrixInstruction: [32, 32, 16, 1, 1, 1, 12, 4, 1] # size [256, 256, 1, 680960] MT 128x384 - TT 1x384  - WG 128x2  - MIBlockM:  1 - totalGranularity:  0.00521 TilesPerCU:  0.00781, TotalTiles:        2
# - MatrixInstruction: [32, 32, 16, 1, 1, 2, 6, 4, 1] # size [256, 256, 1, 680960] MT 256x192 - TT 2x192  - WG 128x2  - MIBlockM:  1 - totalGranularity:  0.00521 TilesPerCU:  0.00781, TotalTiles:        2
# - MatrixInstruction: [32, 32, 16, 1, 1, 2, 6, 2, 2] # size [256, 256, 1, 680960] MT 128x384 - TT 2x192  - WG 64x4   - MIBlockM:  1 - totalGranularity:  0.00521 TilesPerCU:  0.00781, TotalTiles:        2
# - MatrixInstruction: [32, 32, 16, 1, 1, 3, 4, 2, 2] # size [256, 256, 1, 680960] MT 192x256 - TT 3x128  - WG 64x4   - MIBlockM:  1 - totalGranularity:  0.00521 TilesPerCU:  0.00781, TotalTiles:        2
# - MatrixInstruction: [32, 32, 16, 1, 1, 4, 3, 2, 2] # size [256, 256, 1, 680960] MT 256x192 - TT 4x96   - WG 64x4   - MIBlockM:  1 - totalGranularity:  0.00521 TilesPerCU:  0.00781, TotalTiles:        2
# - MatrixInstruction: [32, 32, 16, 1, 1, 4, 3, 1, 4] # size [256, 256, 1, 680960] MT 128x384 - TT 4x96   - WG 32x8   - MIBlockM:  1 - totalGranularity:  0.00521 TilesPerCU:  0.00781, TotalTiles:        2
# - MatrixInstruction: [32, 32, 16, 1, 1, 6, 2, 1, 4] # size [256, 256, 1, 680960] MT 192x256 - TT 6x64   - WG 32x8   - MIBlockM:  1 - totalGranularity:  0.00521 TilesPerCU:  0.00781, TotalTiles:        2
# - MatrixInstruction: [16, 16, 32, 1, 1, 2, 25, 4, 1] # size [256, 256, 1, 680960] MT 128x400 - TT 2x400  - WG 64x4   - MIBlockM:  1 - totalGranularity:  0.00500 TilesPerCU:  0.00781, TotalTiles:        2
# - MatrixInstruction: [16, 16, 32, 1, 1, 5, 10, 2, 2] # size [256, 256, 1, 680960] MT 160x320 - TT 5x160  - WG 32x8   - MIBlockM:  1 - totalGranularity:  0.00500 TilesPerCU:  0.00781, TotalTiles:        2
# - MatrixInstruction: [16, 16, 32, 1, 1, 10, 5, 1, 4] # size [256, 256, 1, 680960] MT 160x320 - TT 10x80  - WG 16x16  - MIBlockM:  1 - totalGranularity:  0.00500 TilesPerCU:  0.00781, TotalTiles:        2
# - MatrixInstruction: [16, 16, 32, 1, 1, 3, 17, 4, 1] # size [256, 256, 1, 680960] MT 192x272 - TT 3x272  - WG 64x4   - MIBlockM:  1 - totalGranularity:  0.00490 TilesPerCU:  0.00781, TotalTiles:        2
# - MatrixInstruction: [16, 16, 32, 1, 1, 2, 26, 4, 1] # size [256, 256, 1, 680960] MT 128x416 - TT 2x416  - WG 64x4   - MIBlockM:  1 - totalGranularity:  0.00481 TilesPerCU:  0.00781, TotalTiles:        2
# - MatrixInstruction: [16, 16, 32, 1, 1, 4, 13, 4, 1] # size [256, 256, 1, 680960] MT 256x208 - TT 4x208  - WG 64x4   - MIBlockM:  1 - totalGranularity:  0.00481 TilesPerCU:  0.00781, TotalTiles:        2
# - MatrixInstruction: [16, 16, 32, 1, 1, 4, 13, 2, 2] # size [256, 256, 1, 680960] MT 128x416 - TT 4x208  - WG 32x8   - MIBlockM:  1 - totalGranularity:  0.00481 TilesPerCU:  0.00781, TotalTiles:        2
# - MatrixInstruction: [16, 16, 32, 1, 1, 13, 4, 1, 4] # size [256, 256, 1, 680960] MT 208x256 - TT 13x64  - WG 16x16  - MIBlockM:  1 - totalGranularity:  0.00481 TilesPerCU:  0.00781, TotalTiles:        2
# - MatrixInstruction: [32, 32, 16, 1, 1, 1, 13, 4, 1] # size [256, 256, 1, 680960] MT 128x416 - TT 1x416  - WG 128x2  - MIBlockM:  1 - totalGranularity:  0.00481 TilesPerCU:  0.00781, TotalTiles:        2
# - MatrixInstruction: [16, 16, 32, 1, 1, 2, 27, 4, 1] # size [256, 256, 1, 680960] MT 128x432 - TT 2x432  - WG 64x4   - MIBlockM:  1 - totalGranularity:  0.00463 TilesPerCU:  0.00781, TotalTiles:        2
# - MatrixInstruction: [16, 16, 32, 1, 1, 3, 18, 4, 1] # size [256, 256, 1, 680960] MT 192x288 - TT 3x288  - WG 64x4   - MIBlockM:  1 - totalGranularity:  0.00463 TilesPerCU:  0.00781, TotalTiles:        2
# - MatrixInstruction: [16, 16, 32, 1, 1, 6, 9, 2, 2] # size [256, 256, 1, 680960] MT 192x288 - TT 6x144  - WG 32x8   - MIBlockM:  1 - totalGranularity:  0.00463 TilesPerCU:  0.00781, TotalTiles:        2
# - MatrixInstruction: [16, 16, 32, 1, 1, 9, 6, 1, 4] # size [256, 256, 1, 680960] MT 144x384 - TT 9x96   - WG 16x16  - MIBlockM:  1 - totalGranularity:  0.00463 TilesPerCU:  0.00781, TotalTiles:        2
# - MatrixInstruction: [16, 16, 32, 1, 1, 5, 11, 2, 2] # size [256, 256, 1, 680960] MT 160x352 - TT 5x176  - WG 32x8   - MIBlockM:  1 - totalGranularity:  0.00455 TilesPerCU:  0.00781, TotalTiles:        2
# - MatrixInstruction: [16, 16, 32, 1, 1, 11, 5, 1, 4] # size [256, 256, 1, 680960] MT 176x320 - TT 11x80  - WG 16x16  - MIBlockM:  1 - totalGranularity:  0.00455 TilesPerCU:  0.00781, TotalTiles:        2
# - MatrixInstruction: [16, 16, 32, 1, 1, 2, 28, 4, 1] # size [256, 256, 1, 680960] MT 128x448 - TT 2x448  - WG 64x4   - MIBlockM:  1 - totalGranularity:  0.00446 TilesPerCU:  0.00781, TotalTiles:        2
# - MatrixInstruction: [16, 16, 32, 1, 1, 4, 14, 4, 1] # size [256, 256, 1, 680960] MT 256x224 - TT 4x224  - WG 64x4   - MIBlockM:  1 - totalGranularity:  0.00446 TilesPerCU:  0.00781, TotalTiles:        2
# - MatrixInstruction: [16, 16, 32, 1, 1, 4, 14, 2, 2] # size [256, 256, 1, 680960] MT 128x448 - TT 4x224  - WG 32x8   - MIBlockM:  1 - totalGranularity:  0.00446 TilesPerCU:  0.00781, TotalTiles:        2
# - MatrixInstruction: [16, 16, 32, 1, 1, 7, 8, 2, 2] # size [256, 256, 1, 680960] MT 224x256 - TT 7x128  - WG 32x8   - MIBlockM:  1 - totalGranularity:  0.00446 TilesPerCU:  0.00781, TotalTiles:        2
# - MatrixInstruction: [16, 16, 32, 1, 1, 8, 7, 2, 2] # size [256, 256, 1, 680960] MT 256x224 - TT 8x112  - WG 32x8   - MIBlockM:  1 - totalGranularity:  0.00446 TilesPerCU:  0.00781, TotalTiles:        2
# - MatrixInstruction: [16, 16, 32, 1, 1, 8, 7, 1, 4] # size [256, 256, 1, 680960] MT 128x448 - TT 8x112  - WG 16x16  - MIBlockM:  1 - totalGranularity:  0.00446 TilesPerCU:  0.00781, TotalTiles:        2
# - MatrixInstruction: [16, 16, 32, 1, 1, 14, 4, 1, 4] # size [256, 256, 1, 680960] MT 224x256 - TT 14x64  - WG 16x16  - MIBlockM:  1 - totalGranularity:  0.00446 TilesPerCU:  0.00781, TotalTiles:        2
# - MatrixInstruction: [32, 32, 16, 1, 1, 1, 14, 4, 1] # size [256, 256, 1, 680960] MT 128x448 - TT 1x448  - WG 128x2  - MIBlockM:  1 - totalGranularity:  0.00446 TilesPerCU:  0.00781, TotalTiles:        2
# - MatrixInstruction: [32, 32, 16, 1, 1, 2, 7, 4, 1] # size [256, 256, 1, 680960] MT 256x224 - TT 2x224  - WG 128x2  - MIBlockM:  1 - totalGranularity:  0.00446 TilesPerCU:  0.00781, TotalTiles:        2
# - MatrixInstruction: [32, 32, 16, 1, 1, 2, 7, 2, 2] # size [256, 256, 1, 680960] MT 128x448 - TT 2x224  - WG 64x4   - MIBlockM:  1 - totalGranularity:  0.00446 TilesPerCU:  0.00781, TotalTiles:        2
# - MatrixInstruction: [32, 32, 16, 1, 1, 7, 2, 1, 4] # size [256, 256, 1, 680960] MT 224x256 - TT 7x64   - WG 32x8   - MIBlockM:  1 - totalGranularity:  0.00446 TilesPerCU:  0.00781, TotalTiles:        2
# - MatrixInstruction: [16, 16, 32, 1, 1, 3, 19, 4, 1] # size [256, 256, 1, 680960] MT 192x304 - TT 3x304  - WG 64x4   - MIBlockM:  1 - totalGranularity:  0.00439 TilesPerCU:  0.00781, TotalTiles:        2
# - MatrixInstruction: [16, 16, 32, 1, 1, 2, 29, 4, 1] # size [256, 256, 1, 680960] MT 128x464 - TT 2x464  - WG 64x4   - MIBlockM:  1 - totalGranularity:  0.00431 TilesPerCU:  0.00781, TotalTiles:        2
# - MatrixInstruction: [16, 16, 32, 1, 1, 2, 30, 4, 1] # size [256, 256, 1, 680960] MT 128x480 - TT 2x480  - WG 64x4   - MIBlockM:  1 - totalGranularity:  0.00417 TilesPerCU:  0.00781, TotalTiles:        2
# - MatrixInstruction: [16, 16, 32, 1, 1, 3, 20, 4, 1] # size [256, 256, 1, 680960] MT 192x320 - TT 3x320  - WG 64x4   - MIBlockM:  1 - totalGranularity:  0.00417 TilesPerCU:  0.00781, TotalTiles:        2
# - MatrixInstruction: [16, 16, 32, 1, 1, 4, 15, 4, 1] # size [256, 256, 1, 680960] MT 256x240 - TT 4x240  - WG 64x4   - MIBlockM:  1 - totalGranularity:  0.00417 TilesPerCU:  0.00781, TotalTiles:        2
# - MatrixInstruction: [16, 16, 32, 1, 1, 4, 15, 2, 2] # size [256, 256, 1, 680960] MT 128x480 - TT 4x240  - WG 32x8   - MIBlockM:  1 - totalGranularity:  0.00417 TilesPerCU:  0.00781, TotalTiles:        2
# - MatrixInstruction: [16, 16, 32, 1, 1, 5, 12, 2, 2] # size [256, 256, 1, 680960] MT 160x384 - TT 5x192  - WG 32x8   - MIBlockM:  1 - totalGranularity:  0.00417 TilesPerCU:  0.00781, TotalTiles:        2
# - MatrixInstruction: [16, 16, 32, 1, 1, 6, 10, 2, 2] # size [256, 256, 1, 680960] MT 192x320 - TT 6x160  - WG 32x8   - MIBlockM:  1 - totalGranularity:  0.00417 TilesPerCU:  0.00781, TotalTiles:        2
# - MatrixInstruction: [16, 16, 32, 1, 1, 10, 6, 1, 4] # size [256, 256, 1, 680960] MT 160x384 - TT 10x96  - WG 16x16  - MIBlockM:  1 - totalGranularity:  0.00417 TilesPerCU:  0.00781, TotalTiles:        2
# - MatrixInstruction: [16, 16, 32, 1, 1, 12, 5, 1, 4] # size [256, 256, 1, 680960] MT 192x320 - TT 12x80  - WG 16x16  - MIBlockM:  1 - totalGranularity:  0.00417 TilesPerCU:  0.00781, TotalTiles:        2
# - MatrixInstruction: [16, 16, 32, 1, 1, 15, 4, 1, 4] # size [256, 256, 1, 680960] MT 240x256 - TT 15x64  - WG 16x16  - MIBlockM:  1 - totalGranularity:  0.00417 TilesPerCU:  0.00781, TotalTiles:        2
# - MatrixInstruction: [32, 32, 16, 1, 1, 1, 15, 4, 1] # size [256, 256, 1, 680960] MT 128x480 - TT 1x480  - WG 128x2  - MIBlockM:  1 - totalGranularity:  0.00417 TilesPerCU:  0.00781, TotalTiles:        2
# - MatrixInstruction: [32, 32, 16, 1, 1, 3, 5, 2, 2] # size [256, 256, 1, 680960] MT 192x320 - TT 3x160  - WG 64x4   - MIBlockM:  1 - totalGranularity:  0.00417 TilesPerCU:  0.00781, TotalTiles:        2
# - MatrixInstruction: [32, 32, 16, 1, 1, 5, 3, 1, 4] # size [256, 256, 1, 680960] MT 160x384 - TT 5x96   - WG 32x8   - MIBlockM:  1 - totalGranularity:  0.00417 TilesPerCU:  0.00781, TotalTiles:        2
# - MatrixInstruction: [16, 16, 32, 1, 1, 2, 31, 4, 1] # size [256, 256, 1, 680960] MT 128x496 - TT 2x496  - WG 64x4   - MIBlockM:  1 - totalGranularity:  0.00403 TilesPerCU:  0.00781, TotalTiles:        2
# - MatrixInstruction: [16, 16, 32, 1, 1, 3, 21, 4, 1] # size [256, 256, 1, 680960] MT 192x336 - TT 3x336  - WG 64x4   - MIBlockM:  1 - totalGranularity:  0.00397 TilesPerCU:  0.00781, TotalTiles:        2
# - MatrixInstruction: [16, 16, 32, 1, 1, 7, 9, 2, 2] # size [256, 256, 1, 680960] MT 224x288 - TT 7x144  - WG 32x8   - MIBlockM:  1 - totalGranularity:  0.00397 TilesPerCU:  0.00781, TotalTiles:        2
# - MatrixInstruction: [16, 16, 32, 1, 1, 9, 7, 1, 4] # size [256, 256, 1, 680960] MT 144x448 - TT 9x112  - WG 16x16  - MIBlockM:  1 - totalGranularity:  0.00397 TilesPerCU:  0.00781, TotalTiles:        2
# - MatrixInstruction: [16, 16, 32, 1, 1, 2, 32, 4, 1] # size [256, 256, 1, 680960] MT 128x512 - TT 2x512  - WG 64x4   - MIBlockM:  1 - totalGranularity:  0.00391 TilesPerCU:  0.00781, TotalTiles:        2
# - MatrixInstruction: [16, 16, 32, 1, 1, 4, 16, 2, 2] # size [256, 256, 1, 680960] MT 128x512 - TT 4x256  - WG 32x8   - MIBlockM:  1 - totalGranularity:  0.00391 TilesPerCU:  0.00781, TotalTiles:        2
# - MatrixInstruction: [16, 16, 32, 1, 1, 8, 8, 1, 4] # size [256, 256, 1, 680960] MT 128x512 - TT 8x128  - WG 16x16  - MIBlockM:  1 - totalGranularity:  0.00391 TilesPerCU:  0.00781, TotalTiles:        2
# - MatrixInstruction: [32, 32, 16, 1, 1, 1, 16, 4, 1] # size [256, 256, 1, 680960] MT 128x512 - TT 1x512  - WG 128x2  - MIBlockM:  1 - totalGranularity:  0.00391 TilesPerCU:  0.00781, TotalTiles:        2
# - MatrixInstruction: [32, 32, 16, 1, 1, 2, 8, 2, 2] # size [256, 256, 1, 680960] MT 128x512 - TT 2x256  - WG 64x4   - MIBlockM:  1 - totalGranularity:  0.00391 TilesPerCU:  0.00781, TotalTiles:        2
# - MatrixInstruction: [32, 32, 16, 1, 1, 4, 4, 1, 4] # size [256, 256, 1, 680960] MT 128x512 - TT 4x128  - WG 32x8   - MIBlockM:  1 - totalGranularity:  0.00391 TilesPerCU:  0.00781, TotalTiles:        2
# - MatrixInstruction: [16, 16, 32, 1, 1, 5, 8, 4, 1] # size [256, 256, 1, 680960] MT 320x128 - TT 5x128  - WG 64x4   - MIBlockM:  1 - totalGranularity:  0.00000 TilesPerCU:  0.00781, TotalTiles:        2
# - MatrixInstruction: [16, 16, 32, 1, 1, 5, 9, 4, 1] # size [256, 256, 1, 680960] MT 320x144 - TT 5x144  - WG 64x4   - MIBlockM:  1 - totalGranularity:  0.00000 TilesPerCU:  0.00781, TotalTiles:        2
# - MatrixInstruction: [16, 16, 32, 1, 1, 5, 10, 4, 1] # size [256, 256, 1, 680960] MT 320x160 - TT 5x160  - WG 64x4   - MIBlockM:  1 - totalGranularity:  0.00000 TilesPerCU:  0.00781, TotalTiles:        2
# - MatrixInstruction: [16, 16, 32, 1, 1, 5, 11, 4, 1] # size [256, 256, 1, 680960] MT 320x176 - TT 5x176  - WG 64x4   - MIBlockM:  1 - totalGranularity:  0.00000 TilesPerCU:  0.00781, TotalTiles:        2
# - MatrixInstruction: [16, 16, 32, 1, 1, 5, 12, 4, 1] # size [256, 256, 1, 680960] MT 320x192 - TT 5x192  - WG 64x4   - MIBlockM:  1 - totalGranularity:  0.00000 TilesPerCU:  0.00781, TotalTiles:        2
# - MatrixInstruction: [16, 16, 32, 1, 1, 6, 8, 4, 1] # size [256, 256, 1, 680960] MT 384x128 - TT 6x128  - WG 64x4   - MIBlockM:  1 - totalGranularity:  0.00000 TilesPerCU:  0.00781, TotalTiles:        2
# - MatrixInstruction: [16, 16, 32, 1, 1, 6, 9, 4, 1] # size [256, 256, 1, 680960] MT 384x144 - TT 6x144  - WG 64x4   - MIBlockM:  1 - totalGranularity:  0.00000 TilesPerCU:  0.00781, TotalTiles:        2
# - MatrixInstruction: [16, 16, 32, 1, 1, 6, 10, 4, 1] # size [256, 256, 1, 680960] MT 384x160 - TT 6x160  - WG 64x4   - MIBlockM:  1 - totalGranularity:  0.00000 TilesPerCU:  0.00781, TotalTiles:        2
# - MatrixInstruction: [16, 16, 32, 1, 1, 7, 8, 4, 1] # size [256, 256, 1, 680960] MT 448x128 - TT 7x128  - WG 64x4   - MIBlockM:  1 - totalGranularity:  0.00000 TilesPerCU:  0.00781, TotalTiles:        2
# - MatrixInstruction: [16, 16, 32, 1, 1, 7, 9, 4, 1] # size [256, 256, 1, 680960] MT 448x144 - TT 7x144  - WG 64x4   - MIBlockM:  1 - totalGranularity:  0.00000 TilesPerCU:  0.00781, TotalTiles:        2
# - MatrixInstruction: [16, 16, 32, 1, 1, 8, 8, 4, 1] # size [256, 256, 1, 680960] MT 512x128 - TT 8x128  - WG 64x4   - MIBlockM:  1 - totalGranularity:  0.00000 TilesPerCU:  0.00781, TotalTiles:        2
# - MatrixInstruction: [16, 16, 32, 1, 1, 9, 4, 2, 2] # size [256, 256, 1, 680960] MT 288x128 - TT 9x64   - WG 32x8   - MIBlockM:  1 - totalGranularity:  0.00000 TilesPerCU:  0.00781, TotalTiles:        2
# - MatrixInstruction: [16, 16, 32, 1, 1, 9, 5, 2, 2] # size [256, 256, 1, 680960] MT 288x160 - TT 9x80   - WG 32x8   - MIBlockM:  1 - totalGranularity:  0.00000 TilesPerCU:  0.00781, TotalTiles:        2
# - MatrixInstruction: [16, 16, 32, 1, 1, 9, 6, 2, 2] # size [256, 256, 1, 680960] MT 288x192 - TT 9x96   - WG 32x8   - MIBlockM:  1 - totalGranularity:  0.00000 TilesPerCU:  0.00781, TotalTiles:        2
# - MatrixInstruction: [16, 16, 32, 1, 1, 9, 7, 2, 2] # size [256, 256, 1, 680960] MT 288x224 - TT 9x112  - WG 32x8   - MIBlockM:  1 - totalGranularity:  0.00000 TilesPerCU:  0.00781, TotalTiles:        2
# - MatrixInstruction: [16, 16, 32, 1, 1, 10, 4, 2, 2] # size [256, 256, 1, 680960] MT 320x128 - TT 10x64  - WG 32x8   - MIBlockM:  1 - totalGranularity:  0.00000 TilesPerCU:  0.00781, TotalTiles:        2
# - MatrixInstruction: [16, 16, 32, 1, 1, 10, 5, 2, 2] # size [256, 256, 1, 680960] MT 320x160 - TT 10x80  - WG 32x8   - MIBlockM:  1 - totalGranularity:  0.00000 TilesPerCU:  0.00781, TotalTiles:        2
# - MatrixInstruction: [16, 16, 32, 1, 1, 10, 6, 2, 2] # size [256, 256, 1, 680960] MT 320x192 - TT 10x96  - WG 32x8   - MIBlockM:  1 - totalGranularity:  0.00000 TilesPerCU:  0.00781, TotalTiles:        2
# - MatrixInstruction: [16, 16, 32, 1, 1, 11, 4, 2, 2] # size [256, 256, 1, 680960] MT 352x128 - TT 11x64  - WG 32x8   - MIBlockM:  1 - totalGranularity:  0.00000 TilesPerCU:  0.00781, TotalTiles:        2
# - MatrixInstruction: [16, 16, 32, 1, 1, 11, 5, 2, 2] # size [256, 256, 1, 680960] MT 352x160 - TT 11x80  - WG 32x8   - MIBlockM:  1 - totalGranularity:  0.00000 TilesPerCU:  0.00781, TotalTiles:        2
# - MatrixInstruction: [16, 16, 32, 1, 1, 12, 4, 2, 2] # size [256, 256, 1, 680960] MT 384x128 - TT 12x64  - WG 32x8   - MIBlockM:  1 - totalGranularity:  0.00000 TilesPerCU:  0.00781, TotalTiles:        2
# - MatrixInstruction: [16, 16, 32, 1, 1, 12, 5, 2, 2] # size [256, 256, 1, 680960] MT 384x160 - TT 12x80  - WG 32x8   - MIBlockM:  1 - totalGranularity:  0.00000 TilesPerCU:  0.00781, TotalTiles:        2
# - MatrixInstruction: [16, 16, 32, 1, 1, 13, 4, 2, 2] # size [256, 256, 1, 680960] MT 416x128 - TT 13x64  - WG 32x8   - MIBlockM:  1 - totalGranularity:  0.00000 TilesPerCU:  0.00781, TotalTiles:        2
# - MatrixInstruction: [16, 16, 32, 1, 1, 14, 4, 2, 2] # size [256, 256, 1, 680960] MT 448x128 - TT 14x64  - WG 32x8   - MIBlockM:  1 - totalGranularity:  0.00000 TilesPerCU:  0.00781, TotalTiles:        2
# - MatrixInstruction: [16, 16, 32, 1, 1, 15, 4, 2, 2] # size [256, 256, 1, 680960] MT 480x128 - TT 15x64  - WG 32x8   - MIBlockM:  1 - totalGranularity:  0.00000 TilesPerCU:  0.00781, TotalTiles:        2
# - MatrixInstruction: [16, 16, 32, 1, 1, 16, 4, 2, 2] # size [256, 256, 1, 680960] MT 512x128 - TT 16x64  - WG 32x8   - MIBlockM:  1 - totalGranularity:  0.00000 TilesPerCU:  0.00781, TotalTiles:        2
# - MatrixInstruction: [16, 16, 32, 1, 1, 17, 2, 1, 4] # size [256, 256, 1, 680960] MT 272x128 - TT 17x32  - WG 16x16  - MIBlockM:  1 - totalGranularity:  0.00000 TilesPerCU:  0.00781, TotalTiles:        2
# - MatrixInstruction: [16, 16, 32, 1, 1, 17, 3, 1, 4] # size [256, 256, 1, 680960] MT 272x192 - TT 17x48  - WG 16x16  - MIBlockM:  1 - totalGranularity:  0.00000 TilesPerCU:  0.00781, TotalTiles:        2
# - MatrixInstruction: [16, 16, 32, 1, 1, 18, 2, 1, 4] # size [256, 256, 1, 680960] MT 288x128 - TT 18x32  - WG 16x16  - MIBlockM:  1 - totalGranularity:  0.00000 TilesPerCU:  0.00781, TotalTiles:        2
# - MatrixInstruction: [16, 16, 32, 1, 1, 18, 3, 1, 4] # size [256, 256, 1, 680960] MT 288x192 - TT 18x48  - WG 16x16  - MIBlockM:  1 - totalGranularity:  0.00000 TilesPerCU:  0.00781, TotalTiles:        2
# - MatrixInstruction: [16, 16, 32, 1, 1, 19, 2, 1, 4] # size [256, 256, 1, 680960] MT 304x128 - TT 19x32  - WG 16x16  - MIBlockM:  1 - totalGranularity:  0.00000 TilesPerCU:  0.00781, TotalTiles:        2
# - MatrixInstruction: [16, 16, 32, 1, 1, 19, 3, 1, 4] # size [256, 256, 1, 680960] MT 304x192 - TT 19x48  - WG 16x16  - MIBlockM:  1 - totalGranularity:  0.00000 TilesPerCU:  0.00781, TotalTiles:        2
# - MatrixInstruction: [16, 16, 32, 1, 1, 20, 2, 1, 4] # size [256, 256, 1, 680960] MT 320x128 - TT 20x32  - WG 16x16  - MIBlockM:  1 - totalGranularity:  0.00000 TilesPerCU:  0.00781, TotalTiles:        2
# - MatrixInstruction: [16, 16, 32, 1, 1, 20, 3, 1, 4] # size [256, 256, 1, 680960] MT 320x192 - TT 20x48  - WG 16x16  - MIBlockM:  1 - totalGranularity:  0.00000 TilesPerCU:  0.00781, TotalTiles:        2
# - MatrixInstruction: [16, 16, 32, 1, 1, 21, 2, 1, 4] # size [256, 256, 1, 680960] MT 336x128 - TT 21x32  - WG 16x16  - MIBlockM:  1 - totalGranularity:  0.00000 TilesPerCU:  0.00781, TotalTiles:        2
# - MatrixInstruction: [16, 16, 32, 1, 1, 21, 3, 1, 4] # size [256, 256, 1, 680960] MT 336x192 - TT 21x48  - WG 16x16  - MIBlockM:  1 - totalGranularity:  0.00000 TilesPerCU:  0.00781, TotalTiles:        2
# - MatrixInstruction: [16, 16, 32, 1, 1, 22, 2, 1, 4] # size [256, 256, 1, 680960] MT 352x128 - TT 22x32  - WG 16x16  - MIBlockM:  1 - totalGranularity:  0.00000 TilesPerCU:  0.00781, TotalTiles:        2
# - MatrixInstruction: [16, 16, 32, 1, 1, 23, 2, 1, 4] # size [256, 256, 1, 680960] MT 368x128 - TT 23x32  - WG 16x16  - MIBlockM:  1 - totalGranularity:  0.00000 TilesPerCU:  0.00781, TotalTiles:        2
# - MatrixInstruction: [16, 16, 32, 1, 1, 24, 2, 1, 4] # size [256, 256, 1, 680960] MT 384x128 - TT 24x32  - WG 16x16  - MIBlockM:  1 - totalGranularity:  0.00000 TilesPerCU:  0.00781, TotalTiles:        2
# - MatrixInstruction: [16, 16, 32, 1, 1, 25, 2, 1, 4] # size [256, 256, 1, 680960] MT 400x128 - TT 25x32  - WG 16x16  - MIBlockM:  1 - totalGranularity:  0.00000 TilesPerCU:  0.00781, TotalTiles:        2
# - MatrixInstruction: [16, 16, 32, 1, 1, 26, 2, 1, 4] # size [256, 256, 1, 680960] MT 416x128 - TT 26x32  - WG 16x16  - MIBlockM:  1 - totalGranularity:  0.00000 TilesPerCU:  0.00781, TotalTiles:        2
# - MatrixInstruction: [16, 16, 32, 1, 1, 27, 2, 1, 4] # size [256, 256, 1, 680960] MT 432x128 - TT 27x32  - WG 16x16  - MIBlockM:  1 - totalGranularity:  0.00000 TilesPerCU:  0.00781, TotalTiles:        2
# - MatrixInstruction: [16, 16, 32, 1, 1, 28, 2, 1, 4] # size [256, 256, 1, 680960] MT 448x128 - TT 28x32  - WG 16x16  - MIBlockM:  1 - totalGranularity:  0.00000 TilesPerCU:  0.00781, TotalTiles:        2
# - MatrixInstruction: [16, 16, 32, 1, 1, 29, 2, 1, 4] # size [256, 256, 1, 680960] MT 464x128 - TT 29x32  - WG 16x16  - MIBlockM:  1 - totalGranularity:  0.00000 TilesPerCU:  0.00781, TotalTiles:        2
# - MatrixInstruction: [16, 16, 32, 1, 1, 30, 2, 1, 4] # size [256, 256, 1, 680960] MT 480x128 - TT 30x32  - WG 16x16  - MIBlockM:  1 - totalGranularity:  0.00000 TilesPerCU:  0.00781, TotalTiles:        2
# - MatrixInstruction: [16, 16, 32, 1, 1, 31, 2, 1, 4] # size [256, 256, 1, 680960] MT 496x128 - TT 31x32  - WG 16x16  - MIBlockM:  1 - totalGranularity:  0.00000 TilesPerCU:  0.00781, TotalTiles:        2
# - MatrixInstruction: [16, 16, 32, 1, 1, 32, 2, 1, 4] # size [256, 256, 1, 680960] MT 512x128 - TT 32x32  - WG 16x16  - MIBlockM:  1 - totalGranularity:  0.00000 TilesPerCU:  0.00781, TotalTiles:        2
# - MatrixInstruction: [32, 32, 16, 1, 1, 3, 4, 4, 1] # size [256, 256, 1, 680960] MT 384x128 - TT 3x128  - WG 128x2  - MIBlockM:  1 - totalGranularity:  0.00000 TilesPerCU:  0.00781, TotalTiles:        2
# - MatrixInstruction: [32, 32, 16, 1, 1, 3, 5, 4, 1] # size [256, 256, 1, 680960] MT 384x160 - TT 3x160  - WG 128x2  - MIBlockM:  1 - totalGranularity:  0.00000 TilesPerCU:  0.00781, TotalTiles:        2
# - MatrixInstruction: [32, 32, 16, 1, 1, 4, 4, 4, 1] # size [256, 256, 1, 680960] MT 512x128 - TT 4x128  - WG 128x2  - MIBlockM:  1 - totalGranularity:  0.00000 TilesPerCU:  0.00781, TotalTiles:        2
# - MatrixInstruction: [32, 32, 16, 1, 1, 5, 2, 2, 2] # size [256, 256, 1, 680960] MT 320x128 - TT 5x64   - WG 64x4   - MIBlockM:  1 - totalGranularity:  0.00000 TilesPerCU:  0.00781, TotalTiles:        2
# - MatrixInstruction: [32, 32, 16, 1, 1, 5, 3, 2, 2] # size [256, 256, 1, 680960] MT 320x192 - TT 5x96   - WG 64x4   - MIBlockM:  1 - totalGranularity:  0.00000 TilesPerCU:  0.00781, TotalTiles:        2
# - MatrixInstruction: [32, 32, 16, 1, 1, 6, 2, 2, 2] # size [256, 256, 1, 680960] MT 384x128 - TT 6x64   - WG 64x4   - MIBlockM:  1 - totalGranularity:  0.00000 TilesPerCU:  0.00781, TotalTiles:        2
# - MatrixInstruction: [32, 32, 16, 1, 1, 7, 2, 2, 2] # size [256, 256, 1, 680960] MT 448x128 - TT 7x64   - WG 64x4   - MIBlockM:  1 - totalGranularity:  0.00000 TilesPerCU:  0.00781, TotalTiles:        2
# - MatrixInstruction: [32, 32, 16, 1, 1, 8, 2, 2, 2] # size [256, 256, 1, 680960] MT 512x128 - TT 8x64   - WG 64x4   - MIBlockM:  1 - totalGranularity:  0.00000 TilesPerCU:  0.00781, TotalTiles:        2
# - MatrixInstruction: [32, 32, 16, 1, 1, 9, 1, 1, 4] # size [256, 256, 1, 680960] MT 288x128 - TT 9x32   - WG 32x8   - MIBlockM:  1 - totalGranularity:  0.00000 TilesPerCU:  0.00781, TotalTiles:        2
# - MatrixInstruction: [32, 32, 16, 1, 1, 10, 1, 1, 4] # size [256, 256, 1, 680960] MT 320x128 - TT 10x32  - WG 32x8   - MIBlockM:  1 - totalGranularity:  0.00000 TilesPerCU:  0.00781, TotalTiles:        2
# - MatrixInstruction: [32, 32, 16, 1, 1, 11, 1, 1, 4] # size [256, 256, 1, 680960] MT 352x128 - TT 11x32  - WG 32x8   - MIBlockM:  1 - totalGranularity:  0.00000 TilesPerCU:  0.00781, TotalTiles:        2
# - MatrixInstruction: [32, 32, 16, 1, 1, 12, 1, 1, 4] # size [256, 256, 1, 680960] MT 384x128 - TT 12x32  - WG 32x8   - MIBlockM:  1 - totalGranularity:  0.00000 TilesPerCU:  0.00781, TotalTiles:        2
# - MatrixInstruction: [32, 32, 16, 1, 1, 13, 1, 1, 4] # size [256, 256, 1, 680960] MT 416x128 - TT 13x32  - WG 32x8   - MIBlockM:  1 - totalGranularity:  0.00000 TilesPerCU:  0.00781, TotalTiles:        2
# - MatrixInstruction: [32, 32, 16, 1, 1, 14, 1, 1, 4] # size [256, 256, 1, 680960] MT 448x128 - TT 14x32  - WG 32x8   - MIBlockM:  1 - totalGranularity:  0.00000 TilesPerCU:  0.00781, TotalTiles:        2
# - MatrixInstruction: [32, 32, 16, 1, 1, 15, 1, 1, 4] # size [256, 256, 1, 680960] MT 480x128 - TT 15x32  - WG 32x8   - MIBlockM:  1 - totalGranularity:  0.00000 TilesPerCU:  0.00781, TotalTiles:        2
# - MatrixInstruction: [32, 32, 16, 1, 1, 16, 1, 1, 4] # size [256, 256, 1, 680960] MT 512x128 - TT 16x32  - WG 32x8   - MIBlockM:  1 - totalGranularity:  0.00000 TilesPerCU:  0.00781, TotalTiles:        2
# - MatrixInstruction: [16, 16, 32, 1, 1, 4, 16, 4, 1] # size [256, 256, 1, 680960] MT 256x256 - TT 4x256  - WG 64x4   - MIBlockM:  1 - totalGranularity:  0.00391 TilesPerCU:  0.00391, TotalTiles:        1
# - MatrixInstruction: [16, 16, 32, 1, 1, 8, 8, 2, 2] # size [256, 256, 1, 680960] MT 256x256 - TT 8x128  - WG 32x8   - MIBlockM:  1 - totalGranularity:  0.00391 TilesPerCU:  0.00391, TotalTiles:        1
# - MatrixInstruction: [16, 16, 32, 1, 1, 16, 4, 1, 4] # size [256, 256, 1, 680960] MT 256x256 - TT 16x64  - WG 16x16  - MIBlockM:  1 - totalGranularity:  0.00391 TilesPerCU:  0.00391, TotalTiles:        1
# - MatrixInstruction: [32, 32, 16, 1, 1, 2, 8, 4, 1] # size [256, 256, 1, 680960] MT 256x256 - TT 2x256  - WG 128x2  - MIBlockM:  1 - totalGranularity:  0.00391 TilesPerCU:  0.00391, TotalTiles:        1
# - MatrixInstruction: [32, 32, 16, 1, 1, 4, 4, 2, 2] # size [256, 256, 1, 680960] MT 256x256 - TT 4x128  - WG 64x4   - MIBlockM:  1 - totalGranularity:  0.00391 TilesPerCU:  0.00391, TotalTiles:        1
# - MatrixInstruction: [32, 32, 16, 1, 1, 8, 2, 1, 4] # size [256, 256, 1, 680960] MT 256x256 - TT 8x64   - WG 32x8   - MIBlockM:  1 - totalGranularity:  0.00391 TilesPerCU:  0.00391, TotalTiles:        1
# - MatrixInstruction: [16, 16, 32, 1, 1, 1, 1, 1, 1] # size [256, 256, 1, 680960] MT 16x16   - TT 1x16   - WG 16x4   - MIBlockM:  1 - totalGranularity:  1.00000 TilesPerCU:  2.00000, TotalTiles:      512
#   WorkGroup: [16,4,2]
# - MatrixInstruction: [16, 16, 32, 1, 1, 1, 2, 1, 1] # size [256, 256, 1, 680960] MT 16x32   - TT 1x32   - WG 16x4   - MIBlockM:  1 - totalGranularity:  1.00000 TilesPerCU:  2.00000, TotalTiles:      512
#   WorkGroup: [16,4,4]
# - MatrixInstruction: [16, 16, 32, 1, 1, 2, 1, 1, 1] # size [256, 256, 1, 680960] MT 32x16   - TT 2x16   - WG 16x4   - MIBlockM:  1 - totalGranularity:  1.00000 TilesPerCU:  2.00000, TotalTiles:      512
#   WorkGroup: [16,4,4]
# - MatrixInstruction: [16, 16, 32, 1, 1, 1, 3, 1, 1] # size [256, 256, 1, 680960] MT 16x48   - TT 1x48   - WG 16x4   - MIBlockM:  1 - totalGranularity:  0.66667 TilesPerCU:  1.50000, TotalTiles:      384
#   WorkGroup: [16,4,4]
# - MatrixInstruction: [16, 16, 32, 1, 1, 3, 1, 1, 1] # size [256, 256, 1, 680960] MT 48x16   - TT 3x16   - WG 16x4   - MIBlockM:  1 - totalGranularity:  0.66667 TilesPerCU:  1.50000, TotalTiles:      384
#   WorkGroup: [16,4,4]
# - MatrixInstruction: [16, 16, 32, 1, 1, 1, 1, 1, 1] # size [256, 256, 1, 680960] MT 16x16   - TT 1x16   - WG 16x4   - MIBlockM:  1 - totalGranularity:  1.00000 TilesPerCU:  4.00000, TotalTiles:     1024
#   WorkGroup: [16,4,4]
 Final number of valid MFMA after second refining: 928

