[32mCreating project build directory in: [33m/home/bpoursar/workspace/rocm-libraries/projects/hipblaslt/build[0m

WARNING: apt does not have a stable CLI interface. Use with caution in scripts.

Hit:1 http://us.archive.ubuntu.com/ubuntu jammy InRelease
Hit:2 https://compute-cdn.amd.com/artifactory/list/rocm-osdb-22.04-deb compute-rocm-dkms-no-npi-hipclang InRelease
Hit:3 http://us.archive.ubuntu.com/ubuntu jammy-updates InRelease
Hit:4 http://security.ubuntu.com/ubuntu jammy-security InRelease
Hit:5 http://us.archive.ubuntu.com/ubuntu jammy-backports InRelease
Ign:6 https://artifactory-cdn.amd.com/artifactory/list/amdgpu-deb-remote 2168562 InRelease
Hit:7 https://artifactory-cdn.amd.com/artifactory/list/amdgpu-deb-remote 2168562 Release
Ign:8 https://artifactory-cdn.amd.com/artifactory/list/amdgpu-deb-remote 2168562 Release.gpg
Reading package lists...
Building dependency tree...
Reading state information...
234 packages can be upgraded. Run 'apt list --upgradable' to see them.
Defaulting to user installation because normal site-packages is not writeable
Requirement already satisfied: wheel in /usr/lib/python3/dist-packages (0.37.1)
~/workspace/rocm-libraries/projects/hipblaslt ~/workspace/rocm-libraries/projects/hipblaslt
[32mBuilding [33mgoogletest[32m from source; installing into [33m/usr/local[0m
-- Configuring gtest external dependency
-- ExternalGmock using ( 385 ) cores to build with
-- Configuring lapack external dependency
CMake Deprecation Warning at CMakeLists.txt:70 (cmake_policy):
  The OLD behavior for policy CMP0037 will be removed from a future version
  of CMake.

  The cmake-policies(7) manual explains that the OLD behaviors of all
  policies are deprecated and that a policy should be set to OLD only under
  specific short-term circumstances.  Projects should be ported to the NEW
  behavior and not rely on setting a policy to OLD.


-- Configuring done
-- Generating done
-- Build files have been written to: /home/bpoursar/workspace/rocm-libraries/projects/hipblaslt/build/deps
[  6%] Performing update step for 'lapack'
[ 12%] Performing update step for 'googletest'
[ 18%] No patch step for 'googletest'
[ 25%] Performing configure step for 'googletest'
-- Configuring done
-- Generating done
-- Build files have been written to: /home/bpoursar/workspace/rocm-libraries/projects/hipblaslt/build/deps/gtest/src/googletest-build
[ 31%] Performing build step for 'googletest'
-- googletest build command succeeded.  See also /home/bpoursar/workspace/rocm-libraries/projects/hipblaslt/build/deps/gtest/src/googletest-stamp/googletest-build-*.log
[ 37%] No install step for 'googletest'
[ 43%] Completed 'googletest'
[ 56%] Built target googletest
[ 62%] No patch step for 'lapack'
[ 68%] Performing configure step for 'lapack'
CMake Deprecation Warning at CMakeLists.txt:1 (cmake_minimum_required):
  Compatibility with CMake < 2.8.12 will be removed from a future version of
  CMake.

  Update the VERSION argument <min> value or use a ...<max> suffix to tell
  CMake that the project does not need compatibility with older versions.


-- Looking for Python greater than 2.6 - 
-- Could NOT find PythonInterp (missing: PYTHON_EXECUTABLE) (Required is at least version "2.7")
-- No suitable Python version found, so skipping summary tests.
CMake Deprecation Warning at /home/bpoursar/workspace/rocm-libraries/projects/hipblaslt/build/deps/lapack/src/lapack/INSTALL/CMakeLists.txt:1 (cmake_minimum_required):
  Compatibility with CMake < 2.8.12 will be removed from a future version of
  CMake.

  Update the VERSION argument <min> value or use a ...<max> suffix to tell
  CMake that the project does not need compatibility with older versions.


-- Looking for Fortran NONE - found
CMake Deprecation Warning at /home/bpoursar/workspace/rocm-libraries/projects/hipblaslt/build/deps/lapack/src/lapack/INSTALL/CMakeLists.txt:1 (cmake_minimum_required):
  Compatibility with CMake < 2.8.12 will be removed from a future version of
  CMake.

  Update the VERSION argument <min> value or use a ...<max> suffix to tell
  CMake that the project does not need compatibility with older versions.


-- Looking for Fortran INT_CPU_TIME - found
CMake Deprecation Warning at /home/bpoursar/workspace/rocm-libraries/projects/hipblaslt/build/deps/lapack/src/lapack/INSTALL/CMakeLists.txt:1 (cmake_minimum_required):
  Compatibility with CMake < 2.8.12 will be removed from a future version of
  CMake.

  Update the VERSION argument <min> value or use a ...<max> suffix to tell
  CMake that the project does not need compatibility with older versions.


-- Looking for Fortran EXT_ETIME - not found
CMake Deprecation Warning at /home/bpoursar/workspace/rocm-libraries/projects/hipblaslt/build/deps/lapack/src/lapack/INSTALL/CMakeLists.txt:1 (cmake_minimum_required):
  Compatibility with CMake < 2.8.12 will be removed from a future version of
  CMake.

  Update the VERSION argument <min> value or use a ...<max> suffix to tell
  CMake that the project does not need compatibility with older versions.


-- Looking for Fortran EXT_ETIME_ - not found
CMake Deprecation Warning at /home/bpoursar/workspace/rocm-libraries/projects/hipblaslt/build/deps/lapack/src/lapack/INSTALL/CMakeLists.txt:1 (cmake_minimum_required):
  Compatibility with CMake < 2.8.12 will be removed from a future version of
  CMake.

  Update the VERSION argument <min> value or use a ...<max> suffix to tell
  CMake that the project does not need compatibility with older versions.


-- Looking for Fortran INT_ETIME - found
-- --> Will use second_INT_ETIME.f and dsecnd_INT_ETIME.f as timing function.
-- Build tests: OFF
-- Build deprecated routines: OFF
-- Build single precision real: ON
-- Build double precision real: ON
-- Build single precision complex: ON
-- Build double precision complex: ON
-- Using supplied NETLIB BLAS implementation
-- CBLAS enable
-- Using supplied NETLIB LAPACK implementation
-- Configuring done
-- Generating done
-- Build files have been written to: /home/bpoursar/workspace/rocm-libraries/projects/hipblaslt/build/deps/lapack/src/lapack-build
[ 75%] Performing build step for 'lapack'
-- lapack build command succeeded.  See also /home/bpoursar/workspace/rocm-libraries/projects/hipblaslt/build/deps/lapack/src/lapack-stamp/lapack-build-*.log
[ 81%] No install step for 'lapack'
[ 87%] Completed 'lapack'
[100%] Built target lapack
[ 25%] Built target gtest
[ 50%] Built target gmock
[ 75%] Built target gmock_main
[100%] Built target gtest_main
Install the project...
-- Install configuration: ""
-- Up-to-date: /usr/local/include
-- Up-to-date: /usr/local/include/gmock
-- Up-to-date: /usr/local/include/gmock/gmock-actions.h
-- Up-to-date: /usr/local/include/gmock/gmock.h
-- Up-to-date: /usr/local/include/gmock/internal
-- Up-to-date: /usr/local/include/gmock/internal/gmock-internal-utils.h
-- Up-to-date: /usr/local/include/gmock/internal/custom
-- Up-to-date: /usr/local/include/gmock/internal/custom/gmock-generated-actions.h
-- Up-to-date: /usr/local/include/gmock/internal/custom/gmock-matchers.h
-- Up-to-date: /usr/local/include/gmock/internal/custom/gmock-port.h
-- Up-to-date: /usr/local/include/gmock/internal/custom/README.md
-- Up-to-date: /usr/local/include/gmock/internal/gmock-pp.h
-- Up-to-date: /usr/local/include/gmock/internal/gmock-port.h
-- Up-to-date: /usr/local/include/gmock/gmock-spec-builders.h
-- Up-to-date: /usr/local/include/gmock/gmock-cardinalities.h
-- Up-to-date: /usr/local/include/gmock/gmock-more-matchers.h
-- Up-to-date: /usr/local/include/gmock/gmock-more-actions.h
-- Up-to-date: /usr/local/include/gmock/gmock-matchers.h
-- Up-to-date: /usr/local/include/gmock/gmock-function-mocker.h
-- Up-to-date: /usr/local/include/gmock/gmock-nice-strict.h
-- Up-to-date: /usr/local/lib/libgmock.a
-- Up-to-date: /usr/local/lib/libgmock_main.a
-- Up-to-date: /usr/local/lib/pkgconfig/gmock.pc
-- Up-to-date: /usr/local/lib/pkgconfig/gmock_main.pc
-- Up-to-date: /usr/local/lib/cmake/GTest/GTestTargets.cmake
-- Up-to-date: /usr/local/lib/cmake/GTest/GTestTargets-noconfig.cmake
-- Up-to-date: /usr/local/lib/cmake/GTest/GTestConfigVersion.cmake
-- Up-to-date: /usr/local/lib/cmake/GTest/GTestConfig.cmake
-- Up-to-date: /usr/local/include
-- Up-to-date: /usr/local/include/gtest
-- Up-to-date: /usr/local/include/gtest/gtest.h
-- Up-to-date: /usr/local/include/gtest/gtest-spi.h
-- Up-to-date: /usr/local/include/gtest/internal
-- Up-to-date: /usr/local/include/gtest/internal/gtest-string.h
-- Up-to-date: /usr/local/include/gtest/internal/custom
-- Up-to-date: /usr/local/include/gtest/internal/custom/gtest.h
-- Up-to-date: /usr/local/include/gtest/internal/custom/gtest-port.h
-- Up-to-date: /usr/local/include/gtest/internal/custom/gtest-printers.h
-- Up-to-date: /usr/local/include/gtest/internal/custom/README.md
-- Up-to-date: /usr/local/include/gtest/internal/gtest-port-arch.h
-- Up-to-date: /usr/local/include/gtest/internal/gtest-port.h
-- Up-to-date: /usr/local/include/gtest/internal/gtest-type-util.h
-- Up-to-date: /usr/local/include/gtest/internal/gtest-param-util.h
-- Up-to-date: /usr/local/include/gtest/internal/gtest-filepath.h
-- Up-to-date: /usr/local/include/gtest/internal/gtest-death-test-internal.h
-- Up-to-date: /usr/local/include/gtest/internal/gtest-internal.h
-- Up-to-date: /usr/local/include/gtest/gtest-death-test.h
-- Up-to-date: /usr/local/include/gtest/gtest_prod.h
-- Up-to-date: /usr/local/include/gtest/gtest-test-part.h
-- Up-to-date: /usr/local/include/gtest/gtest-param-test.h
-- Up-to-date: /usr/local/include/gtest/gtest_pred_impl.h
-- Up-to-date: /usr/local/include/gtest/gtest-typed-test.h
-- Up-to-date: /usr/local/include/gtest/gtest-matchers.h
-- Up-to-date: /usr/local/include/gtest/gtest-printers.h
-- Up-to-date: /usr/local/include/gtest/gtest-message.h
-- Up-to-date: /usr/local/include/gtest/gtest-assertion-result.h
-- Up-to-date: /usr/local/lib/libgtest.a
-- Up-to-date: /usr/local/lib/libgtest_main.a
-- Up-to-date: /usr/local/lib/pkgconfig/gtest.pc
-- Up-to-date: /usr/local/lib/pkgconfig/gtest_main.pc
[  7%] Built target blas
[ 14%] Built target cblas
[100%] Built target lapack
Install the project...
-- Install configuration: "Release"
-- Up-to-date: /usr/local/lib/cmake/lapack-3.7.1/lapack-targets.cmake
-- Up-to-date: /usr/local/lib/cmake/lapack-3.7.1/lapack-targets-release.cmake
-- Up-to-date: /usr/local/lib/pkgconfig/lapack.pc
-- Up-to-date: /usr/local/lib/cmake/lapack-3.7.1/lapack-config.cmake
-- Up-to-date: /usr/local/lib/cmake/lapack-3.7.1/lapack-config-version.cmake
-- Up-to-date: /usr/local/lib/pkgconfig/blas.pc
-- Up-to-date: /usr/local/lib/libblas.a
-- Up-to-date: /usr/local/include/cblas.h
-- Up-to-date: /usr/local/include/cblas_f77.h
-- Up-to-date: /usr/local/include/cblas_test.h
-- Up-to-date: /usr/local/include/cblas_mangling.h
-- Up-to-date: /usr/local/lib/cmake/cblas-3.7.1/cblas-targets.cmake
-- Up-to-date: /usr/local/lib/cmake/cblas-3.7.1/cblas-targets-release.cmake
-- Up-to-date: /usr/local/lib/pkgconfig/cblas.pc
-- Up-to-date: /usr/local/lib/cmake/cblas-3.7.1/cblas-config.cmake
-- Up-to-date: /usr/local/lib/cmake/cblas-3.7.1/cblas-config-version.cmake
-- Up-to-date: /usr/local/lib/libcblas.a
-- Up-to-date: /usr/local/lib/liblapack.a
Built target install
~/workspace/rocm-libraries/projects/hipblaslt
~/workspace/rocm-libraries/projects/hipblaslt ~/workspace/rocm-libraries/projects/hipblaslt
~/workspace/rocm-libraries/projects/hipblaslt/build/release ~/workspace/rocm-libraries/projects/hipblaslt/build/release ~/workspace/rocm-libraries/projects/hipblaslt
~/workspace/rocm-libraries/projects/hipblaslt/build/deps ~/workspace/rocm-libraries/projects/hipblaslt/build/deps ~/workspace/rocm-libraries/projects/hipblaslt/build/release ~/workspace/rocm-libraries/projects/hipblaslt
~/workspace/rocm-libraries/projects/hipblaslt/build/deps ~/workspace/rocm-libraries/projects/hipblaslt/build/release ~/workspace/rocm-libraries/projects/hipblaslt
~/workspace/rocm-libraries/projects/hipblaslt/build/release ~/workspace/rocm-libraries/projects/hipblaslt
-DAMDGPU_TARGETS=gfx950 -DCMAKE_BUILD_TYPE=Release -DHIPBLASLT_USE_ROCROLLER=OFF
-- The CXX compiler identification is Clang 19.0.0
-- The ASM compiler identification is Clang with GNU-like command-line
-- Found assembler: /opt/rocm/bin/amdclang
-- Detecting CXX compiler ABI info
-- Detecting CXX compiler ABI info - done
-- Check for working CXX compiler: /opt/rocm/bin/amdclang++ - skipped
-- Detecting CXX compile features
-- Detecting CXX compile features - done
-- Found Git: /usr/bin/git (found version "2.34.1") 
-- rocm-cmake: Set license file to /home/bpoursar/workspace/rocm-libraries/projects/hipblaslt/build/release/extern/rocm-cmake-rocm-6.4.1/LICENSE.
-- Configuring done
-- Generating done
-- Build files have been written to: /home/bpoursar/workspace/rocm-libraries/projects/hipblaslt/build/release/extern/rocm-cmake-rocm-6.4.1
-- GLOB mismatch!
-- rocm-cmake: Set license file to /home/bpoursar/workspace/rocm-libraries/projects/hipblaslt/build/release/extern/rocm-cmake-rocm-6.4.1/LICENSE.
-- Configuring done
-- Generating done
-- Build files have been written to: /home/bpoursar/workspace/rocm-libraries/projects/hipblaslt/build/release/extern/rocm-cmake-rocm-6.4.1
Install the project...
-- Install configuration: ""
-- Installing: /home/bpoursar/workspace/rocm-libraries/projects/hipblaslt/build/release/extern/rocm-cmake/./share
-- Installing: /home/bpoursar/workspace/rocm-libraries/projects/hipblaslt/build/release/extern/rocm-cmake/./share/rocmcmakebuildtools
-- Installing: /home/bpoursar/workspace/rocm-libraries/projects/hipblaslt/build/release/extern/rocm-cmake/./share/rocmcmakebuildtools/cmake
-- Installing: /home/bpoursar/workspace/rocm-libraries/projects/hipblaslt/build/release/extern/rocm-cmake/./share/rocmcmakebuildtools/cmake/ROCMSetupVersion.cmake
-- Installing: /home/bpoursar/workspace/rocm-libraries/projects/hipblaslt/build/release/extern/rocm-cmake/./share/rocmcmakebuildtools/cmake/ROCMPackageConfigHelpers.cmake
-- Installing: /home/bpoursar/workspace/rocm-libraries/projects/hipblaslt/build/release/extern/rocm-cmake/./share/rocmcmakebuildtools/cmake/ROCmCMakeBuildToolsConfig.cmake
-- Installing: /home/bpoursar/workspace/rocm-libraries/projects/hipblaslt/build/release/extern/rocm-cmake/./share/rocmcmakebuildtools/cmake/ROCMProperty.cmake
-- Installing: /home/bpoursar/workspace/rocm-libraries/projects/hipblaslt/build/release/extern/rocm-cmake/./share/rocmcmakebuildtools/cmake/ROCMCheckTargetIds.cmake
-- Installing: /home/bpoursar/workspace/rocm-libraries/projects/hipblaslt/build/release/extern/rocm-cmake/./share/rocmcmakebuildtools/cmake/ROCMInstallSymlinks.cmake
-- Installing: /home/bpoursar/workspace/rocm-libraries/projects/hipblaslt/build/release/extern/rocm-cmake/./share/rocmcmakebuildtools/cmake/ROCMClangTidy.cmake
-- Installing: /home/bpoursar/workspace/rocm-libraries/projects/hipblaslt/build/release/extern/rocm-cmake/./share/rocmcmakebuildtools/cmake/ROCMClients.cmake
-- Installing: /home/bpoursar/workspace/rocm-libraries/projects/hipblaslt/build/release/extern/rocm-cmake/./share/rocmcmakebuildtools/cmake/ROCMHeaderWrapper.cmake
-- Installing: /home/bpoursar/workspace/rocm-libraries/projects/hipblaslt/build/release/extern/rocm-cmake/./share/rocmcmakebuildtools/cmake/ROCMInstallTargets.cmake
-- Installing: /home/bpoursar/workspace/rocm-libraries/projects/hipblaslt/build/release/extern/rocm-cmake/./share/rocmcmakebuildtools/cmake/header_template.h.in
-- Installing: /home/bpoursar/workspace/rocm-libraries/projects/hipblaslt/build/release/extern/rocm-cmake/./share/rocmcmakebuildtools/cmake/ROCMDoxygenDoc.cmake
-- Installing: /home/bpoursar/workspace/rocm-libraries/projects/hipblaslt/build/release/extern/rocm-cmake/./share/rocmcmakebuildtools/cmake/ROCMCreatePackage.cmake
-- Installing: /home/bpoursar/workspace/rocm-libraries/projects/hipblaslt/build/release/extern/rocm-cmake/./share/rocmcmakebuildtools/cmake/ROCMDocs.cmake
-- Installing: /home/bpoursar/workspace/rocm-libraries/projects/hipblaslt/build/release/extern/rocm-cmake/./share/rocmcmakebuildtools/cmake/ROCMSphinxDoc.cmake
-- Installing: /home/bpoursar/workspace/rocm-libraries/projects/hipblaslt/build/release/extern/rocm-cmake/./share/rocmcmakebuildtools/cmake/ROCMTest.cmake
-- Installing: /home/bpoursar/workspace/rocm-libraries/projects/hipblaslt/build/release/extern/rocm-cmake/./share/rocmcmakebuildtools/cmake/ROCMChecks.cmake
-- Installing: /home/bpoursar/workspace/rocm-libraries/projects/hipblaslt/build/release/extern/rocm-cmake/./share/rocmcmakebuildtools/cmake/ROCMAnalyzers.cmake
-- Installing: /home/bpoursar/workspace/rocm-libraries/projects/hipblaslt/build/release/extern/rocm-cmake/./share/rocmcmakebuildtools/cmake/ROCMUtilities.cmake
-- Installing: /home/bpoursar/workspace/rocm-libraries/projects/hipblaslt/build/release/extern/rocm-cmake/./share/rocmcmakebuildtools/cmake/ROCMCppCheck.cmake
-- Installing: /home/bpoursar/workspace/rocm-libraries/projects/hipblaslt/build/release/extern/rocm-cmake/./share/rocm
-- Installing: /home/bpoursar/workspace/rocm-libraries/projects/hipblaslt/build/release/extern/rocm-cmake/./share/rocm/cmake
-- Installing: /home/bpoursar/workspace/rocm-libraries/projects/hipblaslt/build/release/extern/rocm-cmake/./share/rocm/cmake/ROCMConfig.cmake
-- Installing: /home/bpoursar/workspace/rocm-libraries/projects/hipblaslt/build/release/extern/rocm-cmake/./share/rocm/cmake/ROCMConfigVersion.cmake
-- Installing: /home/bpoursar/workspace/rocm-libraries/projects/hipblaslt/build/release/extern/rocm-cmake/share/rocmcmakebuildtools/cmake/ROCmCMakeBuildToolsConfigVersion.cmake
-- Installing: /home/bpoursar/workspace/rocm-libraries/projects/hipblaslt/build/release/extern/rocm-cmake/share/doc/rocm-cmake/LICENSE
-- Using amdclang to build for amdgpu backend

*******************************************************************************
*------------------------------- ROCMChecks WARNING --------------------------*
  Options and properties should be set on a cmake target where possible. The
  variable 'CMAKE_CXX_FLAGS' may be set by the cmake toolchain, either by
  calling 'cmake -DCMAKE_CXX_FLAGS=" -D__HIP_HCC_COMPAT_MODE__=1"'
  or set in a toolchain file and added with
  'cmake -DCMAKE_TOOLCHAIN_FILE=<toolchain-file>'. ROCMChecks now calling:
CMake Warning at /opt/rocm/share/rocmcmakebuildtools/cmake/ROCMChecks.cmake:46 (message):
  'CMAKE_CXX_FLAGS' is set at
  /home/bpoursar/workspace/rocm-libraries/projects/hipblaslt/CMakeLists.txt:<line#>
  shown below:
Call Stack (most recent call first):
  CMakeLists.txt:9223372036854775807 (rocm_check_toolchain_var)
  CMakeLists.txt:138 (set)


*-----------------------------------------------------------------------------*
*******************************************************************************


*******************************************************************************
*------------------------------- ROCMChecks WARNING --------------------------*
  Options and properties should be set on a cmake target where possible. The
  variable 'CMAKE_CXX_FLAGS' may be set by the cmake toolchain, either by
  calling 'cmake -DCMAKE_CXX_FLAGS=" -D__HIP_HCC_COMPAT_MODE__=1"'
  or set in a toolchain file and added with
  'cmake -DCMAKE_TOOLCHAIN_FILE=<toolchain-file>'. ROCMChecks now calling:
CMake Warning at /opt/rocm/share/rocmcmakebuildtools/cmake/ROCMChecks.cmake:46 (message):
  'CMAKE_CXX_FLAGS' is set at
  /home/bpoursar/workspace/rocm-libraries/projects/hipblaslt/CMakeLists.txt:<line#>
  shown below:
Call Stack (most recent call first):
  CMakeLists.txt:9223372036854775807 (rocm_check_toolchain_var)
  CMakeLists.txt:138 (set)


*-----------------------------------------------------------------------------*
*******************************************************************************


*******************************************************************************
*------------------------------- ROCMChecks WARNING --------------------------*
  Options and properties should be set on a cmake target where possible. The
  variable 'CMAKE_CXX_FLAGS' may be set by the cmake toolchain, either by
  calling 'cmake -DCMAKE_CXX_FLAGS=" -D__HIP_HCC_COMPAT_MODE__=1 -O3"'
  or set in a toolchain file and added with
  'cmake -DCMAKE_TOOLCHAIN_FILE=<toolchain-file>'. ROCMChecks now calling:
CMake Warning at /opt/rocm/share/rocmcmakebuildtools/cmake/ROCMChecks.cmake:46 (message):
  'CMAKE_CXX_FLAGS' is set at
  /home/bpoursar/workspace/rocm-libraries/projects/hipblaslt/CMakeLists.txt:<line#>
  shown below:
Call Stack (most recent call first):
  CMakeLists.txt:9223372036854775807 (rocm_check_toolchain_var)
  CMakeLists.txt:143 (set)


*-----------------------------------------------------------------------------*
*******************************************************************************


*******************************************************************************
*------------------------------- ROCMChecks WARNING --------------------------*
  Options and properties should be set on a cmake target where possible. The
  variable 'CMAKE_CXX_FLAGS' may be set by the cmake toolchain, either by
  calling 'cmake -DCMAKE_CXX_FLAGS=" -D__HIP_HCC_COMPAT_MODE__=1 -O3"'
  or set in a toolchain file and added with
  'cmake -DCMAKE_TOOLCHAIN_FILE=<toolchain-file>'. ROCMChecks now calling:
CMake Warning at /opt/rocm/share/rocmcmakebuildtools/cmake/ROCMChecks.cmake:46 (message):
  'CMAKE_CXX_FLAGS' is set at
  /home/bpoursar/workspace/rocm-libraries/projects/hipblaslt/CMakeLists.txt:<line#>
  shown below:
Call Stack (most recent call first):
  CMakeLists.txt:9223372036854775807 (rocm_check_toolchain_var)
  CMakeLists.txt:143 (set)


*-----------------------------------------------------------------------------*
*******************************************************************************

BLIS header directory found: /home/bpoursar/workspace/rocm-libraries/projects/hipblaslt/build/release/../deps/blis/include/blis
BLIS lib found: /home/bpoursar/workspace/rocm-libraries/projects/hipblaslt/build/release/../deps/blis/lib/libblis.a
-- Performing Test COMPILER_HAS_TARGET_ID_gfx908_xnack_on
-- Performing Test COMPILER_HAS_TARGET_ID_gfx908_xnack_on - Success
-- Performing Test COMPILER_HAS_TARGET_ID_gfx908_xnack_off
-- Performing Test COMPILER_HAS_TARGET_ID_gfx908_xnack_off - Success
-- Performing Test COMPILER_HAS_TARGET_ID_gfx90a_xnack_on
-- Performing Test COMPILER_HAS_TARGET_ID_gfx90a_xnack_on - Success
-- Performing Test COMPILER_HAS_TARGET_ID_gfx90a_xnack_off
-- Performing Test COMPILER_HAS_TARGET_ID_gfx90a_xnack_off - Success
-- Performing Test COMPILER_HAS_TARGET_ID_gfx942
-- Performing Test COMPILER_HAS_TARGET_ID_gfx942 - Success
-- Performing Test COMPILER_HAS_TARGET_ID_gfx950
-- Performing Test COMPILER_HAS_TARGET_ID_gfx950 - Success
-- Performing Test COMPILER_HAS_TARGET_ID_gfx1100
-- Performing Test COMPILER_HAS_TARGET_ID_gfx1100 - Success
-- Performing Test COMPILER_HAS_TARGET_ID_gfx1101
-- Performing Test COMPILER_HAS_TARGET_ID_gfx1101 - Success
-- Performing Test COMPILER_HAS_TARGET_ID_gfx1103
-- Performing Test COMPILER_HAS_TARGET_ID_gfx1103 - Success
-- Performing Test COMPILER_HAS_TARGET_ID_gfx1150
-- Performing Test COMPILER_HAS_TARGET_ID_gfx1150 - Success
-- Performing Test COMPILER_HAS_TARGET_ID_gfx1151
-- Performing Test COMPILER_HAS_TARGET_ID_gfx1151 - Success
-- Performing Test COMPILER_HAS_TARGET_ID_gfx1200
-- Performing Test COMPILER_HAS_TARGET_ID_gfx1200 - Success
-- Performing Test COMPILER_HAS_TARGET_ID_gfx1201
-- Performing Test COMPILER_HAS_TARGET_ID_gfx1201 - Success
-- AMDGPU_TARGETS: gfx950
CMake Warning (dev) at /opt/rocm/lib/cmake/hip/hip-config-amd.cmake:70 (message):
  AMDGPU_TARGETS is deprecated.  Please use GPU_TARGETS instead.
Call Stack (most recent call first):
  /opt/rocm/lib/cmake/hip/hip-config.cmake:149 (include)
  CMakeLists.txt:187 (find_package)
This warning is for project developers.  Use -Wno-dev to suppress it.

-- Performing Test CMAKE_HAVE_LIBC_PTHREAD
-- Performing Test CMAKE_HAVE_LIBC_PTHREAD - Success
-- Found Threads: TRUE  
-- Performing Test HIP_CLANG_SUPPORTS_PARALLEL_JOBS
-- Performing Test HIP_CLANG_SUPPORTS_PARALLEL_JOBS - Success
-- Found Python: /usr/bin/python3.10 (found version "3.10.12") found components: Interpreter Development.Module 
-- Found Python version: 3.10.12
-- Python_ROOT is unset. Setting Python_ROOT to /usr.
-- Configure Python_ROOT variable if a different installation is preferred.
-- Found Python: /usr/bin/python3.10 (found version "3.10.12") found components: Interpreter 
'/usr/bin/python3.10' '-m' 'venv' '/home/bpoursar/workspace/rocm-libraries/projects/hipblaslt/build/release/virtualenv' '--system-site-packages' '--clear'
'/home/bpoursar/workspace/rocm-libraries/projects/hipblaslt/build/release/virtualenv/bin/python3.10' '-m' 'pip' 'install' '--upgrade' 'pip'
Requirement already satisfied: pip in ./virtualenv/lib/python3.10/site-packages (22.0.2)
Collecting pip
  Using cached pip-25.2-py3-none-any.whl (1.8 MB)
Installing collected packages: pip
  Attempting uninstall: pip
    Found existing installation: pip 22.0.2
    Uninstalling pip-22.0.2:
      Successfully uninstalled pip-22.0.2
Successfully installed pip-25.2
'/home/bpoursar/workspace/rocm-libraries/projects/hipblaslt/build/release/virtualenv/bin/python3.10' '-m' 'pip' 'install' '--upgrade' 'setuptools'
Requirement already satisfied: setuptools in ./virtualenv/lib/python3.10/site-packages (59.6.0)
Collecting setuptools
  Using cached setuptools-80.9.0-py3-none-any.whl.metadata (6.6 kB)
Using cached setuptools-80.9.0-py3-none-any.whl (1.2 MB)
Installing collected packages: setuptools
  Attempting uninstall: setuptools
    Found existing installation: setuptools 59.6.0
    Uninstalling setuptools-59.6.0:
      Successfully uninstalled setuptools-59.6.0
Successfully installed setuptools-80.9.0
Error Code: '/home/bpoursar/workspace/rocm-libraries/projects/hipblaslt/build/release/virtualenv/bin/python3.10' '-m' 'pip' 'install' '/home/bpoursar/workspace/rocm-libraries/projects/hipblaslt/tensilelite'

StdOut: Processing /home/bpoursar/workspace/rocm-libraries/projects/hipblaslt/tensilelite
  Preparing metadata (setup.py): started
  Preparing metadata (setup.py): finished with status 'done'
Requirement already satisfied: packaging in /usr/local/lib/python3.10/dist-packages (from Tensile==5.0.0) (25.0)
Requirement already satisfied: pyyaml in /usr/lib/python3/dist-packages (from Tensile==5.0.0) (5.4.1)
Requirement already satisfied: msgpack in /usr/lib/python3/dist-packages (from Tensile==5.0.0) (1.0.3)
Requirement already satisfied: simplejson in /usr/lib/python3/dist-packages (from Tensile==5.0.0) (3.17.6)
Requirement already satisfied: ujson in /usr/local/lib/python3.10/dist-packages/ujson-5.10.0-py3.10-linux-x86_64.egg (from Tensile==5.0.0) (5.10.0)
Requirement already satisfied: orjson in /usr/local/lib/python3.10/dist-packages/orjson-3.10.18-py3.10-linux-x86_64.egg (from Tensile==5.0.0) (3.10.18)
Requirement already satisfied: yappi in /usr/local/lib/python3.10/dist-packages/yappi-1.6.10-py3.10-linux-x86_64.egg (from Tensile==5.0.0) (1.6.10)
Requirement already satisfied: joblib>=1.4.0 in /usr/local/lib/python3.10/dist-packages/joblib-1.5.0-py3.10.egg (from Tensile==5.0.0) (1.5.0)
Building wheels for collected packages: Tensile
  Building wheel for Tensile (setup.py): started
  Building wheel for Tensile (setup.py): finished with status 'error'
  Running setup.py clean for Tensile
Failed to build Tensile

CMake Error at cmake/virtualenv.cmake:49 (message):
  StdErr: DEPRECATION: Building 'Tensile' using the legacy setup.py
  bdist_wheel mechanism, which will be removed in a future version.  pip 25.3
  will enforce this behaviour change.  A possible replacement is to use the
  standardized build interface by setting the `--use-pep517` option,
  (possibly combined with `--no-build-isolation`), or adding a
  `pyproject.toml` file to the source tree of 'Tensile'.  Discussion can be
  found at https://github.com/pypa/pip/issues/6334

    error: subprocess-exited-with-error
    
    × python setup.py bdist_wheel did not run successfully.
    │ exit code: 1
    ╰─> [3211 lines of output]
        running bdist_wheel
        running build
        running build_py
        creating build/lib/Tensile
        copying Tensile/TensileBenchmarkCluster.py -> build/lib/Tensile
        copying Tensile/KernelWriter.py -> build/lib/Tensile
        copying Tensile/SolutionLibrary.py -> build/lib/Tensile
        copying Tensile/ClientWriter.py -> build/lib/Tensile
        copying Tensile/AsmMemoryInstruction.py -> build/lib/Tensile
        copying Tensile/KernelWriterBase.py -> build/lib/Tensile
        copying Tensile/Configuration.py -> build/lib/Tensile
        copying Tensile/KernelWriterActivationEnumHeader.py -> build/lib/Tensile
        copying Tensile/BenchmarkSplitter.py -> build/lib/Tensile
        copying Tensile/KernelWriterAssembly.py -> build/lib/Tensile
        copying Tensile/Tensile.py -> build/lib/Tensile
        copying Tensile/KernelWriterReduction.py -> build/lib/Tensile
        copying Tensile/TensileRetuneLibrary.py -> build/lib/Tensile
        copying Tensile/Activation.py -> build/lib/Tensile
        copying Tensile/BenchmarkProblems.py -> build/lib/Tensile
        copying Tensile/AsmStoreState.py -> build/lib/Tensile
        copying Tensile/TensileClientConfig.py -> build/lib/Tensile
        copying Tensile/KernelWriterBetaOnly.py -> build/lib/Tensile
        copying Tensile/CustomKernels.py -> build/lib/Tensile
        copying Tensile/Hardware.py -> build/lib/Tensile
        copying Tensile/ClientExecutable.py -> build/lib/Tensile
        copying Tensile/LibraryIO.py -> build/lib/Tensile
        copying Tensile/Component.py -> build/lib/Tensile
        copying Tensile/BenchmarkStructs.py -> build/lib/Tensile
        copying Tensile/Contractions.py -> build/lib/Tensile
        copying Tensile/GenerateSummations.py -> build/lib/Tensile
        copying Tensile/TensileUpdateLibrary.py -> build/lib/Tensile
        copying Tensile/SolutionSelectionLibrary.py -> build/lib/Tensile
        copying Tensile/EmbeddedData.py -> build/lib/Tensile
        copying Tensile/TensileBenchmarkLibraryClient.py -> build/lib/Tensile
        copying Tensile/AsmAddressCalculation.py -> build/lib/Tensile
        copying Tensile/LibraryLogic.py -> build/lib/Tensile
        copying Tensile/TensileMergeLibrary.py -> build/lib/Tensile
        copying Tensile/Properties.py -> build/lib/Tensile
        copying Tensile/__init__.py -> build/lib/Tensile
        copying Tensile/KernelWriterConversion.py -> build/lib/Tensile
        copying Tensile/CustomYamlLoader.py -> build/lib/Tensile
        copying Tensile/KernelWriterActivationFunction.py -> build/lib/Tensile
        copying Tensile/KernelHelperNaming.py -> build/lib/Tensile
        copying Tensile/TensileBenchmarkClusterScripts.py -> build/lib/Tensile
        copying Tensile/KernelWriterModules.py -> build/lib/Tensile
        copying rocisa/setup.py -> build/lib/rocisa
        running egg_info
        writing Tensile.egg-info/PKG-INFO
        writing dependency_links to Tensile.egg-info/dependency_links.txt
        writing entry points to Tensile.egg-info/entry_points.txt
        writing requirements to Tensile.egg-info/requires.txt
        writing top-level names to Tensile.egg-info/top_level.txt
        reading manifest file 'Tensile.egg-info/SOURCES.txt'
        reading manifest template 'MANIFEST.in'
        warning: no files found matching 'Tensile/Ops/gen_assembly.sh'
        writing manifest file 'Tensile.egg-info/SOURCES.txt'
        /home/bpoursar/workspace/rocm-libraries/projects/hipblaslt/build/release/virtualenv/lib/python3.10/site-packages/setuptools/command/build_py.py:212: _Warning: Package 'Tensile.Common' is absent from the `packages` configuration.
        !!
        
                ********************************************************************************
                ############################
                # Package would be ignored #
                ############################
                Python recognizes 'Tensile.Common' as an importable package[^1],
                but it is absent from setuptools' `packages` configuration.
        
                This leads to an ambiguous overall configuration. If you want to distribute this
                package, please make sure that 'Tensile.Common' is explicitly added
                to the `packages` configuration field.
        
                Alternatively, you can also rely on setuptools' discovery methods
                (for example by using `find_namespace_packages(...)`/`find_namespace:`
                instead of `find_packages(...)`/`find:`).
        
                You can read more about "package discovery" on setuptools documentation page:
        
                - https://setuptools.pypa.io/en/latest/userguide/package_discovery.html
        
                If you don't want 'Tensile.Common' to be distributed and are
                already explicitly excluding 'Tensile.Common' via
                `find_namespace_packages(...)/find_namespace` or `find_packages(...)/find`,
                you can try to use `exclude_package_data`, or `include-package-data=False` in
                combination with a more fine grained `package-data` configuration.
        
                You can read more about "package data files" on setuptools documentation page:
        
                - https://setuptools.pypa.io/en/latest/userguide/datafiles.html
        
        
                [^1]: For Python, any directory (with suitable naming) can be imported,
                      even if it does not contain any `.py` files.
                      On the other hand, currently there is no concept of package data
                      directory, all directories are treated like packages.
                ********************************************************************************
        
        !!
          check.warn(importable)
        /home/bpoursar/workspace/rocm-libraries/projects/hipblaslt/build/release/virtualenv/lib/python3.10/site-packages/setuptools/command/build_py.py:212: _Warning: Package 'Tensile.Components' is absent from the `packages` configuration.
        !!
        
                ********************************************************************************
                ############################
                # Package would be ignored #
                ############################
                Python recognizes 'Tensile.Components' as an importable package[^1],
                but it is absent from setuptools' `packages` configuration.
        
                This leads to an ambiguous overall configuration. If you want to distribute this
                package, please make sure that 'Tensile.Components' is explicitly added
                to the `packages` configuration field.
        
                Alternatively, you can also rely on setuptools' discovery methods
                (for example by using `find_namespace_packages(...)`/`find_namespace:`
                instead of `find_packages(...)`/`find:`).
        
                You can read more about "package discovery" on setuptools documentation page:
        
                - https://setuptools.pypa.io/en/latest/userguide/package_discovery.html
        
                If you don't want 'Tensile.Components' to be distributed and are
                already explicitly excluding 'Tensile.Components' via
                `find_namespace_packages(...)/find_namespace` or `find_packages(...)/find`,
                you can try to use `exclude_package_data`, or `include-package-data=False` in
                combination with a more fine grained `package-data` configuration.
        
                You can read more about "package data files" on setuptools documentation page:
        
                - https://setuptools.pypa.io/en/latest/userguide/datafiles.html
        
        
                [^1]: For Python, any directory (with suitable naming) can be imported,
                      even if it does not contain any `.py` files.
                      On the other hand, currently there is no concept of package data
                      directory, all directories are treated like packages.
                ********************************************************************************
        
        !!
          check.warn(importable)
        /home/bpoursar/workspace/rocm-libraries/projects/hipblaslt/build/release/virtualenv/lib/python3.10/site-packages/setuptools/command/build_py.py:212: _Warning: Package 'Tensile.CustomKernels' is absent from the `packages` configuration.
        !!
        
                ********************************************************************************
                ############################
                # Package would be ignored #
                ############################
                Python recognizes 'Tensile.CustomKernels' as an importable package[^1],
                but it is absent from setuptools' `packages` configuration.
        
                This leads to an ambiguous overall configuration. If you want to distribute this
                package, please make sure that 'Tensile.CustomKernels' is explicitly added
                to the `packages` configuration field.
        
                Alternatively, you can also rely on setuptools' discovery methods
                (for example by using `find_namespace_packages(...)`/`find_namespace:`
                instead of `find_packages(...)`/`find:`).
        
                You can read more about "package discovery" on setuptools documentation page:
        
                - https://setuptools.pypa.io/en/latest/userguide/package_discovery.html
        
                If you don't want 'Tensile.CustomKernels' to be distributed and are
                already explicitly excluding 'Tensile.CustomKernels' via
                `find_namespace_packages(...)/find_namespace` or `find_packages(...)/find`,
                you can try to use `exclude_package_data`, or `include-package-data=False` in
                combination with a more fine grained `package-data` configuration.
        
                You can read more about "package data files" on setuptools documentation page:
        
                - https://setuptools.pypa.io/en/latest/userguide/datafiles.html
        
        
                [^1]: For Python, any directory (with suitable naming) can be imported,
                      even if it does not contain any `.py` files.
                      On the other hand, currently there is no concept of package data
                      directory, all directories are treated like packages.
                ********************************************************************************
        
        !!
          check.warn(importable)
        /home/bpoursar/workspace/rocm-libraries/projects/hipblaslt/build/release/virtualenv/lib/python3.10/site-packages/setuptools/command/build_py.py:212: _Warning: Package 'Tensile.SolutionStructs' is absent from the `packages` configuration.
        !!
        
                ********************************************************************************
                ############################
                # Package would be ignored #
                ############################
                Python recognizes 'Tensile.SolutionStructs' as an importable package[^1],
                but it is absent from setuptools' `packages` configuration.
        
                This leads to an ambiguous overall configuration. If you want to distribute this
                package, please make sure that 'Tensile.SolutionStructs' is explicitly added
                to the `packages` configuration field.
        
                Alternatively, you can also rely on setuptools' discovery methods
                (for example by using `find_namespace_packages(...)`/`find_namespace:`
                instead of `find_packages(...)`/`find:`).
        
                You can read more about "package discovery" on setuptools documentation page:
        
                - https://setuptools.pypa.io/en/latest/userguide/package_discovery.html
        
                If you don't want 'Tensile.SolutionStructs' to be distributed and are
                already explicitly excluding 'Tensile.SolutionStructs' via
                `find_namespace_packages(...)/find_namespace` or `find_packages(...)/find`,
                you can try to use `exclude_package_data`, or `include-package-data=False` in
                combination with a more fine grained `package-data` configuration.
        
                You can read more about "package data files" on setuptools documentation page:
        
                - https://setuptools.pypa.io/en/latest/userguide/datafiles.html
        
        
                [^1]: For Python, any directory (with suitable naming) can be imported,
                      even if it does not contain any `.py` files.
                      On the other hand, currently there is no concept of package data
                      directory, all directories are treated like packages.
                ********************************************************************************
        
        !!
          check.warn(importable)
        /home/bpoursar/workspace/rocm-libraries/projects/hipblaslt/build/release/virtualenv/lib/python3.10/site-packages/setuptools/command/build_py.py:212: _Warning: Package 'Tensile.SolutionStructs.Validators' is absent from the `packages` configuration.
        !!
        
                ********************************************************************************
                ############################
                # Package would be ignored #
                ############################
                Python recognizes 'Tensile.SolutionStructs.Validators' as an importable package[^1],
                but it is absent from setuptools' `packages` configuration.
        
                This leads to an ambiguous overall configuration. If you want to distribute this
                package, please make sure that 'Tensile.SolutionStructs.Validators' is explicitly added
                to the `packages` configuration field.
        
                Alternatively, you can also rely on setuptools' discovery methods
                (for example by using `find_namespace_packages(...)`/`find_namespace:`
                instead of `find_packages(...)`/`find:`).
        
                You can read more about "package discovery" on setuptools documentation page:
        
                - https://setuptools.pypa.io/en/latest/userguide/package_discovery.html
        
                If you don't want 'Tensile.SolutionStructs.Validators' to be distributed and are
                already explicitly excluding 'Tensile.SolutionStructs.Validators' via
                `find_namespace_packages(...)/find_namespace` or `find_packages(...)/find`,
                you can try to use `exclude_package_data`, or `include-package-data=False` in
                combination with a more fine grained `package-data` configuration.
        
                You can read more about "package data files" on setuptools documentation page:
        
                - https://setuptools.pypa.io/en/latest/userguide/datafiles.html
        
        
                [^1]: For Python, any directory (with suitable naming) can be imported,
                      even if it does not contain any `.py` files.
                      On the other hand, currently there is no concept of package data
                      directory, all directories are treated like packages.
                ********************************************************************************
        
        !!
          check.warn(importable)
        /home/bpoursar/workspace/rocm-libraries/projects/hipblaslt/build/release/virtualenv/lib/python3.10/site-packages/setuptools/command/build_py.py:212: _Warning: Package 'Tensile.Source' is absent from the `packages` configuration.
        !!
        
                ********************************************************************************
                ############################
                # Package would be ignored #
                ############################
                Python recognizes 'Tensile.Source' as an importable package[^1],
                but it is absent from setuptools' `packages` configuration.
        
                This leads to an ambiguous overall configuration. If you want to distribute this
                package, please make sure that 'Tensile.Source' is explicitly added
                to the `packages` configuration field.
        
                Alternatively, you can also rely on setuptools' discovery methods
                (for example by using `find_namespace_packages(...)`/`find_namespace:`
                instead of `find_packages(...)`/`find:`).
        
                You can read more about "package discovery" on setuptools documentation page:
        
                - https://setuptools.pypa.io/en/latest/userguide/package_discovery.html
        
                If you don't want 'Tensile.Source' to be distributed and are
                already explicitly excluding 'Tensile.Source' via
                `find_namespace_packages(...)/find_namespace` or `find_packages(...)/find`,
                you can try to use `exclude_package_data`, or `include-package-data=False` in
                combination with a more fine grained `package-data` configuration.
        
                You can read more about "package data files" on setuptools documentation page:
        
                - https://setuptools.pypa.io/en/latest/userguide/datafiles.html
        
        
                [^1]: For Python, any directory (with suitable naming) can be imported,
                      even if it does not contain any `.py` files.
                      On the other hand, currently there is no concept of package data
                      directory, all directories are treated like packages.
                ********************************************************************************
        
        !!
          check.warn(importable)
        /home/bpoursar/workspace/rocm-libraries/projects/hipblaslt/build/release/virtualenv/lib/python3.10/site-packages/setuptools/command/build_py.py:212: _Warning: Package 'Tensile.Source.client' is absent from the `packages` configuration.
        !!
        
                ********************************************************************************
                ############################
                # Package would be ignored #
                ############################
                Python recognizes 'Tensile.Source.client' as an importable package[^1],
                but it is absent from setuptools' `packages` configuration.
        
                This leads to an ambiguous overall configuration. If you want to distribute this
                package, please make sure that 'Tensile.Source.client' is explicitly added
                to the `packages` configuration field.
        
                Alternatively, you can also rely on setuptools' discovery methods
                (for example by using `find_namespace_packages(...)`/`find_namespace:`
                instead of `find_packages(...)`/`find:`).
        
                You can read more about "package discovery" on setuptools documentation page:
        
                - https://setuptools.pypa.io/en/latest/userguide/package_discovery.html
        
                If you don't want 'Tensile.Source.client' to be distributed and are
                already explicitly excluding 'Tensile.Source.client' via
                `find_namespace_packages(...)/find_namespace` or `find_packages(...)/find`,
                you can try to use `exclude_package_data`, or `include-package-data=False` in
                combination with a more fine grained `package-data` configuration.
        
                You can read more about "package data files" on setuptools documentation page:
        
                - https://setuptools.pypa.io/en/latest/userguide/datafiles.html
        
        
                [^1]: For Python, any directory (with suitable naming) can be imported,
                      even if it does not contain any `.py` files.
                      On the other hand, currently there is no concept of package data
                      directory, all directories are treated like packages.
                ********************************************************************************
        
        !!
          check.warn(importable)
        /home/bpoursar/workspace/rocm-libraries/projects/hipblaslt/build/release/virtualenv/lib/python3.10/site-packages/setuptools/command/build_py.py:212: _Warning: Package 'Tensile.Source.client.include' is absent from the `packages` configuration.
        !!
        
                ********************************************************************************
                ############################
                # Package would be ignored #
                ############################
                Python recognizes 'Tensile.Source.client.include' as an importable package[^1],
                but it is absent from setuptools' `packages` configuration.
        
                This leads to an ambiguous overall configuration. If you want to distribute this
                package, please make sure that 'Tensile.Source.client.include' is explicitly added
                to the `packages` configuration field.
        
                Alternatively, you can also rely on setuptools' discovery methods
                (for example by using `find_namespace_packages(...)`/`find_namespace:`
                instead of `find_packages(...)`/`find:`).
        
                You can read more about "package discovery" on setuptools documentation page:
        
                - https://setuptools.pypa.io/en/latest/userguide/package_discovery.html
        
                If you don't want 'Tensile.Source.client.include' to be distributed and are
                already explicitly excluding 'Tensile.Source.client.include' via
                `find_namespace_packages(...)/find_namespace` or `find_packages(...)/find`,
                you can try to use `exclude_package_data`, or `include-package-data=False` in
                combination with a more fine grained `package-data` configuration.
        
                You can read more about "package data files" on setuptools documentation page:
        
                - https://setuptools.pypa.io/en/latest/userguide/datafiles.html
        
        
                [^1]: For Python, any directory (with suitable naming) can be imported,
                      even if it does not contain any `.py` files.
                      On the other hand, currently there is no concept of package data
                      directory, all directories are treated like packages.
                ********************************************************************************
        
        !!
          check.warn(importable)
        /home/bpoursar/workspace/rocm-libraries/projects/hipblaslt/build/release/virtualenv/lib/python3.10/site-packages/setuptools/command/build_py.py:212: _Warning: Package 'Tensile.Source.client.source' is absent from the `packages` configuration.
        !!
        
                ********************************************************************************
                ############################
                # Package would be ignored #
                ############################
                Python recognizes 'Tensile.Source.client.source' as an importable package[^1],
                but it is absent from setuptools' `packages` configuration.
        
                This leads to an ambiguous overall configuration. If you want to distribute this
                package, please make sure that 'Tensile.Source.client.source' is explicitly added
                to the `packages` configuration field.
        
                Alternatively, you can also rely on setuptools' discovery methods
                (for example by using `find_namespace_packages(...)`/`find_namespace:`
                instead of `find_packages(...)`/`find:`).
        
                You can read more about "package discovery" on setuptools documentation page:
        
                - https://setuptools.pypa.io/en/latest/userguide/package_discovery.html
        
                If you don't want 'Tensile.Source.client.source' to be distributed and are
                already explicitly excluding 'Tensile.Source.client.source' via
                `find_namespace_packages(...)/find_namespace` or `find_packages(...)/find`,
                you can try to use `exclude_package_data`, or `include-package-data=False` in
                combination with a more fine grained `package-data` configuration.
        
                You can read more about "package data files" on setuptools documentation page:
        
                - https://setuptools.pypa.io/en/latest/userguide/datafiles.html
        
        
                [^1]: For Python, any directory (with suitable naming) can be imported,
                      even if it does not contain any `.py` files.
                      On the other hand, currently there is no concept of package data
                      directory, all directories are treated like packages.
                ********************************************************************************
        
        !!
          check.warn(importable)
        /home/bpoursar/workspace/rocm-libraries/projects/hipblaslt/build/release/virtualenv/lib/python3.10/site-packages/setuptools/command/build_py.py:212: _Warning: Package 'Tensile.Source.cmake' is absent from the `packages` configuration.
        !!
        
                ********************************************************************************
                ############################
                # Package would be ignored #
                ############################
                Python recognizes 'Tensile.Source.cmake' as an importable package[^1],
                but it is absent from setuptools' `packages` configuration.
        
                This leads to an ambiguous overall configuration. If you want to distribute this
                package, please make sure that 'Tensile.Source.cmake' is explicitly added
                to the `packages` configuration field.
        
                Alternatively, you can also rely on setuptools' discovery methods
                (for example by using `find_namespace_packages(...)`/`find_namespace:`
                instead of `find_packages(...)`/`find:`).
        
                You can read more about "package discovery" on setuptools documentation page:
        
                - https://setuptools.pypa.io/en/latest/userguide/package_discovery.html
        
                If you don't want 'Tensile.Source.cmake' to be distributed and are
                already explicitly excluding 'Tensile.Source.cmake' via
                `find_namespace_packages(...)/find_namespace` or `find_packages(...)/find`,
                you can try to use `exclude_package_data`, or `include-package-data=False` in
                combination with a more fine grained `package-data` configuration.
        
                You can read more about "package data files" on setuptools documentation page:
        
                - https://setuptools.pypa.io/en/latest/userguide/datafiles.html
        
        
                [^1]: For Python, any directory (with suitable naming) can be imported,
                      even if it does not contain any `.py` files.
                      On the other hand, currently there is no concept of package data
                      directory, all directories are treated like packages.
                ********************************************************************************
        
        !!
          check.warn(importable)
        /home/bpoursar/workspace/rocm-libraries/projects/hipblaslt/build/release/virtualenv/lib/python3.10/site-packages/setuptools/command/build_py.py:212: _Warning: Package 'Tensile.Source.lib' is absent from the `packages` configuration.
        !!
        
                ********************************************************************************
                ############################
                # Package would be ignored #
                ############################
                Python recognizes 'Tensile.Source.lib' as an importable package[^1],
                but it is absent from setuptools' `packages` configuration.
        
                This leads to an ambiguous overall configuration. If you want to distribute this
                package, please make sure that 'Tensile.Source.lib' is explicitly added
                to the `packages` configuration field.
        
                Alternatively, you can also rely on setuptools' discovery methods
                (for example by using `find_namespace_packages(...)`/`find_namespace:`
                instead of `find_packages(...)`/`find:`).
        
                You can read more about "package discovery" on setuptools documentation page:
        
                - https://setuptools.pypa.io/en/latest/userguide/package_discovery.html
        
                If you don't want 'Tensile.Source.lib' to be distributed and are
                already explicitly excluding 'Tensile.Source.lib' via
                `find_namespace_packages(...)/find_namespace` or `find_packages(...)/find`,
                you can try to use `exclude_package_data`, or `include-package-data=False` in
                combination with a more fine grained `package-data` configuration.
        
                You can read more about "package data files" on setuptools documentation page:
        
                - https://setuptools.pypa.io/en/latest/userguide/datafiles.html
        
        
                [^1]: For Python, any directory (with suitable naming) can be imported,
                      even if it does not contain any `.py` files.
                      On the other hand, currently there is no concept of package data
                      directory, all directories are treated like packages.
                ********************************************************************************
        
        !!
          check.warn(importable)
        /home/bpoursar/workspace/rocm-libraries/projects/hipblaslt/build/release/virtualenv/lib/python3.10/site-packages/setuptools/command/build_py.py:212: _Warning: Package 'Tensile.Source.lib.include.Tensile' is absent from the `packages` configuration.
        !!
        
                ********************************************************************************
                ############################
                # Package would be ignored #
                ############################
                Python recognizes 'Tensile.Source.lib.include.Tensile' as an importable package[^1],
                but it is absent from setuptools' `packages` configuration.
        
                This leads to an ambiguous overall configuration. If you want to distribute this
                package, please make sure that 'Tensile.Source.lib.include.Tensile' is explicitly added
                to the `packages` configuration field.
        
                Alternatively, you can also rely on setuptools' discovery methods
                (for example by using `find_namespace_packages(...)`/`find_namespace:`
                instead of `find_packages(...)`/`find:`).
        
                You can read more about "package discovery" on setuptools documentation page:
        
                - https://setuptools.pypa.io/en/latest/userguide/package_discovery.html
        
                If you don't want 'Tensile.Source.lib.include.Tensile' to be distributed and are
                already explicitly excluding 'Tensile.Source.lib.include.Tensile' via
                `find_namespace_packages(...)/find_namespace` or `find_packages(...)/find`,
                you can try to use `exclude_package_data`, or `include-package-data=False` in
                combination with a more fine grained `package-data` configuration.
        
                You can read more about "package data files" on setuptools documentation page:
        
                - https://setuptools.pypa.io/en/latest/userguide/datafiles.html
        
        
                [^1]: For Python, any directory (with suitable naming) can be imported,
                      even if it does not contain any `.py` files.
                      On the other hand, currently there is no concept of package data
                      directory, all directories are treated like packages.
                ********************************************************************************
        
        !!
          check.warn(importable)
        /home/bpoursar/workspace/rocm-libraries/projects/hipblaslt/build/release/virtualenv/lib/python3.10/site-packages/setuptools/command/build_py.py:212: _Warning: Package 'Tensile.Source.lib.include.Tensile.Serialization' is absent from the `packages` configuration.
        !!
        
                ********************************************************************************
                ############################
                # Package would be ignored #
                ############################
                Python recognizes 'Tensile.Source.lib.include.Tensile.Serialization' as an importable package[^1],
                but it is absent from setuptools' `packages` configuration.
        
                This leads to an ambiguous overall configuration. If you want to distribute this
                package, please make sure that 'Tensile.Source.lib.include.Tensile.Serialization' is explicitly added
                to the `packages` configuration field.
        
                Alternatively, you can also rely on setuptools' discovery methods
                (for example by using `find_namespace_packages(...)`/`find_namespace:`
                instead of `find_packages(...)`/`find:`).
        
                You can read more about "package discovery" on setuptools documentation page:
        
                - https://setuptools.pypa.io/en/latest/userguide/package_discovery.html
        
                If you don't want 'Tensile.Source.lib.include.Tensile.Serialization' to be distributed and are
                already explicitly excluding 'Tensile.Source.lib.include.Tensile.Serialization' via
                `find_namespace_packages(...)/find_namespace` or `find_packages(...)/find`,
                you can try to use `exclude_package_data`, or `include-package-data=False` in
                combination with a more fine grained `package-data` configuration.
        
                You can read more about "package data files" on setuptools documentation page:
        
                - https://setuptools.pypa.io/en/latest/userguide/datafiles.html
        
        
                [^1]: For Python, any directory (with suitable naming) can be imported,
                      even if it does not contain any `.py` files.
                      On the other hand, currently there is no concept of package data
                      directory, all directories are treated like packages.
                ********************************************************************************
        
        !!
          check.warn(importable)
        /home/bpoursar/workspace/rocm-libraries/projects/hipblaslt/build/release/virtualenv/lib/python3.10/site-packages/setuptools/command/build_py.py:212: _Warning: Package 'Tensile.Source.lib.include.Tensile.analytical' is absent from the `packages` configuration.
        !!
        
                ********************************************************************************
                ############################
                # Package would be ignored #
                ############################
                Python recognizes 'Tensile.Source.lib.include.Tensile.analytical' as an importable package[^1],
                but it is absent from setuptools' `packages` configuration.
        
                This leads to an ambiguous overall configuration. If you want to distribute this
                package, please make sure that 'Tensile.Source.lib.include.Tensile.analytical' is explicitly added
                to the `packages` configuration field.
        
                Alternatively, you can also rely on setuptools' discovery methods
                (for example by using `find_namespace_packages(...)`/`find_namespace:`
                instead of `find_packages(...)`/`find:`).
        
                You can read more about "package discovery" on setuptools documentation page:
        
                - https://setuptools.pypa.io/en/latest/userguide/package_discovery.html
        
                If you don't want 'Tensile.Source.lib.include.Tensile.analytical' to be distributed and are
                already explicitly excluding 'Tensile.Source.lib.include.Tensile.analytical' via
                `find_namespace_packages(...)/find_namespace` or `find_packages(...)/find`,
                you can try to use `exclude_package_data`, or `include-package-data=False` in
                combination with a more fine grained `package-data` configuration.
        
                You can read more about "package data files" on setuptools documentation page:
        
                - https://setuptools.pypa.io/en/latest/userguide/datafiles.html
        
        
                [^1]: For Python, any directory (with suitable naming) can be imported,
                      even if it does not contain any `.py` files.
                      On the other hand, currently there is no concept of package data
                      directory, all directories are treated like packages.
                ********************************************************************************
        
        !!
          check.warn(importable)
        /home/bpoursar/workspace/rocm-libraries/projects/hipblaslt/build/release/virtualenv/lib/python3.10/site-packages/setuptools/command/build_py.py:212: _Warning: Package 'Tensile.Source.lib.include.Tensile.hip' is absent from the `packages` configuration.
        !!
        
                ********************************************************************************
                ############################
                # Package would be ignored #
                ############################
                Python recognizes 'Tensile.Source.lib.include.Tensile.hip' as an importable package[^1],
                but it is absent from setuptools' `packages` configuration.
        
                This leads to an ambiguous overall configuration. If you want to distribute this
                package, please make sure that 'Tensile.Source.lib.include.Tensile.hip' is explicitly added
                to the `packages` configuration field.
        
                Alternatively, you can also rely on setuptools' discovery methods
                (for example by using `find_namespace_packages(...)`/`find_namespace:`
                instead of `find_packages(...)`/`find:`).
        
                You can read more about "package discovery" on setuptools documentation page:
        
                - https://setuptools.pypa.io/en/latest/userguide/package_discovery.html
        
                If you don't want 'Tensile.Source.lib.include.Tensile.hip' to be distributed and are
                already explicitly excluding 'Tensile.Source.lib.include.Tensile.hip' via
                `find_namespace_packages(...)/find_namespace` or `find_packages(...)/find`,
                you can try to use `exclude_package_data`, or `include-package-data=False` in
                combination with a more fine grained `package-data` configuration.
        
                You can read more about "package data files" on setuptools documentation page:
        
                - https://setuptools.pypa.io/en/latest/userguide/datafiles.html
        
        
                [^1]: For Python, any directory (with suitable naming) can be imported,
                      even if it does not contain any `.py` files.
                      On the other hand, currently there is no concept of package data
                      directory, all directories are treated like packages.
                ********************************************************************************
        
        !!
          check.warn(importable)
        /home/bpoursar/workspace/rocm-libraries/projects/hipblaslt/build/release/virtualenv/lib/python3.10/site-packages/setuptools/command/build_py.py:212: _Warning: Package 'Tensile.Source.lib.include.Tensile.llvm' is absent from the `packages` configuration.
        !!
        
                ********************************************************************************
                ############################
                # Package would be ignored #
                ############################
                Python recognizes 'Tensile.Source.lib.include.Tensile.llvm' as an importable package[^1],
                but it is absent from setuptools' `packages` configuration.
        
                This leads to an ambiguous overall configuration. If you want to distribute this
                package, please make sure that 'Tensile.Source.lib.include.Tensile.llvm' is explicitly added
                to the `packages` configuration field.
        
                Alternatively, you can also rely on setuptools' discovery methods
                (for example by using `find_namespace_packages(...)`/`find_namespace:`
                instead of `find_packages(...)`/`find:`).
        
                You can read more about "package discovery" on setuptools documentation page:
        
                - https://setuptools.pypa.io/en/latest/userguide/package_discovery.html
        
                If you don't want 'Tensile.Source.lib.include.Tensile.llvm' to be distributed and are
                already explicitly excluding 'Tensile.Source.lib.include.Tensile.llvm' via
                `find_namespace_packages(...)/find_namespace` or `find_packages(...)/find`,
                you can try to use `exclude_package_data`, or `include-package-data=False` in
                combination with a more fine grained `package-data` configuration.
        
                You can read more about "package data files" on setuptools documentation page:
        
                - https://setuptools.pypa.io/en/latest/userguide/datafiles.html
        
        
                [^1]: For Python, any directory (with suitable naming) can be imported,
                      even if it does not contain any `.py` files.
                      On the other hand, currently there is no concept of package data
                      directory, all directories are treated like packages.
                ********************************************************************************
        
        !!
          check.warn(importable)
        /home/bpoursar/workspace/rocm-libraries/projects/hipblaslt/build/release/virtualenv/lib/python3.10/site-packages/setuptools/command/build_py.py:212: _Warning: Package 'Tensile.Source.lib.include.Tensile.msgpack' is absent from the `packages` configuration.
        !!
        
                ********************************************************************************
                ############################
                # Package would be ignored #
                ############################
                Python recognizes 'Tensile.Source.lib.include.Tensile.msgpack' as an importable package[^1],
                but it is absent from setuptools' `packages` configuration.
        
                This leads to an ambiguous overall configuration. If you want to distribute this
                package, please make sure that 'Tensile.Source.lib.include.Tensile.msgpack' is explicitly added
                to the `packages` configuration field.
        
                Alternatively, you can also rely on setuptools' discovery methods
                (for example by using `find_namespace_packages(...)`/`find_namespace:`
                instead of `find_packages(...)`/`find:`).
        
                You can read more about "package discovery" on setuptools documentation page:
        
                - https://setuptools.pypa.io/en/latest/userguide/package_discovery.html
        
                If you don't want 'Tensile.Source.lib.include.Tensile.msgpack' to be distributed and are
                already explicitly excluding 'Tensile.Source.lib.include.Tensile.msgpack' via
                `find_namespace_packages(...)/find_namespace` or `find_packages(...)/find`,
                you can try to use `exclude_package_data`, or `include-package-data=False` in
                combination with a more fine grained `package-data` configuration.
        
                You can read more about "package data files" on setuptools documentation page:
        
                - https://setuptools.pypa.io/en/latest/userguide/datafiles.html
        
        
                [^1]: For Python, any directory (with suitable naming) can be imported,
                      even if it does not contain any `.py` files.
                      On the other hand, currently there is no concept of package data
                      directory, all directories are treated like packages.
                ********************************************************************************
        
        !!
          check.warn(importable)
        /home/bpoursar/workspace/rocm-libraries/projects/hipblaslt/build/release/virtualenv/lib/python3.10/site-packages/setuptools/command/build_py.py:212: _Warning: Package 'Tensile.Source.lib.include.Tensile.ocl' is absent from the `packages` configuration.
        !!
        
                ********************************************************************************
                ############################
                # Package would be ignored #
                ############################
                Python recognizes 'Tensile.Source.lib.include.Tensile.ocl' as an importable package[^1],
                but it is absent from setuptools' `packages` configuration.
        
                This leads to an ambiguous overall configuration. If you want to distribute this
                package, please make sure that 'Tensile.Source.lib.include.Tensile.ocl' is explicitly added
                to the `packages` configuration field.
        
                Alternatively, you can also rely on setuptools' discovery methods
                (for example by using `find_namespace_packages(...)`/`find_namespace:`
                instead of `find_packages(...)`/`find:`).
        
                You can read more about "package discovery" on setuptools documentation page:
        
                - https://setuptools.pypa.io/en/latest/userguide/package_discovery.html
        
                If you don't want 'Tensile.Source.lib.include.Tensile.ocl' to be distributed and are
                already explicitly excluding 'Tensile.Source.lib.include.Tensile.ocl' via
                `find_namespace_packages(...)/find_namespace` or `find_packages(...)/find`,
                you can try to use `exclude_package_data`, or `include-package-data=False` in
                combination with a more fine grained `package-data` configuration.
        
                You can read more about "package data files" on setuptools documentation page:
        
                - https://setuptools.pypa.io/en/latest/userguide/datafiles.html
        
        
                [^1]: For Python, any directory (with suitable naming) can be imported,
                      even if it does not contain any `.py` files.
                      On the other hand, currently there is no concept of package data
                      directory, all directories are treated like packages.
                ********************************************************************************
        
        !!
          check.warn(importable)
        /home/bpoursar/workspace/rocm-libraries/projects/hipblaslt/build/release/virtualenv/lib/python3.10/site-packages/setuptools/command/build_py.py:212: _Warning: Package 'Tensile.Source.lib.source' is absent from the `packages` configuration.
        !!
        
                ********************************************************************************
                ############################
                # Package would be ignored #
                ############################
                Python recognizes 'Tensile.Source.lib.source' as an importable package[^1],
                but it is absent from setuptools' `packages` configuration.
        
                This leads to an ambiguous overall configuration. If you want to distribute this
                package, please make sure that 'Tensile.Source.lib.source' is explicitly added
                to the `packages` configuration field.
        
                Alternatively, you can also rely on setuptools' discovery methods
                (for example by using `find_namespace_packages(...)`/`find_namespace:`
                instead of `find_packages(...)`/`find:`).
        
                You can read more about "package discovery" on setuptools documentation page:
        
                - https://setuptools.pypa.io/en/latest/userguide/package_discovery.html
        
                If you don't want 'Tensile.Source.lib.source' to be distributed and are
                already explicitly excluding 'Tensile.Source.lib.source' via
                `find_namespace_packages(...)/find_namespace` or `find_packages(...)/find`,
                you can try to use `exclude_package_data`, or `include-package-data=False` in
                combination with a more fine grained `package-data` configuration.
        
                You can read more about "package data files" on setuptools documentation page:
        
                - https://setuptools.pypa.io/en/latest/userguide/datafiles.html
        
        
                [^1]: For Python, any directory (with suitable naming) can be imported,
                      even if it does not contain any `.py` files.
                      On the other hand, currently there is no concept of package data
                      directory, all directories are treated like packages.
                ********************************************************************************
        
        !!
          check.warn(importable)
        /home/bpoursar/workspace/rocm-libraries/projects/hipblaslt/build/release/virtualenv/lib/python3.10/site-packages/setuptools/command/build_py.py:212: _Warning: Package 'Tensile.Source.lib.source.analytical' is absent from the `packages` configuration.
        !!
        
                ********************************************************************************
                ############################
                # Package would be ignored #
                ############################
                Python recognizes 'Tensile.Source.lib.source.analytical' as an importable package[^1],
                but it is absent from setuptools' `packages` configuration.
        
                This leads to an ambiguous overall configuration. If you want to distribute this
                package, please make sure that 'Tensile.Source.lib.source.analytical' is explicitly added
                to the `packages` configuration field.
        
                Alternatively, you can also rely on setuptools' discovery methods
                (for example by using `find_namespace_packages(...)`/`find_namespace:`
                instead of `find_packages(...)`/`find:`).
        
                You can read more about "package discovery" on setuptools documentation page:
        
                - https://setuptools.pypa.io/en/latest/userguide/package_discovery.html
        
                If you don't want 'Tensile.Source.lib.source.analytical' to be distributed and are
                already explicitly excluding 'Tensile.Source.lib.source.analytical' via
                `find_namespace_packages(...)/find_namespace` or `find_packages(...)/find`,
                you can try to use `exclude_package_data`, or `include-package-data=False` in
                combination with a more fine grained `package-data` configuration.
        
                You can read more about "package data files" on setuptools documentation page:
        
                - https://setuptools.pypa.io/en/latest/userguide/datafiles.html
        
        
                [^1]: For Python, any directory (with suitable naming) can be imported,
                      even if it does not contain any `.py` files.
                      On the other hand, currently there is no concept of package data
                      directory, all directories are treated like packages.
                ********************************************************************************
        
        !!
          check.warn(importable)
        /home/bpoursar/workspace/rocm-libraries/projects/hipblaslt/build/release/virtualenv/lib/python3.10/site-packages/setuptools/command/build_py.py:212: _Warning: Package 'Tensile.Source.lib.source.hip' is absent from the `packages` configuration.
        !!
        
                ********************************************************************************
                ############################
                # Package would be ignored #
                ############################
                Python recognizes 'Tensile.Source.lib.source.hip' as an importable package[^1],
                but it is absent from setuptools' `packages` configuration.
        
                This leads to an ambiguous overall configuration. If you want to distribute this
                package, please make sure that 'Tensile.Source.lib.source.hip' is explicitly added
                to the `packages` configuration field.
        
                Alternatively, you can also rely on setuptools' discovery methods
                (for example by using `find_namespace_packages(...)`/`find_namespace:`
                instead of `find_packages(...)`/`find:`).
        
                You can read more about "package discovery" on setuptools documentation page:
        
                - https://setuptools.pypa.io/en/latest/userguide/package_discovery.html
        
                If you don't want 'Tensile.Source.lib.source.hip' to be distributed and are
                already explicitly excluding 'Tensile.Source.lib.source.hip' via
                `find_namespace_packages(...)/find_namespace` or `find_packages(...)/find`,
                you can try to use `exclude_package_data`, or `include-package-data=False` in
                combination with a more fine grained `package-data` configuration.
        
                You can read more about "package data files" on setuptools documentation page:
        
                - https://setuptools.pypa.io/en/latest/userguide/datafiles.html
        
        
                [^1]: For Python, any directory (with suitable naming) can be imported,
                      even if it does not contain any `.py` files.
                      On the other hand, currently there is no concept of package data
                      directory, all directories are treated like packages.
                ********************************************************************************
        
        !!
          check.warn(importable)
        /home/bpoursar/workspace/rocm-libraries/projects/hipblaslt/build/release/virtualenv/lib/python3.10/site-packages/setuptools/command/build_py.py:212: _Warning: Package 'Tensile.Source.lib.source.llvm' is absent from the `packages` configuration.
        !!
        
                ********************************************************************************
                ############################
                # Package would be ignored #
                ############################
                Python recognizes 'Tensile.Source.lib.source.llvm' as an importable package[^1],
                but it is absent from setuptools' `packages` configuration.
        
                This leads to an ambiguous overall configuration. If you want to distribute this
                package, please make sure that 'Tensile.Source.lib.source.llvm' is explicitly added
                to the `packages` configuration field.
        
                Alternatively, you can also rely on setuptools' discovery methods
                (for example by using `find_namespace_packages(...)`/`find_namespace:`
                instead of `find_packages(...)`/`find:`).
        
                You can read more about "package discovery" on setuptools documentation page:
        
                - https://setuptools.pypa.io/en/latest/userguide/package_discovery.html
        
                If you don't want 'Tensile.Source.lib.source.llvm' to be distributed and are
                already explicitly excluding 'Tensile.Source.lib.source.llvm' via
                `find_namespace_packages(...)/find_namespace` or `find_packages(...)/find`,
                you can try to use `exclude_package_data`, or `include-package-data=False` in
                combination with a more fine grained `package-data` configuration.
        
                You can read more about "package data files" on setuptools documentation page:
        
                - https://setuptools.pypa.io/en/latest/userguide/datafiles.html
        
        
                [^1]: For Python, any directory (with suitable naming) can be imported,
                      even if it does not contain any `.py` files.
                      On the other hand, currently there is no concept of package data
                      directory, all directories are treated like packages.
                ********************************************************************************
        
        !!
          check.warn(importable)
        /home/bpoursar/workspace/rocm-libraries/projects/hipblaslt/build/release/virtualenv/lib/python3.10/site-packages/setuptools/command/build_py.py:212: _Warning: Package 'Tensile.Source.lib.source.msgpack' is absent from the `packages` configuration.
        !!
        
                ********************************************************************************
                ############################
                # Package would be ignored #
                ############################
                Python recognizes 'Tensile.Source.lib.source.msgpack' as an importable package[^1],
                but it is absent from setuptools' `packages` configuration.
        
                This leads to an ambiguous overall configuration. If you want to distribute this
                package, please make sure that 'Tensile.Source.lib.source.msgpack' is explicitly added
                to the `packages` configuration field.
        
                Alternatively, you can also rely on setuptools' discovery methods
                (for example by using `find_namespace_packages(...)`/`find_namespace:`
                instead of `find_packages(...)`/`find:`).
        
                You can read more about "package discovery" on setuptools documentation page:
        
                - https://setuptools.pypa.io/en/latest/userguide/package_discovery.html
        
                If you don't want 'Tensile.Source.lib.source.msgpack' to be distributed and are
                already explicitly excluding 'Tensile.Source.lib.source.msgpack' via
                `find_namespace_packages(...)/find_namespace` or `find_packages(...)/find`,
                you can try to use `exclude_package_data`, or `include-package-data=False` in
                combination with a more fine grained `package-data` configuration.
        
                You can read more about "package data files" on setuptools documentation page:
        
                - https://setuptools.pypa.io/en/latest/userguide/datafiles.html
        
        
                [^1]: For Python, any directory (with suitable naming) can be imported,
                      even if it does not contain any `.py` files.
                      On the other hand, currently there is no concept of package data
                      directory, all directories are treated like packages.
                ********************************************************************************
        
        !!
          check.warn(importable)
        /home/bpoursar/workspace/rocm-libraries/projects/hipblaslt/build/release/virtualenv/lib/python3.10/site-packages/setuptools/command/build_py.py:212: _Warning: Package 'Tensile.Source.lib.source.ocl' is absent from the `packages` configuration.
        !!
        
                ********************************************************************************
                ############################
                # Package would be ignored #
                ############################
                Python recognizes 'Tensile.Source.lib.source.ocl' as an importable package[^1],
                but it is absent from setuptools' `packages` configuration.
        
                This leads to an ambiguous overall configuration. If you want to distribute this
                package, please make sure that 'Tensile.Source.lib.source.ocl' is explicitly added
                to the `packages` configuration field.
        
                Alternatively, you can also rely on setuptools' discovery methods
                (for example by using `find_namespace_packages(...)`/`find_namespace:`
                instead of `find_packages(...)`/`find:`).
        
                You can read more about "package discovery" on setuptools documentation page:
        
                - https://setuptools.pypa.io/en/latest/userguide/package_discovery.html
        
                If you don't want 'Tensile.Source.lib.source.ocl' to be distributed and are
                already explicitly excluding 'Tensile.Source.lib.source.ocl' via
                `find_namespace_packages(...)/find_namespace` or `find_packages(...)/find`,
                you can try to use `exclude_package_data`, or `include-package-data=False` in
                combination with a more fine grained `package-data` configuration.
        
                You can read more about "package data files" on setuptools documentation page:
        
                - https://setuptools.pypa.io/en/latest/userguide/datafiles.html
        
        
                [^1]: For Python, any directory (with suitable naming) can be imported,
                      even if it does not contain any `.py` files.
                      On the other hand, currently there is no concept of package data
                      directory, all directories are treated like packages.
                ********************************************************************************
        
        !!
          check.warn(importable)
        /home/bpoursar/workspace/rocm-libraries/projects/hipblaslt/build/release/virtualenv/lib/python3.10/site-packages/setuptools/command/build_py.py:212: _Warning: Package 'Tensile.TensileCreateLibrary' is absent from the `packages` configuration.
        !!
        
                ********************************************************************************
                ############################
                # Package would be ignored #
                ############################
                Python recognizes 'Tensile.TensileCreateLibrary' as an importable package[^1],
                but it is absent from setuptools' `packages` configuration.
        
                This leads to an ambiguous overall configuration. If you want to distribute this
                package, please make sure that 'Tensile.TensileCreateLibrary' is explicitly added
                to the `packages` configuration field.
        
                Alternatively, you can also rely on setuptools' discovery methods
                (for example by using `find_namespace_packages(...)`/`find_namespace:`
                instead of `find_packages(...)`/`find:`).
        
                You can read more about "package discovery" on setuptools documentation page:
        
                - https://setuptools.pypa.io/en/latest/userguide/package_discovery.html
        
                If you don't want 'Tensile.TensileCreateLibrary' to be distributed and are
                already explicitly excluding 'Tensile.TensileCreateLibrary' via
                `find_namespace_packages(...)/find_namespace` or `find_packages(...)/find`,
                you can try to use `exclude_package_data`, or `include-package-data=False` in
                combination with a more fine grained `package-data` configuration.
        
                You can read more about "package data files" on setuptools documentation page:
        
                - https://setuptools.pypa.io/en/latest/userguide/datafiles.html
        
        
                [^1]: For Python, any directory (with suitable naming) can be imported,
                      even if it does not contain any `.py` files.
                      On the other hand, currently there is no concept of package data
                      directory, all directories are treated like packages.
                ********************************************************************************
        
        !!
          check.warn(importable)
        /home/bpoursar/workspace/rocm-libraries/projects/hipblaslt/build/release/virtualenv/lib/python3.10/site-packages/setuptools/command/build_py.py:212: _Warning: Package 'Tensile.TensileLogic' is absent from the `packages` configuration.
        !!
        
                ********************************************************************************
                ############################
                # Package would be ignored #
                ############################
                Python recognizes 'Tensile.TensileLogic' as an importable package[^1],
                but it is absent from setuptools' `packages` configuration.
        
                This leads to an ambiguous overall configuration. If you want to distribute this
                package, please make sure that 'Tensile.TensileLogic' is explicitly added
                to the `packages` configuration field.
        
                Alternatively, you can also rely on setuptools' discovery methods
                (for example by using `find_namespace_packages(...)`/`find_namespace:`
                instead of `find_packages(...)`/`find:`).
        
                You can read more about "package discovery" on setuptools documentation page:
        
                - https://setuptools.pypa.io/en/latest/userguide/package_discovery.html
        
                If you don't want 'Tensile.TensileLogic' to be distributed and are
                already explicitly excluding 'Tensile.TensileLogic' via
                `find_namespace_packages(...)/find_namespace` or `find_packages(...)/find`,
                you can try to use `exclude_package_data`, or `include-package-data=False` in
                combination with a more fine grained `package-data` configuration.
        
                You can read more about "package data files" on setuptools documentation page:
        
                - https://setuptools.pypa.io/en/latest/userguide/datafiles.html
        
        
                [^1]: For Python, any directory (with suitable naming) can be imported,
                      even if it does not contain any `.py` files.
                      On the other hand, currently there is no concept of package data
                      directory, all directories are treated like packages.
                ********************************************************************************
        
        !!
          check.warn(importable)
        /home/bpoursar/workspace/rocm-libraries/projects/hipblaslt/build/release/virtualenv/lib/python3.10/site-packages/setuptools/command/build_py.py:212: _Warning: Package 'Tensile.Tests' is absent from the `packages` configuration.
        !!
        
                ********************************************************************************
                ############################
                # Package would be ignored #
                ############################
                Python recognizes 'Tensile.Tests' as an importable package[^1],
                but it is absent from setuptools' `packages` configuration.
        
                This leads to an ambiguous overall configuration. If you want to distribute this
                package, please make sure that 'Tensile.Tests' is explicitly added
                to the `packages` configuration field.
        
                Alternatively, you can also rely on setuptools' discovery methods
                (for example by using `find_namespace_packages(...)`/`find_namespace:`
                instead of `find_packages(...)`/`find:`).
        
                You can read more about "package discovery" on setuptools documentation page:
        
                - https://setuptools.pypa.io/en/latest/userguide/package_discovery.html
        
                If you don't want 'Tensile.Tests' to be distributed and are
                already explicitly excluding 'Tensile.Tests' via
                `find_namespace_packages(...)/find_namespace` or `find_packages(...)/find`,
                you can try to use `exclude_package_data`, or `include-package-data=False` in
                combination with a more fine grained `package-data` configuration.
        
                You can read more about "package data files" on setuptools documentation page:
        
                - https://setuptools.pypa.io/en/latest/userguide/datafiles.html
        
        
                [^1]: For Python, any directory (with suitable naming) can be imported,
                      even if it does not contain any `.py` files.
                      On the other hand, currently there is no concept of package data
                      directory, all directories are treated like packages.
                ********************************************************************************
        
        !!
          check.warn(importable)
        /home/bpoursar/workspace/rocm-libraries/projects/hipblaslt/build/release/virtualenv/lib/python3.10/site-packages/setuptools/command/build_py.py:212: _Warning: Package 'Tensile.Tests.common' is absent from the `packages` configuration.
        !!
        
                ********************************************************************************
                ############################
                # Package would be ignored #
                ############################
                Python recognizes 'Tensile.Tests.common' as an importable package[^1],
                but it is absent from setuptools' `packages` configuration.
        
                This leads to an ambiguous overall configuration. If you want to distribute this
                package, please make sure that 'Tensile.Tests.common' is explicitly added
                to the `packages` configuration field.
        
                Alternatively, you can also rely on setuptools' discovery methods
                (for example by using `find_namespace_packages(...)`/`find_namespace:`
                instead of `find_packages(...)`/`find:`).
        
                You can read more about "package discovery" on setuptools documentation page:
        
                - https://setuptools.pypa.io/en/latest/userguide/package_discovery.html
        
                If you don't want 'Tensile.Tests.common' to be distributed and are
                already explicitly excluding 'Tensile.Tests.common' via
                `find_namespace_packages(...)/find_namespace` or `find_packages(...)/find`,
                you can try to use `exclude_package_data`, or `include-package-data=False` in
                combination with a more fine grained `package-data` configuration.
        
                You can read more about "package data files" on setuptools documentation page:
        
                - https://setuptools.pypa.io/en/latest/userguide/datafiles.html
        
        
                [^1]: For Python, any directory (with suitable naming) can be imported,
                      even if it does not contain any `.py` files.
                      On the other hand, currently there is no concept of package data
                      directory, all directories are treated like packages.
                ********************************************************************************
        
        !!
          check.warn(importable)
        /home/bpoursar/workspace/rocm-libraries/projects/hipblaslt/build/release/virtualenv/lib/python3.10/site-packages/setuptools/command/build_py.py:212: _Warning: Package 'Tensile.Tests.common.amaxd' is absent from the `packages` configuration.
        !!
        
                ********************************************************************************
                ############################
                # Package would be ignored #
                ############################
                Python recognizes 'Tensile.Tests.common.amaxd' as an importable package[^1],
                but it is absent from setuptools' `packages` configuration.
        
                This leads to an ambiguous overall configuration. If you want to distribute this
                package, please make sure that 'Tensile.Tests.common.amaxd' is explicitly added
                to the `packages` configuration field.
        
                Alternatively, you can also rely on setuptools' discovery methods
                (for example by using `find_namespace_packages(...)`/`find_namespace:`
                instead of `find_packages(...)`/`find:`).
        
                You can read more about "package discovery" on setuptools documentation page:
        
                - https://setuptools.pypa.io/en/latest/userguide/package_discovery.html
        
                If you don't want 'Tensile.Tests.common.amaxd' to be distributed and are
                already explicitly excluding 'Tensile.Tests.common.amaxd' via
                `find_namespace_packages(...)/find_namespace` or `find_packages(...)/find`,
                you can try to use `exclude_package_data`, or `include-package-data=False` in
                combination with a more fine grained `package-data` configuration.
        
                You can read more about "package data files" on setuptools documentation page:
        
                - https://setuptools.pypa.io/en/latest/userguide/datafiles.html
        
        
                [^1]: For Python, any directory (with suitable naming) can be imported,
                      even if it does not contain any `.py` files.
                      On the other hand, currently there is no concept of package data
                      directory, all directories are treated like packages.
                ********************************************************************************
        
        !!
          check.warn(importable)
        /home/bpoursar/workspace/rocm-libraries/projects/hipblaslt/build/release/virtualenv/lib/python3.10/site-packages/setuptools/command/build_py.py:212: _Warning: Package 'Tensile.Tests.common.client' is absent from the `packages` configuration.
        !!
        
                ********************************************************************************
                ############################
                # Package would be ignored #
                ############################
                Python recognizes 'Tensile.Tests.common.client' as an importable package[^1],
                but it is absent from setuptools' `packages` configuration.
        
                This leads to an ambiguous overall configuration. If you want to distribute this
                package, please make sure that 'Tensile.Tests.common.client' is explicitly added
                to the `packages` configuration field.
        
                Alternatively, you can also rely on setuptools' discovery methods
                (for example by using `find_namespace_packages(...)`/`find_namespace:`
                instead of `find_packages(...)`/`find:`).
        
                You can read more about "package discovery" on setuptools documentation page:
        
                - https://setuptools.pypa.io/en/latest/userguide/package_discovery.html
        
                If you don't want 'Tensile.Tests.common.client' to be distributed and are
                already explicitly excluding 'Tensile.Tests.common.client' via
                `find_namespace_packages(...)/find_namespace` or `find_packages(...)/find`,
                you can try to use `exclude_package_data`, or `include-package-data=False` in
                combination with a more fine grained `package-data` configuration.
        
                You can read more about "package data files" on setuptools documentation page:
        
                - https://setuptools.pypa.io/en/latest/userguide/datafiles.html
        
        
                [^1]: For Python, any directory (with suitable naming) can be imported,
                      even if it does not contain any `.py` files.
                      On the other hand, currently there is no concept of package data
                      directory, all directories are treated like packages.
                ********************************************************************************
        
        !!
          check.warn(importable)
        /home/bpoursar/workspace/rocm-libraries/projects/hipblaslt/build/release/virtualenv/lib/python3.10/site-packages/setuptools/command/build_py.py:212: _Warning: Package 'Tensile.Tests.common.exception' is absent from the `packages` configuration.
        !!
        
                ********************************************************************************
                ############################
                # Package would be ignored #
                ############################
                Python recognizes 'Tensile.Tests.common.exception' as an importable package[^1],
                but it is absent from setuptools' `packages` configuration.
        
                This leads to an ambiguous overall configuration. If you want to distribute this
                package, please make sure that 'Tensile.Tests.common.exception' is explicitly added
                to the `packages` configuration field.
        
                Alternatively, you can also rely on setuptools' discovery methods
                (for example by using `find_namespace_packages(...)`/`find_namespace:`
                instead of `find_packages(...)`/`find:`).
        
                You can read more about "package discovery" on setuptools documentation page:
        
                - https://setuptools.pypa.io/en/latest/userguide/package_discovery.html
        
                If you don't want 'Tensile.Tests.common.exception' to be distributed and are
                already explicitly excluding 'Tensile.Tests.common.exception' via
                `find_namespace_packages(...)/find_namespace` or `find_packages(...)/find`,
                you can try to use `exclude_package_data`, or `include-package-data=False` in
                combination with a more fine grained `package-data` configuration.
        
                You can read more about "package data files" on setuptools documentation page:
        
                - https://setuptools.pypa.io/en/latest/userguide/datafiles.html
        
        
                [^1]: For Python, any directory (with suitable naming) can be imported,
                      even if it does not contain any `.py` files.
                      On the other hand, currently there is no concept of package data
                      directory, all directories are treated like packages.
                ********************************************************************************
        
        !!
          check.warn(importable)
        /home/bpoursar/workspace/rocm-libraries/projects/hipblaslt/build/release/virtualenv/lib/python3.10/site-packages/setuptools/command/build_py.py:212: _Warning: Package 'Tensile.Tests.common.gemm' is absent from the `packages` configuration.
        !!
        
                ********************************************************************************
                ############################
                # Package would be ignored #
                ############################
                Python recognizes 'Tensile.Tests.common.gemm' as an importable package[^1],
                but it is absent from setuptools' `packages` configuration.
        
                This leads to an ambiguous overall configuration. If you want to distribute this
                package, please make sure that 'Tensile.Tests.common.gemm' is explicitly added
                to the `packages` configuration field.
        
                Alternatively, you can also rely on setuptools' discovery methods
                (for example by using `find_namespace_packages(...)`/`find_namespace:`
                instead of `find_packages(...)`/`find:`).
        
                You can read more about "package discovery" on setuptools documentation page:
        
                - https://setuptools.pypa.io/en/latest/userguide/package_discovery.html
        
                If you don't want 'Tensile.Tests.common.gemm' to be distributed and are
                already explicitly excluding 'Tensile.Tests.common.gemm' via
                `find_namespace_packages(...)/find_namespace` or `find_packages(...)/find`,
                you can try to use `exclude_package_data`, or `include-package-data=False` in
                combination with a more fine grained `package-data` configuration.
        
                You can read more about "package data files" on setuptools documentation page:
        
                - https://setuptools.pypa.io/en/latest/userguide/datafiles.html
        
        
                [^1]: For Python, any directory (with suitable naming) can be imported,
                      even if it does not contain any `.py` files.
                      On the other hand, currently there is no concept of package data
                      directory, all directories are treated like packages.
                ********************************************************************************
        
        !!
          check.warn(importable)
        /home/bpoursar/workspace/rocm-libraries/projects/hipblaslt/build/release/virtualenv/lib/python3.10/site-packages/setuptools/command/build_py.py:212: _Warning: Package 'Tensile.Tests.common.gemm.gfx11' is absent from the `packages` configuration.
        !!
        
                ********************************************************************************
                ############################
                # Package would be ignored #
                ############################
                Python recognizes 'Tensile.Tests.common.gemm.gfx11' as an importable package[^1],
                but it is absent from setuptools' `packages` configuration.
        
                This leads to an ambiguous overall configuration. If you want to distribute this
                package, please make sure that 'Tensile.Tests.common.gemm.gfx11' is explicitly added
                to the `packages` configuration field.
        
                Alternatively, you can also rely on setuptools' discovery methods
                (for example by using `find_namespace_packages(...)`/`find_namespace:`
                instead of `find_packages(...)`/`find:`).
        
                You can read more about "package discovery" on setuptools documentation page:
        
                - https://setuptools.pypa.io/en/latest/userguide/package_discovery.html
        
                If you don't want 'Tensile.Tests.common.gemm.gfx11' to be distributed and are
                already explicitly excluding 'Tensile.Tests.common.gemm.gfx11' via
                `find_namespace_packages(...)/find_namespace` or `find_packages(...)/find`,
                you can try to use `exclude_package_data`, or `include-package-data=False` in
                combination with a more fine grained `package-data` configuration.
        
                You can read more about "package data files" on setuptools documentation page:
        
                - https://setuptools.pypa.io/en/latest/userguide/datafiles.html
        
        
                [^1]: For Python, any directory (with suitable naming) can be imported,
                      even if it does not contain any `.py` files.
                      On the other hand, currently there is no concept of package data
                      directory, all directories are treated like packages.
                ********************************************************************************
        
        !!
          check.warn(importable)
        /home/bpoursar/workspace/rocm-libraries/projects/hipblaslt/build/release/virtualenv/lib/python3.10/site-packages/setuptools/command/build_py.py:212: _Warning: Package 'Tensile.Tests.common.gemm.gfx12' is absent from the `packages` configuration.
        !!
        
                ********************************************************************************
                ############################
                # Package would be ignored #
                ############################
                Python recognizes 'Tensile.Tests.common.gemm.gfx12' as an importable package[^1],
                but it is absent from setuptools' `packages` configuration.
        
                This leads to an ambiguous overall configuration. If you want to distribute this
                package, please make sure that 'Tensile.Tests.common.gemm.gfx12' is explicitly added
                to the `packages` configuration field.
        
                Alternatively, you can also rely on setuptools' discovery methods
                (for example by using `find_namespace_packages(...)`/`find_namespace:`
                instead of `find_packages(...)`/`find:`).
        
                You can read more about "package discovery" on setuptools documentation page:
        
                - https://setuptools.pypa.io/en/latest/userguide/package_discovery.html
        
                If you don't want 'Tensile.Tests.common.gemm.gfx12' to be distributed and are
                already explicitly excluding 'Tensile.Tests.common.gemm.gfx12' via
                `find_namespace_packages(...)/find_namespace` or `find_packages(...)/find`,
                you can try to use `exclude_package_data`, or `include-package-data=False` in
                combination with a more fine grained `package-data` configuration.
        
                You can read more about "package data files" on setuptools documentation page:
        
                - https://setuptools.pypa.io/en/latest/userguide/datafiles.html
        
        
                [^1]: For Python, any directory (with suitable naming) can be imported,
                      even if it does not contain any `.py` files.
                      On the other hand, currently there is no concept of package data
                      directory, all directories are treated like packages.
                ********************************************************************************
        
        !!
          check.warn(importable)
        /home/bpoursar/workspace/rocm-libraries/projects/hipblaslt/build/release/virtualenv/lib/python3.10/site-packages/setuptools/command/build_py.py:212: _Warning: Package 'Tensile.Tests.common.gemm.gfx950' is absent from the `packages` configuration.
        !!
        
                ********************************************************************************
                ############################
                # Package would be ignored #
                ############################
                Python recognizes 'Tensile.Tests.common.gemm.gfx950' as an importable package[^1],
                but it is absent from setuptools' `packages` configuration.
        
                This leads to an ambiguous overall configuration. If you want to distribute this
                package, please make sure that 'Tensile.Tests.common.gemm.gfx950' is explicitly added
                to the `packages` configuration field.
        
                Alternatively, you can also rely on setuptools' discovery methods
                (for example by using `find_namespace_packages(...)`/`find_namespace:`
                instead of `find_packages(...)`/`find:`).
        
                You can read more about "package discovery" on setuptools documentation page:
        
                - https://setuptools.pypa.io/en/latest/userguide/package_discovery.html
        
                If you don't want 'Tensile.Tests.common.gemm.gfx950' to be distributed and are
                already explicitly excluding 'Tensile.Tests.common.gemm.gfx950' via
                `find_namespace_packages(...)/find_namespace` or `find_packages(...)/find`,
                you can try to use `exclude_package_data`, or `include-package-data=False` in
                combination with a more fine grained `package-data` configuration.
        
                You can read more about "package data files" on setuptools documentation page:
        
                - https://setuptools.pypa.io/en/latest/userguide/datafiles.html
        
        
                [^1]: For Python, any directory (with suitable naming) can be imported,
                      even if it does not contain any `.py` files.
                      On the other hand, currently there is no concept of package data
                      directory, all directories are treated like packages.
                ********************************************************************************
        
        !!
          check.warn(importable)
        /home/bpoursar/workspace/rocm-libraries/projects/hipblaslt/build/release/virtualenv/lib/python3.10/site-packages/setuptools/command/build_py.py:212: _Warning: Package 'Tensile.Tests.common.gradient' is absent from the `packages` configuration.
        !!
        
                ********************************************************************************
                ############################
                # Package would be ignored #
                ############################
                Python recognizes 'Tensile.Tests.common.gradient' as an importable package[^1],
                but it is absent from setuptools' `packages` configuration.
        
                This leads to an ambiguous overall configuration. If you want to distribute this
                package, please make sure that 'Tensile.Tests.common.gradient' is explicitly added
                to the `packages` configuration field.
        
                Alternatively, you can also rely on setuptools' discovery methods
                (for example by using `find_namespace_packages(...)`/`find_namespace:`
                instead of `find_packages(...)`/`find:`).
        
                You can read more about "package discovery" on setuptools documentation page:
        
                - https://setuptools.pypa.io/en/latest/userguide/package_discovery.html
        
                If you don't want 'Tensile.Tests.common.gradient' to be distributed and are
                already explicitly excluding 'Tensile.Tests.common.gradient' via
                `find_namespace_packages(...)/find_namespace` or `find_packages(...)/find`,
                you can try to use `exclude_package_data`, or `include-package-data=False` in
                combination with a more fine grained `package-data` configuration.
        
                You can read more about "package data files" on setuptools documentation page:
        
                - https://setuptools.pypa.io/en/latest/userguide/datafiles.html
        
        
                [^1]: For Python, any directory (with suitable naming) can be imported,
                      even if it does not contain any `.py` files.
                      On the other hand, currently there is no concept of package data
                      directory, all directories are treated like packages.
                ********************************************************************************
        
        !!
          check.warn(importable)
        /home/bpoursar/workspace/rocm-libraries/projects/hipblaslt/build/release/virtualenv/lib/python3.10/site-packages/setuptools/command/build_py.py:212: _Warning: Package 'Tensile.Tests.common.gradient.gfx11' is absent from the `packages` configuration.
        !!
        
                ********************************************************************************
                ############################
                # Package would be ignored #
                ############################
                Python recognizes 'Tensile.Tests.common.gradient.gfx11' as an importable package[^1],
                but it is absent from setuptools' `packages` configuration.
        
                This leads to an ambiguous overall configuration. If you want to distribute this
                package, please make sure that 'Tensile.Tests.common.gradient.gfx11' is explicitly added
                to the `packages` configuration field.
        
                Alternatively, you can also rely on setuptools' discovery methods
                (for example by using `find_namespace_packages(...)`/`find_namespace:`
                instead of `find_packages(...)`/`find:`).
        
                You can read more about "package discovery" on setuptools documentation page:
        
                - https://setuptools.pypa.io/en/latest/userguide/package_discovery.html
        
                If you don't want 'Tensile.Tests.common.gradient.gfx11' to be distributed and are
                already explicitly excluding 'Tensile.Tests.common.gradient.gfx11' via
                `find_namespace_packages(...)/find_namespace` or `find_packages(...)/find`,
                you can try to use `exclude_package_data`, or `include-package-data=False` in
                combination with a more fine grained `package-data` configuration.
        
                You can read more about "package data files" on setuptools documentation page:
        
                - https://setuptools.pypa.io/en/latest/userguide/datafiles.html
        
        
                [^1]: For Python, any directory (with suitable naming) can be imported,
                      even if it does not contain any `.py` files.
                      On the other hand, currently there is no concept of package data
                      directory, all directories are treated like packages.
                ********************************************************************************
        
        !!
          check.warn(importable)
        /home/bpoursar/workspace/rocm-libraries/projects/hipblaslt/build/release/virtualenv/lib/python3.10/site-packages/setuptools/command/build_py.py:212: _Warning: Package 'Tensile.Tests.common.gradient.gfx950' is absent from the `packages` configuration.
        !!
        
                ********************************************************************************
                ############################
                # Package would be ignored #
                ############################
                Python recognizes 'Tensile.Tests.common.gradient.gfx950' as an importable package[^1],
                but it is absent from setuptools' `packages` configuration.
        
                This leads to an ambiguous overall configuration. If you want to distribute this
                package, please make sure that 'Tensile.Tests.common.gradient.gfx950' is explicitly added
                to the `packages` configuration field.
        
                Alternatively, you can also rely on setuptools' discovery methods
                (for example by using `find_namespace_packages(...)`/`find_namespace:`
                instead of `find_packages(...)`/`find:`).
        
                You can read more about "package discovery" on setuptools documentation page:
        
                - https://setuptools.pypa.io/en/latest/userguide/package_discovery.html
        
                If you don't want 'Tensile.Tests.common.gradient.gfx950' to be distributed and are
                already explicitly excluding 'Tensile.Tests.common.gradient.gfx950' via
                `find_namespace_packages(...)/find_namespace` or `find_packages(...)/find`,
                you can try to use `exclude_package_data`, or `include-package-data=False` in
                combination with a more fine grained `package-data` configuration.
        
                You can read more about "package data files" on setuptools documentation page:
        
                - https://setuptools.pypa.io/en/latest/userguide/datafiles.html
        
        
                [^1]: For Python, any directory (with suitable naming) can be imported,
                      even if it does not contain any `.py` files.
                      On the other hand, currently there is no concept of package data
                      directory, all directories are treated like packages.
                ********************************************************************************
        
        !!
          check.warn(importable)
        /home/bpoursar/workspace/rocm-libraries/projects/hipblaslt/build/release/virtualenv/lib/python3.10/site-packages/setuptools/command/build_py.py:212: _Warning: Package 'Tensile.Tests.common.groupedgemm' is absent from the `packages` configuration.
        !!
        
                ********************************************************************************
                ############################
                # Package would be ignored #
                ############################
                Python recognizes 'Tensile.Tests.common.groupedgemm' as an importable package[^1],
                but it is absent from setuptools' `packages` configuration.
        
                This leads to an ambiguous overall configuration. If you want to distribute this
                package, please make sure that 'Tensile.Tests.common.groupedgemm' is explicitly added
                to the `packages` configuration field.
        
                Alternatively, you can also rely on setuptools' discovery methods
                (for example by using `find_namespace_packages(...)`/`find_namespace:`
                instead of `find_packages(...)`/`find:`).
        
                You can read more about "package discovery" on setuptools documentation page:
        
                - https://setuptools.pypa.io/en/latest/userguide/package_discovery.html
        
                If you don't want 'Tensile.Tests.common.groupedgemm' to be distributed and are
                already explicitly excluding 'Tensile.Tests.common.groupedgemm' via
                `find_namespace_packages(...)/find_namespace` or `find_packages(...)/find`,
                you can try to use `exclude_package_data`, or `include-package-data=False` in
                combination with a more fine grained `package-data` configuration.
        
                You can read more about "package data files" on setuptools documentation page:
        
                - https://setuptools.pypa.io/en/latest/userguide/datafiles.html
        
        
                [^1]: For Python, any directory (with suitable naming) can be imported,
                      even if it does not contain any `.py` files.
                      On the other hand, currently there is no concept of package data
                      directory, all directories are treated like packages.
                ********************************************************************************
        
        !!
          check.warn(importable)
        /home/bpoursar/workspace/rocm-libraries/projects/hipblaslt/build/release/virtualenv/lib/python3.10/site-packages/setuptools/command/build_py.py:212: _Warning: Package 'Tensile.Tests.common.groupedgemm.gfx11' is absent from the `packages` configuration.
        !!
        
                ********************************************************************************
                ############################
                # Package would be ignored #
                ############################
                Python recognizes 'Tensile.Tests.common.groupedgemm.gfx11' as an importable package[^1],
                but it is absent from setuptools' `packages` configuration.
        
                This leads to an ambiguous overall configuration. If you want to distribute this
                package, please make sure that 'Tensile.Tests.common.groupedgemm.gfx11' is explicitly added
                to the `packages` configuration field.
        
                Alternatively, you can also rely on setuptools' discovery methods
                (for example by using `find_namespace_packages(...)`/`find_namespace:`
                instead of `find_packages(...)`/`find:`).
        
                You can read more about "package discovery" on setuptools documentation page:
        
                - https://setuptools.pypa.io/en/latest/userguide/package_discovery.html
        
                If you don't want 'Tensile.Tests.common.groupedgemm.gfx11' to be distributed and are
                already explicitly excluding 'Tensile.Tests.common.groupedgemm.gfx11' via
                `find_namespace_packages(...)/find_namespace` or `find_packages(...)/find`,
                you can try to use `exclude_package_data`, or `include-package-data=False` in
                combination with a more fine grained `package-data` configuration.
        
                You can read more about "package data files" on setuptools documentation page:
        
                - https://setuptools.pypa.io/en/latest/userguide/datafiles.html
        
        
                [^1]: For Python, any directory (with suitable naming) can be imported,
                      even if it does not contain any `.py` files.
                      On the other hand, currently there is no concept of package data
                      directory, all directories are treated like packages.
                ********************************************************************************
        
        !!
          check.warn(importable)
        /home/bpoursar/workspace/rocm-libraries/projects/hipblaslt/build/release/virtualenv/lib/python3.10/site-packages/setuptools/command/build_py.py:212: _Warning: Package 'Tensile.Tests.common.gsu' is absent from the `packages` configuration.
        !!
        
                ********************************************************************************
                ############################
                # Package would be ignored #
                ############################
                Python recognizes 'Tensile.Tests.common.gsu' as an importable package[^1],
                but it is absent from setuptools' `packages` configuration.
        
                This leads to an ambiguous overall configuration. If you want to distribute this
                package, please make sure that 'Tensile.Tests.common.gsu' is explicitly added
                to the `packages` configuration field.
        
                Alternatively, you can also rely on setuptools' discovery methods
                (for example by using `find_namespace_packages(...)`/`find_namespace:`
                instead of `find_packages(...)`/`find:`).
        
                You can read more about "package discovery" on setuptools documentation page:
        
                - https://setuptools.pypa.io/en/latest/userguide/package_discovery.html
        
                If you don't want 'Tensile.Tests.common.gsu' to be distributed and are
                already explicitly excluding 'Tensile.Tests.common.gsu' via
                `find_namespace_packages(...)/find_namespace` or `find_packages(...)/find`,
                you can try to use `exclude_package_data`, or `include-package-data=False` in
                combination with a more fine grained `package-data` configuration.
        
                You can read more about "package data files" on setuptools documentation page:
        
                - https://setuptools.pypa.io/en/latest/userguide/datafiles.html
        
        
                [^1]: For Python, any directory (with suitable naming) can be imported,
                      even if it does not contain any `.py` files.
                      On the other hand, currently there is no concept of package data
                      directory, all directories are treated like packages.
                ********************************************************************************
        
        !!
          check.warn(importable)
        /home/bpoursar/workspace/rocm-libraries/projects/hipblaslt/build/release/virtualenv/lib/python3.10/site-packages/setuptools/command/build_py.py:212: _Warning: Package 'Tensile.Tests.common.sparse.gfx94x' is absent from the `packages` configuration.
        !!
        
                ********************************************************************************
                ############################
                # Package would be ignored #
                ############################
                Python recognizes 'Tensile.Tests.common.sparse.gfx94x' as an importable package[^1],
                but it is absent from setuptools' `packages` configuration.
        
                This leads to an ambiguous overall configuration. If you want to distribute this
                package, please make sure that 'Tensile.Tests.common.sparse.gfx94x' is explicitly added
                to the `packages` configuration field.
        
                Alternatively, you can also rely on setuptools' discovery methods
                (for example by using `find_namespace_packages(...)`/`find_namespace:`
                instead of `find_packages(...)`/`find:`).
        
                You can read more about "package discovery" on setuptools documentation page:
        
                - https://setuptools.pypa.io/en/latest/userguide/package_discovery.html
        
                If you don't want 'Tensile.Tests.common.sparse.gfx94x' to be distributed and are
                already explicitly excluding 'Tensile.Tests.common.sparse.gfx94x' via
                `find_namespace_packages(...)/find_namespace` or `find_packages(...)/find`,
                you can try to use `exclude_package_data`, or `include-package-data=False` in
                combination with a more fine grained `package-data` configuration.
        
                You can read more about "package data files" on setuptools documentation page:
        
                - https://setuptools.pypa.io/en/latest/userguide/datafiles.html
        
        
                [^1]: For Python, any directory (with suitable naming) can be imported,
                      even if it does not contain any `.py` files.
                      On the other hand, currently there is no concept of package data
                      directory, all directories are treated like packages.
                ********************************************************************************
        
        !!
          check.warn(importable)
        /home/bpoursar/workspace/rocm-libraries/projects/hipblaslt/build/release/virtualenv/lib/python3.10/site-packages/setuptools/command/build_py.py:212: _Warning: Package 'Tensile.Tests.common.sparse.gfx950' is absent from the `packages` configuration.
        !!
        
                ********************************************************************************
                ############################
                # Package would be ignored #
                ############################
                Python recognizes 'Tensile.Tests.common.sparse.gfx950' as an importable package[^1],
                but it is absent from setuptools' `packages` configuration.
        
                This leads to an ambiguous overall configuration. If you want to distribute this
                package, please make sure that 'Tensile.Tests.common.sparse.gfx950' is explicitly added
                to the `packages` configuration field.
        
                Alternatively, you can also rely on setuptools' discovery methods
                (for example by using `find_namespace_packages(...)`/`find_namespace:`
                instead of `find_packages(...)`/`find:`).
        
                You can read more about "package discovery" on setuptools documentation page:
        
                - https://setuptools.pypa.io/en/latest/userguide/package_discovery.html
        
                If you don't want 'Tensile.Tests.common.sparse.gfx950' to be distributed and are
                already explicitly excluding 'Tensile.Tests.common.sparse.gfx950' via
                `find_namespace_packages(...)/find_namespace` or `find_packages(...)/find`,
                you can try to use `exclude_package_data`, or `include-package-data=False` in
                combination with a more fine grained `package-data` configuration.
        
                You can read more about "package data files" on setuptools documentation page:
        
                - https://setuptools.pypa.io/en/latest/userguide/datafiles.html
        
        
                [^1]: For Python, any directory (with suitable naming) can be imported,
                      even if it does not contain any `.py` files.
                      On the other hand, currently there is no concept of package data
                      directory, all directories are treated like packages.
                ********************************************************************************
        
        !!
          check.warn(importable)
        /home/bpoursar/workspace/rocm-libraries/projects/hipblaslt/build/release/virtualenv/lib/python3.10/site-packages/setuptools/command/build_py.py:212: _Warning: Package 'Tensile.Tests.common.streamk' is absent from the `packages` configuration.
        !!
        
                ********************************************************************************
                ############################
                # Package would be ignored #
                ############################
                Python recognizes 'Tensile.Tests.common.streamk' as an importable package[^1],
                but it is absent from setuptools' `packages` configuration.
        
                This leads to an ambiguous overall configuration. If you want to distribute this
                package, please make sure that 'Tensile.Tests.common.streamk' is explicitly added
                to the `packages` configuration field.
        
                Alternatively, you can also rely on setuptools' discovery methods
                (for example by using `find_namespace_packages(...)`/`find_namespace:`
                instead of `find_packages(...)`/`find:`).
        
                You can read more about "package discovery" on setuptools documentation page:
        
                - https://setuptools.pypa.io/en/latest/userguide/package_discovery.html
        
                If you don't want 'Tensile.Tests.common.streamk' to be distributed and are
                already explicitly excluding 'Tensile.Tests.common.streamk' via
                `find_namespace_packages(...)/find_namespace` or `find_packages(...)/find`,
                you can try to use `exclude_package_data`, or `include-package-data=False` in
                combination with a more fine grained `package-data` configuration.
        
                You can read more about "package data files" on setuptools documentation page:
        
                - https://setuptools.pypa.io/en/latest/userguide/datafiles.html
        
        
                [^1]: For Python, any directory (with suitable naming) can be imported,
                      even if it does not contain any `.py` files.
                      On the other hand, currently there is no concept of package data
                      directory, all directories are treated like packages.
                ********************************************************************************
        
        !!
          check.warn(importable)
        /home/bpoursar/workspace/rocm-libraries/projects/hipblaslt/build/release/virtualenv/lib/python3.10/site-packages/setuptools/command/build_py.py:212: _Warning: Package 'Tensile.Tests.unit' is absent from the `packages` configuration.
        !!
        
                ********************************************************************************
                ############################
                # Package would be ignored #
                ############################
                Python recognizes 'Tensile.Tests.unit' as an importable package[^1],
                but it is absent from setuptools' `packages` configuration.
        
                This leads to an ambiguous overall configuration. If you want to distribute this
                package, please make sure that 'Tensile.Tests.unit' is explicitly added
                to the `packages` configuration field.
        
                Alternatively, you can also rely on setuptools' discovery methods
                (for example by using `find_namespace_packages(...)`/`find_namespace:`
                instead of `find_packages(...)`/`find:`).
        
                You can read more about "package discovery" on setuptools documentation page:
        
                - https://setuptools.pypa.io/en/latest/userguide/package_discovery.html
        
                If you don't want 'Tensile.Tests.unit' to be distributed and are
                already explicitly excluding 'Tensile.Tests.unit' via
                `find_namespace_packages(...)/find_namespace` or `find_packages(...)/find`,
                you can try to use `exclude_package_data`, or `include-package-data=False` in
                combination with a more fine grained `package-data` configuration.
        
                You can read more about "package data files" on setuptools documentation page:
        
                - https://setuptools.pypa.io/en/latest/userguide/datafiles.html
        
        
                [^1]: For Python, any directory (with suitable naming) can be imported,
                      even if it does not contain any `.py` files.
                      On the other hand, currently there is no concept of package data
                      directory, all directories are treated like packages.
                ********************************************************************************
        
        !!
          check.warn(importable)
        /home/bpoursar/workspace/rocm-libraries/projects/hipblaslt/build/release/virtualenv/lib/python3.10/site-packages/setuptools/command/build_py.py:212: _Warning: Package 'Tensile.Tests.unit.Common' is absent from the `packages` configuration.
        !!
        
                ********************************************************************************
                ############################
                # Package would be ignored #
                ############################
                Python recognizes 'Tensile.Tests.unit.Common' as an importable package[^1],
                but it is absent from setuptools' `packages` configuration.
        
                This leads to an ambiguous overall configuration. If you want to distribute this
                package, please make sure that 'Tensile.Tests.unit.Common' is explicitly added
                to the `packages` configuration field.
        
                Alternatively, you can also rely on setuptools' discovery methods
                (for example by using `find_namespace_packages(...)`/`find_namespace:`
                instead of `find_packages(...)`/`find:`).
        
                You can read more about "package discovery" on setuptools documentation page:
        
                - https://setuptools.pypa.io/en/latest/userguide/package_discovery.html
        
                If you don't want 'Tensile.Tests.unit.Common' to be distributed and are
                already explicitly excluding 'Tensile.Tests.unit.Common' via
                `find_namespace_packages(...)/find_namespace` or `find_packages(...)/find`,
                you can try to use `exclude_package_data`, or `include-package-data=False` in
                combination with a more fine grained `package-data` configuration.
        
                You can read more about "package data files" on setuptools documentation page:
        
                - https://setuptools.pypa.io/en/latest/userguide/datafiles.html
        
        
                [^1]: For Python, any directory (with suitable naming) can be imported,
                      even if it does not contain any `.py` files.
                      On the other hand, currently there is no concept of package data
                      directory, all directories are treated like packages.
                ********************************************************************************
        
        !!
          check.warn(importable)
        /home/bpoursar/workspace/rocm-libraries/projects/hipblaslt/build/release/virtualenv/lib/python3.10/site-packages/setuptools/command/build_py.py:212: _Warning: Package 'Tensile.Toolchain' is absent from the `packages` configuration.
        !!
        
                ********************************************************************************
                ############################
                # Package would be ignored #
                ############################
                Python recognizes 'Tensile.Toolchain' as an importable package[^1],
                but it is absent from setuptools' `packages` configuration.
        
                This leads to an ambiguous overall configuration. If you want to distribute this
                package, please make sure that 'Tensile.Toolchain' is explicitly added
                to the `packages` configuration field.
        
                Alternatively, you can also rely on setuptools' discovery methods
                (for example by using `find_namespace_packages(...)`/`find_namespace:`
                instead of `find_packages(...)`/`find:`).
        
                You can read more about "package discovery" on setuptools documentation page:
        
                - https://setuptools.pypa.io/en/latest/userguide/package_discovery.html
        
                If you don't want 'Tensile.Toolchain' to be distributed and are
                already explicitly excluding 'Tensile.Toolchain' via
                `find_namespace_packages(...)/find_namespace` or `find_packages(...)/find`,
                you can try to use `exclude_package_data`, or `include-package-data=False` in
                combination with a more fine grained `package-data` configuration.
        
                You can read more about "package data files" on setuptools documentation page:
        
                - https://setuptools.pypa.io/en/latest/userguide/datafiles.html
        
        
                [^1]: For Python, any directory (with suitable naming) can be imported,
                      even if it does not contain any `.py` files.
                      On the other hand, currently there is no concept of package data
                      directory, all directories are treated like packages.
                ********************************************************************************
        
        !!
          check.warn(importable)
        /home/bpoursar/workspace/rocm-libraries/projects/hipblaslt/build/release/virtualenv/lib/python3.10/site-packages/setuptools/command/build_py.py:212: _Warning: Package 'Tensile.Utilities' is absent from the `packages` configuration.
        !!
        
                ********************************************************************************
                ############################
                # Package would be ignored #
                ############################
                Python recognizes 'Tensile.Utilities' as an importable package[^1],
                but it is absent from setuptools' `packages` configuration.
        
                This leads to an ambiguous overall configuration. If you want to distribute this
                package, please make sure that 'Tensile.Utilities' is explicitly added
                to the `packages` configuration field.
        
                Alternatively, you can also rely on setuptools' discovery methods
                (for example by using `find_namespace_packages(...)`/`find_namespace:`
                instead of `find_packages(...)`/`find:`).
        
                You can read more about "package discovery" on setuptools documentation page:
        
                - https://setuptools.pypa.io/en/latest/userguide/package_discovery.html
        
                If you don't want 'Tensile.Utilities' to be distributed and are
                already explicitly excluding 'Tensile.Utilities' via
                `find_namespace_packages(...)/find_namespace` or `find_packages(...)/find`,
                you can try to use `exclude_package_data`, or `include-package-data=False` in
                combination with a more fine grained `package-data` configuration.
        
                You can read more about "package data files" on setuptools documentation page:
        
                - https://setuptools.pypa.io/en/latest/userguide/datafiles.html
        
        
                [^1]: For Python, any directory (with suitable naming) can be imported,
                      even if it does not contain any `.py` files.
                      On the other hand, currently there is no concept of package data
                      directory, all directories are treated like packages.
                ********************************************************************************
        
        !!
          check.warn(importable)
        /home/bpoursar/workspace/rocm-libraries/projects/hipblaslt/build/release/virtualenv/lib/python3.10/site-packages/setuptools/command/build_py.py:212: _Warning: Package 'Tensile.Utilities.Decorators' is absent from the `packages` configuration.
        !!
        
                ********************************************************************************
                ############################
                # Package would be ignored #
                ############################
                Python recognizes 'Tensile.Utilities.Decorators' as an importable package[^1],
                but it is absent from setuptools' `packages` configuration.
        
                This leads to an ambiguous overall configuration. If you want to distribute this
                package, please make sure that 'Tensile.Utilities.Decorators' is explicitly added
                to the `packages` configuration field.
        
                Alternatively, you can also rely on setuptools' discovery methods
                (for example by using `find_namespace_packages(...)`/`find_namespace:`
                instead of `find_packages(...)`/`find:`).
        
                You can read more about "package discovery" on setuptools documentation page:
        
                - https://setuptools.pypa.io/en/latest/userguide/package_discovery.html
        
                If you don't want 'Tensile.Utilities.Decorators' to be distributed and are
                already explicitly excluding 'Tensile.Utilities.Decorators' via
                `find_namespace_packages(...)/find_namespace` or `find_packages(...)/find`,
                you can try to use `exclude_package_data`, or `include-package-data=False` in
                combination with a more fine grained `package-data` configuration.
        
                You can read more about "package data files" on setuptools documentation page:
        
                - https://setuptools.pypa.io/en/latest/userguide/datafiles.html
        
        
                [^1]: For Python, any directory (with suitable naming) can be imported,
                      even if it does not contain any `.py` files.
                      On the other hand, currently there is no concept of package data
                      directory, all directories are treated like packages.
                ********************************************************************************
        
        !!
          check.warn(importable)
        /home/bpoursar/workspace/rocm-libraries/projects/hipblaslt/build/release/virtualenv/lib/python3.10/site-packages/setuptools/command/build_py.py:212: _Warning: Package 'Tensile.Utilities.archive' is absent from the `packages` configuration.
        !!
        
                ********************************************************************************
                ############################
                # Package would be ignored #
                ############################
                Python recognizes 'Tensile.Utilities.archive' as an importable package[^1],
                but it is absent from setuptools' `packages` configuration.
        
                This leads to an ambiguous overall configuration. If you want to distribute this
                package, please make sure that 'Tensile.Utilities.archive' is explicitly added
                to the `packages` configuration field.
        
                Alternatively, you can also rely on setuptools' discovery methods
                (for example by using `find_namespace_packages(...)`/`find_namespace:`
                instead of `find_packages(...)`/`find:`).
        
                You can read more about "package discovery" on setuptools documentation page:
        
                - https://setuptools.pypa.io/en/latest/userguide/package_discovery.html
        
                If you don't want 'Tensile.Utilities.archive' to be distributed and are
                already explicitly excluding 'Tensile.Utilities.archive' via
                `find_namespace_packages(...)/find_namespace` or `find_packages(...)/find`,
                you can try to use `exclude_package_data`, or `include-package-data=False` in
                combination with a more fine grained `package-data` configuration.
        
                You can read more about "package data files" on setuptools documentation page:
        
                - https://setuptools.pypa.io/en/latest/userguide/datafiles.html
        
        
                [^1]: For Python, any directory (with suitable naming) can be imported,
                      even if it does not contain any `.py` files.
                      On the other hand, currently there is no concept of package data
                      directory, all directories are treated like packages.
                ********************************************************************************
        
        !!
          check.warn(importable)
        /home/bpoursar/workspace/rocm-libraries/projects/hipblaslt/build/release/virtualenv/lib/python3.10/site-packages/setuptools/command/build_py.py:212: _Warning: Package 'Tensile.Utilities.origami' is absent from the `packages` configuration.
        !!
        
                ********************************************************************************
                ############################
                # Package would be ignored #
                ############################
                Python recognizes 'Tensile.Utilities.origami' as an importable package[^1],
                but it is absent from setuptools' `packages` configuration.
        
                This leads to an ambiguous overall configuration. If you want to distribute this
                package, please make sure that 'Tensile.Utilities.origami' is explicitly added
                to the `packages` configuration field.
        
                Alternatively, you can also rely on setuptools' discovery methods
                (for example by using `find_namespace_packages(...)`/`find_namespace:`
                instead of `find_packages(...)`/`find:`).
        
                You can read more about "package discovery" on setuptools documentation page:
        
                - https://setuptools.pypa.io/en/latest/userguide/package_discovery.html
        
                If you don't want 'Tensile.Utilities.origami' to be distributed and are
                already explicitly excluding 'Tensile.Utilities.origami' via
                `find_namespace_packages(...)/find_namespace` or `find_packages(...)/find`,
                you can try to use `exclude_package_data`, or `include-package-data=False` in
                combination with a more fine grained `package-data` configuration.
        
                You can read more about "package data files" on setuptools documentation page:
        
                - https://setuptools.pypa.io/en/latest/userguide/datafiles.html
        
        
                [^1]: For Python, any directory (with suitable naming) can be imported,
                      even if it does not contain any `.py` files.
                      On the other hand, currently there is no concept of package data
                      directory, all directories are treated like packages.
                ********************************************************************************
        
        !!
          check.warn(importable)
        /home/bpoursar/workspace/rocm-libraries/projects/hipblaslt/build/release/virtualenv/lib/python3.10/site-packages/setuptools/command/build_py.py:212: _Warning: Package 'Tensile.Utilities.tensile_generator' is absent from the `packages` configuration.
        !!
        
                ********************************************************************************
                ############################
                # Package would be ignored #
                ############################
                Python recognizes 'Tensile.Utilities.tensile_generator' as an importable package[^1],
                but it is absent from setuptools' `packages` configuration.
        
                This leads to an ambiguous overall configuration. If you want to distribute this
                package, please make sure that 'Tensile.Utilities.tensile_generator' is explicitly added
                to the `packages` configuration field.
        
                Alternatively, you can also rely on setuptools' discovery methods
                (for example by using `find_namespace_packages(...)`/`find_namespace:`
                instead of `find_packages(...)`/`find:`).
        
                You can read more about "package discovery" on setuptools documentation page:
        
                - https://setuptools.pypa.io/en/latest/userguide/package_discovery.html
        
                If you don't want 'Tensile.Utilities.tensile_generator' to be distributed and are
                already explicitly excluding 'Tensile.Utilities.tensile_generator' via
                `find_namespace_packages(...)/find_namespace` or `find_packages(...)/find`,
                you can try to use `exclude_package_data`, or `include-package-data=False` in
                combination with a more fine grained `package-data` configuration.
        
                You can read more about "package data files" on setuptools documentation page:
        
                - https://setuptools.pypa.io/en/latest/userguide/datafiles.html
        
        
                [^1]: For Python, any directory (with suitable naming) can be imported,
                      even if it does not contain any `.py` files.
                      On the other hand, currently there is no concept of package data
                      directory, all directories are treated like packages.
                ********************************************************************************
        
        !!
          check.warn(importable)
        /home/bpoursar/workspace/rocm-libraries/projects/hipblaslt/build/release/virtualenv/lib/python3.10/site-packages/setuptools/command/build_py.py:212: _Warning: Package 'Tensile.bin' is absent from the `packages` configuration.
        !!
        
                ********************************************************************************
                ############################
                # Package would be ignored #
                ############################
                Python recognizes 'Tensile.bin' as an importable package[^1],
                but it is absent from setuptools' `packages` configuration.
        
                This leads to an ambiguous overall configuration. If you want to distribute this
                package, please make sure that 'Tensile.bin' is explicitly added
                to the `packages` configuration field.
        
                Alternatively, you can also rely on setuptools' discovery methods
                (for example by using `find_namespace_packages(...)`/`find_namespace:`
                instead of `find_packages(...)`/`find:`).
        
                You can read more about "package discovery" on setuptools documentation page:
        
                - https://setuptools.pypa.io/en/latest/userguide/package_discovery.html
        
                If you don't want 'Tensile.bin' to be distributed and are
                already explicitly excluding 'Tensile.bin' via
                `find_namespace_packages(...)/find_namespace` or `find_packages(...)/find`,
                you can try to use `exclude_package_data`, or `include-package-data=False` in
                combination with a more fine grained `package-data` configuration.
        
                You can read more about "package data files" on setuptools documentation page:
        
                - https://setuptools.pypa.io/en/latest/userguide/datafiles.html
        
        
                [^1]: For Python, any directory (with suitable naming) can be imported,
                      even if it does not contain any `.py` files.
                      On the other hand, currently there is no concept of package data
                      directory, all directories are treated like packages.
                ********************************************************************************
        
        !!
          check.warn(importable)
        /home/bpoursar/workspace/rocm-libraries/projects/hipblaslt/build/release/virtualenv/lib/python3.10/site-packages/setuptools/command/build_py.py:212: _Warning: Package 'Tensile.cmake' is absent from the `packages` configuration.
        !!
        
                ********************************************************************************
                ############################
                # Package would be ignored #
                ############################
                Python recognizes 'Tensile.cmake' as an importable package[^1],
                but it is absent from setuptools' `packages` configuration.
        
                This leads to an ambiguous overall configuration. If you want to distribute this
                package, please make sure that 'Tensile.cmake' is explicitly added
                to the `packages` configuration field.
        
                Alternatively, you can also rely on setuptools' discovery methods
                (for example by using `find_namespace_packages(...)`/`find_namespace:`
                instead of `find_packages(...)`/`find:`).
        
                You can read more about "package discovery" on setuptools documentation page:
        
                - https://setuptools.pypa.io/en/latest/userguide/package_discovery.html
        
                If you don't want 'Tensile.cmake' to be distributed and are
                already explicitly excluding 'Tensile.cmake' via
                `find_namespace_packages(...)/find_namespace` or `find_packages(...)/find`,
                you can try to use `exclude_package_data`, or `include-package-data=False` in
                combination with a more fine grained `package-data` configuration.
        
                You can read more about "package data files" on setuptools documentation page:
        
                - https://setuptools.pypa.io/en/latest/userguide/datafiles.html
        
        
                [^1]: For Python, any directory (with suitable naming) can be imported,
                      even if it does not contain any `.py` files.
                      On the other hand, currently there is no concept of package data
                      directory, all directories are treated like packages.
                ********************************************************************************
        
        !!
          check.warn(importable)
        /home/bpoursar/workspace/rocm-libraries/projects/hipblaslt/build/release/virtualenv/lib/python3.10/site-packages/setuptools/command/build_py.py:212: _Warning: Package 'rocisa.build' is absent from the `packages` configuration.
        !!
        
                ********************************************************************************
                ############################
                # Package would be ignored #
                ############################
                Python recognizes 'rocisa.build' as an importable package[^1],
                but it is absent from setuptools' `packages` configuration.
        
                This leads to an ambiguous overall configuration. If you want to distribute this
                package, please make sure that 'rocisa.build' is explicitly added
                to the `packages` configuration field.
        
                Alternatively, you can also rely on setuptools' discovery methods
                (for example by using `find_namespace_packages(...)`/`find_namespace:`
                instead of `find_packages(...)`/`find:`).
        
                You can read more about "package discovery" on setuptools documentation page:
        
                - https://setuptools.pypa.io/en/latest/userguide/package_discovery.html
        
                If you don't want 'rocisa.build' to be distributed and are
                already explicitly excluding 'rocisa.build' via
                `find_namespace_packages(...)/find_namespace` or `find_packages(...)/find`,
                you can try to use `exclude_package_data`, or `include-package-data=False` in
                combination with a more fine grained `package-data` configuration.
        
                You can read more about "package data files" on setuptools documentation page:
        
                - https://setuptools.pypa.io/en/latest/userguide/datafiles.html
        
        
                [^1]: For Python, any directory (with suitable naming) can be imported,
                      even if it does not contain any `.py` files.
                      On the other hand, currently there is no concept of package data
                      directory, all directories are treated like packages.
                ********************************************************************************
        
        !!
          check.warn(importable)
        /home/bpoursar/workspace/rocm-libraries/projects/hipblaslt/build/release/virtualenv/lib/python3.10/site-packages/setuptools/command/build_py.py:212: _Warning: Package 'rocisa.rocisa.include' is absent from the `packages` configuration.
        !!
        
                ********************************************************************************
                ############################
                # Package would be ignored #
                ############################
                Python recognizes 'rocisa.rocisa.include' as an importable package[^1],
                but it is absent from setuptools' `packages` configuration.
        
                This leads to an ambiguous overall configuration. If you want to distribute this
                package, please make sure that 'rocisa.rocisa.include' is explicitly added
                to the `packages` configuration field.
        
                Alternatively, you can also rely on setuptools' discovery methods
                (for example by using `find_namespace_packages(...)`/`find_namespace:`
                instead of `find_packages(...)`/`find:`).
        
                You can read more about "package discovery" on setuptools documentation page:
        
                - https://setuptools.pypa.io/en/latest/userguide/package_discovery.html
        
                If you don't want 'rocisa.rocisa.include' to be distributed and are
                already explicitly excluding 'rocisa.rocisa.include' via
                `find_namespace_packages(...)/find_namespace` or `find_packages(...)/find`,
                you can try to use `exclude_package_data`, or `include-package-data=False` in
                combination with a more fine grained `package-data` configuration.
        
                You can read more about "package data files" on setuptools documentation page:
        
                - https://setuptools.pypa.io/en/latest/userguide/datafiles.html
        
        
                [^1]: For Python, any directory (with suitable naming) can be imported,
                      even if it does not contain any `.py` files.
                      On the other hand, currently there is no concept of package data
                      directory, all directories are treated like packages.
                ********************************************************************************
        
        !!
          check.warn(importable)
        /home/bpoursar/workspace/rocm-libraries/projects/hipblaslt/build/release/virtualenv/lib/python3.10/site-packages/setuptools/command/build_py.py:212: _Warning: Package 'rocisa.rocisa.include.functions' is absent from the `packages` configuration.
        !!
        
                ********************************************************************************
                ############################
                # Package would be ignored #
                ############################
                Python recognizes 'rocisa.rocisa.include.functions' as an importable package[^1],
                but it is absent from setuptools' `packages` configuration.
        
                This leads to an ambiguous overall configuration. If you want to distribute this
                package, please make sure that 'rocisa.rocisa.include.functions' is explicitly added
                to the `packages` configuration field.
        
                Alternatively, you can also rely on setuptools' discovery methods
                (for example by using `find_namespace_packages(...)`/`find_namespace:`
                instead of `find_packages(...)`/`find:`).
        
                You can read more about "package discovery" on setuptools documentation page:
        
                - https://setuptools.pypa.io/en/latest/userguide/package_discovery.html
        
                If you don't want 'rocisa.rocisa.include.functions' to be distributed and are
                already explicitly excluding 'rocisa.rocisa.include.functions' via
                `find_namespace_packages(...)/find_namespace` or `find_packages(...)/find`,
                you can try to use `exclude_package_data`, or `include-package-data=False` in
                combination with a more fine grained `package-data` configuration.
        
                You can read more about "package data files" on setuptools documentation page:
        
                - https://setuptools.pypa.io/en/latest/userguide/datafiles.html
        
        
                [^1]: For Python, any directory (with suitable naming) can be imported,
                      even if it does not contain any `.py` files.
                      On the other hand, currently there is no concept of package data
                      directory, all directories are treated like packages.
                ********************************************************************************
        
        !!
          check.warn(importable)
        /home/bpoursar/workspace/rocm-libraries/projects/hipblaslt/build/release/virtualenv/lib/python3.10/site-packages/setuptools/command/build_py.py:212: _Warning: Package 'rocisa.rocisa.include.instruction' is absent from the `packages` configuration.
        !!
        
                ********************************************************************************
                ############################
                # Package would be ignored #
                ############################
                Python recognizes 'rocisa.rocisa.include.instruction' as an importable package[^1],
                but it is absent from setuptools' `packages` configuration.
        
                This leads to an ambiguous overall configuration. If you want to distribute this
                package, please make sure that 'rocisa.rocisa.include.instruction' is explicitly added
                to the `packages` configuration field.
        
                Alternatively, you can also rely on setuptools' discovery methods
                (for example by using `find_namespace_packages(...)`/`find_namespace:`
                instead of `find_packages(...)`/`find:`).
        
                You can read more about "package discovery" on setuptools documentation page:
        
                - https://setuptools.pypa.io/en/latest/userguide/package_discovery.html
        
                If you don't want 'rocisa.rocisa.include.instruction' to be distributed and are
                already explicitly excluding 'rocisa.rocisa.include.instruction' via
                `find_namespace_packages(...)/find_namespace` or `find_packages(...)/find`,
                you can try to use `exclude_package_data`, or `include-package-data=False` in
                combination with a more fine grained `package-data` configuration.
        
                You can read more about "package data files" on setuptools documentation page:
        
                - https://setuptools.pypa.io/en/latest/userguide/datafiles.html
        
        
                [^1]: For Python, any directory (with suitable naming) can be imported,
                      even if it does not contain any `.py` files.
                      On the other hand, currently there is no concept of package data
                      directory, all directories are treated like packages.
                ********************************************************************************
        
        !!
          check.warn(importable)
        /home/bpoursar/workspace/rocm-libraries/projects/hipblaslt/build/release/virtualenv/lib/python3.10/site-packages/setuptools/command/build_py.py:212: _Warning: Package 'rocisa.rocisa.src' is absent from the `packages` configuration.
        !!
        
                ********************************************************************************
                ############################
                # Package would be ignored #
                ############################
                Python recognizes 'rocisa.rocisa.src' as an importable package[^1],
                but it is absent from setuptools' `packages` configuration.
        
                This leads to an ambiguous overall configuration. If you want to distribute this
                package, please make sure that 'rocisa.rocisa.src' is explicitly added
                to the `packages` configuration field.
        
                Alternatively, you can also rely on setuptools' discovery methods
                (for example by using `find_namespace_packages(...)`/`find_namespace:`
                instead of `find_packages(...)`/`find:`).
        
                You can read more about "package discovery" on setuptools documentation page:
        
                - https://setuptools.pypa.io/en/latest/userguide/package_discovery.html
        
                If you don't want 'rocisa.rocisa.src' to be distributed and are
                already explicitly excluding 'rocisa.rocisa.src' via
                `find_namespace_packages(...)/find_namespace` or `find_packages(...)/find`,
                you can try to use `exclude_package_data`, or `include-package-data=False` in
                combination with a more fine grained `package-data` configuration.
        
                You can read more about "package data files" on setuptools documentation page:
        
                - https://setuptools.pypa.io/en/latest/userguide/datafiles.html
        
        
                [^1]: For Python, any directory (with suitable naming) can be imported,
                      even if it does not contain any `.py` files.
                      On the other hand, currently there is no concept of package data
                      directory, all directories are treated like packages.
                ********************************************************************************
        
        !!
          check.warn(importable)
        /home/bpoursar/workspace/rocm-libraries/projects/hipblaslt/build/release/virtualenv/lib/python3.10/site-packages/setuptools/command/build_py.py:212: _Warning: Package 'rocisa.rocisa.src.functions' is absent from the `packages` configuration.
        !!
        
                ********************************************************************************
                ############################
                # Package would be ignored #
                ############################
                Python recognizes 'rocisa.rocisa.src.functions' as an importable package[^1],
                but it is absent from setuptools' `packages` configuration.
        
                This leads to an ambiguous overall configuration. If you want to distribute this
                package, please make sure that 'rocisa.rocisa.src.functions' is explicitly added
                to the `packages` configuration field.
        
                Alternatively, you can also rely on setuptools' discovery methods
                (for example by using `find_namespace_packages(...)`/`find_namespace:`
                instead of `find_packages(...)`/`find:`).
        
                You can read more about "package discovery" on setuptools documentation page:
        
                - https://setuptools.pypa.io/en/latest/userguide/package_discovery.html
        
                If you don't want 'rocisa.rocisa.src.functions' to be distributed and are
                already explicitly excluding 'rocisa.rocisa.src.functions' via
                `find_namespace_packages(...)/find_namespace` or `find_packages(...)/find`,
                you can try to use `exclude_package_data`, or `include-package-data=False` in
                combination with a more fine grained `package-data` configuration.
        
                You can read more about "package data files" on setuptools documentation page:
        
                - https://setuptools.pypa.io/en/latest/userguide/datafiles.html
        
        
                [^1]: For Python, any directory (with suitable naming) can be imported,
                      even if it does not contain any `.py` files.
                      On the other hand, currently there is no concept of package data
                      directory, all directories are treated like packages.
                ********************************************************************************
        
        !!
          check.warn(importable)
        /home/bpoursar/workspace/rocm-libraries/projects/hipblaslt/build/release/virtualenv/lib/python3.10/site-packages/setuptools/command/build_py.py:212: _Warning: Package 'rocisa.rocisa.src.instruction' is absent from the `packages` configuration.
        !!
        
                ********************************************************************************
                ############################
                # Package would be ignored #
                ############################
                Python recognizes 'rocisa.rocisa.src.instruction' as an importable package[^1],
                but it is absent from setuptools' `packages` configuration.
        
                This leads to an ambiguous overall configuration. If you want to distribute this
                package, please make sure that 'rocisa.rocisa.src.instruction' is explicitly added
                to the `packages` configuration field.
        
                Alternatively, you can also rely on setuptools' discovery methods
                (for example by using `find_namespace_packages(...)`/`find_namespace:`
                instead of `find_packages(...)`/`find:`).
        
                You can read more about "package discovery" on setuptools documentation page:
        
                - https://setuptools.pypa.io/en/latest/userguide/package_discovery.html
        
                If you don't want 'rocisa.rocisa.src.instruction' to be distributed and are
                already explicitly excluding 'rocisa.rocisa.src.instruction' via
                `find_namespace_packages(...)/find_namespace` or `find_packages(...)/find`,
                you can try to use `exclude_package_data`, or `include-package-data=False` in
                combination with a more fine grained `package-data` configuration.
        
                You can read more about "package data files" on setuptools documentation page:
        
                - https://setuptools.pypa.io/en/latest/userguide/datafiles.html
        
        
                [^1]: For Python, any directory (with suitable naming) can be imported,
                      even if it does not contain any `.py` files.
                      On the other hand, currently there is no concept of package data
                      directory, all directories are treated like packages.
                ********************************************************************************
        
        !!
          check.warn(importable)
        /home/bpoursar/workspace/rocm-libraries/projects/hipblaslt/build/release/virtualenv/lib/python3.10/site-packages/setuptools/command/build_py.py:212: _Warning: Package 'rocisa.rocisa.src.pass' is absent from the `packages` configuration.
        !!
        
                ********************************************************************************
                ############################
                # Package would be ignored #
                ############################
                Python recognizes 'rocisa.rocisa.src.pass' as an importable package[^1],
                but it is absent from setuptools' `packages` configuration.
        
                This leads to an ambiguous overall configuration. If you want to distribute this
                package, please make sure that 'rocisa.rocisa.src.pass' is explicitly added
                to the `packages` configuration field.
        
                Alternatively, you can also rely on setuptools' discovery methods
                (for example by using `find_namespace_packages(...)`/`find_namespace:`
                instead of `find_packages(...)`/`find:`).
        
                You can read more about "package discovery" on setuptools documentation page:
        
                - https://setuptools.pypa.io/en/latest/userguide/package_discovery.html
        
                If you don't want 'rocisa.rocisa.src.pass' to be distributed and are
                already explicitly excluding 'rocisa.rocisa.src.pass' via
                `find_namespace_packages(...)/find_namespace` or `find_packages(...)/find`,
                you can try to use `exclude_package_data`, or `include-package-data=False` in
                combination with a more fine grained `package-data` configuration.
        
                You can read more about "package data files" on setuptools documentation page:
        
                - https://setuptools.pypa.io/en/latest/userguide/datafiles.html
        
        
                [^1]: For Python, any directory (with suitable naming) can be imported,
                      even if it does not contain any `.py` files.
                      On the other hand, currently there is no concept of package data
                      directory, all directories are treated like packages.
                ********************************************************************************
        
        !!
          check.warn(importable)
        creating build/lib/Tensile/Common
        copying Tensile/Common/Architectures.py -> build/lib/Tensile/Common
        copying Tensile/Common/Capabilities.py -> build/lib/Tensile/Common
        copying Tensile/Common/Constants.py -> build/lib/Tensile/Common
        copying Tensile/Common/DataType.py -> build/lib/Tensile/Common
        copying Tensile/Common/GlobalParameters.py -> build/lib/Tensile/Common
        copying Tensile/Common/Parallel.py -> build/lib/Tensile/Common
        copying Tensile/Common/RegisterPool.py -> build/lib/Tensile/Common
        copying Tensile/Common/RequiredParameters.py -> build/lib/Tensile/Common
        copying Tensile/Common/Types.py -> build/lib/Tensile/Common
        copying Tensile/Common/Utilities.py -> build/lib/Tensile/Common
        copying Tensile/Common/ValidParameters.py -> build/lib/Tensile/Common
        copying Tensile/Common/__init__.py -> build/lib/Tensile/Common
        creating build/lib/Tensile/Components
        copying Tensile/Components/ComputeStoreVgprs.py -> build/lib/Tensile/Components
        copying Tensile/Components/GSU.py -> build/lib/Tensile/Components
        copying Tensile/Components/GlobalWriteBatch.py -> build/lib/Tensile/Components
        copying Tensile/Components/LSU.py -> build/lib/Tensile/Components
        copying Tensile/Components/LocalRead.py -> build/lib/Tensile/Components
        copying Tensile/Components/LraTileAssignment.py -> build/lib/Tensile/Components
        copying Tensile/Components/MAC_BF16_HPA.py -> build/lib/Tensile/Components
        copying Tensile/Components/MAC_F16.py -> build/lib/Tensile/Components
        copying Tensile/Components/MAC_F16_HPA.py -> build/lib/Tensile/Components
        copying Tensile/Components/MAC_F32.py -> build/lib/Tensile/Components
        copying Tensile/Components/MAC_F32C.py -> build/lib/Tensile/Components
        copying Tensile/Components/MAC_F64.py -> build/lib/Tensile/Components
        copying Tensile/Components/MAC_F64C.py -> build/lib/Tensile/Components
        copying Tensile/Components/MAC_I8X4.py -> build/lib/Tensile/Components
        copying Tensile/Components/MAC_I8_HPA.py -> build/lib/Tensile/Components
        copying Tensile/Components/NotLocalFullTileElements.py -> build/lib/Tensile/Components
        copying Tensile/Components/PackData.py -> build/lib/Tensile/Components
        copying Tensile/Components/PersistentLoop.py -> build/lib/Tensile/Components
        copying Tensile/Components/Priority.py -> build/lib/Tensile/Components
        copying Tensile/Components/SIA.py -> build/lib/Tensile/Components
        copying Tensile/Components/ShiftVectorComponents.py -> build/lib/Tensile/Components
        copying Tensile/Components/Signature.py -> build/lib/Tensile/Components
        copying Tensile/Components/StreamK.py -> build/lib/Tensile/Components
        copying Tensile/Components/SumUnroll.py -> build/lib/Tensile/Components
        copying Tensile/Components/__init__.py -> build/lib/Tensile/Components
        creating build/lib/Tensile/CustomKernels
        copying Tensile/CustomKernels/CustomGSUs_Cijk_Ailk_Bljk_F8NH_HHS_BH_Bias_AS_SAB_SAV_MT128x16x128_MI16x16x1_10_Freesize_gfx942.s -> build/lib/Tensile/CustomKernels
        copying Tensile/CustomKernels/CustomGSUs_Cijk_Ailk_Bljk_F8NH_HHS_BH_Bias_AS_SAB_SAV_MT128x16x128_MI16x16x1_44_Freesize_gfx942.s -> build/lib/Tensile/CustomKernels
        copying Tensile/CustomKernels/CustomGSUs_Cijk_Ailk_Bljk_F8NH_HHS_BH_Bias_AS_SAB_SAV_MT128x16x64_MI16x16x1_29_Freesize_gfx942.s -> build/lib/Tensile/CustomKernels
        copying Tensile/CustomKernels/CustomGSUs_Cijk_Ailk_Bljk_F8NH_HHS_BH_MT128x16x128_MI16x16x1_10_Freesize_gfx942.s -> build/lib/Tensile/CustomKernels
        copying Tensile/CustomKernels/CustomGSUs_Cijk_Ailk_Bljk_F8NH_HHS_BH_MT128x16x128_MI16x16x1_16_Equality_gfx942.s -> build/lib/Tensile/CustomKernels
        copying Tensile/CustomKernels/CustomGSUs_Cijk_Ailk_Bljk_F8NH_HHS_BH_MT128x16x64_MI16x16x1_30_Freesize_gfx942.s -> build/lib/Tensile/CustomKernels
        copying Tensile/CustomKernels/CustomGSUs_Cijk_Ailk_Bljk_F8NH_HHS_BH_MT64x16x128_MI16x16x1_15_Equality_gfx942.s -> build/lib/Tensile/CustomKernels
        copying Tensile/CustomKernels/CustomGSUs_Cijk_Ailk_Bljk_HSS_BH_Bias_AS_SAV_MT64x16x64_MI16x16x1_Freesize_2stage_gfx942.s -> build/lib/Tensile/CustomKernels
        copying Tensile/CustomKernels/CustomGSUs_Cijk_Ailk_Bljk_HSS_BH_Bias_AS_SAV_MT64x16x64_MI16x16x1_Freesize_2stage_iprefetch_gfx942.s -> build/lib/Tensile/CustomKernels
        copying Tensile/CustomKernels/Custom_Cijk_Ailk_Bljk_F8NH_HHS_BH_Bias_AS_SAB_SAV_MT128x16x128_MI16x16x1_shortname2.s -> build/lib/Tensile/CustomKernels
        copying Tensile/CustomKernels/Custom_Cijk_Ailk_Bljk_F8NH_HHS_BH_Bias_AS_SAB_SAV_shortname0_gfx942.s -> build/lib/Tensile/CustomKernels
        copying Tensile/CustomKernels/Custom_Cijk_Ailk_Bljk_F8NH_HHS_BH_Bias_AS_SAB_SAV_shortname1_gfx942.s -> build/lib/Tensile/CustomKernels
        copying Tensile/CustomKernels/Custom_Cijk_Ailk_Bljk_F8NH_HHS_BH_Bias_GG_AS_SAB_SAV_UserArgs_shortname0_gfx942.s -> build/lib/Tensile/CustomKernels
        copying Tensile/CustomKernels/Custom_Cijk_Ailk_Bljk_F8NH_HHS_BH_Bias_GG_AS_SAB_SAV_UserArgs_shortname10_gfx942.s -> build/lib/Tensile/CustomKernels
        copying Tensile/CustomKernels/Custom_Cijk_Ailk_Bljk_F8NH_HHS_BH_Bias_GG_AS_SAB_SAV_UserArgs_shortname11_gfx942.s -> build/lib/Tensile/CustomKernels
        copying Tensile/CustomKernels/Custom_Cijk_Ailk_Bljk_F8NH_HHS_BH_Bias_GG_AS_SAB_SAV_UserArgs_shortname12_gfx942.s -> build/lib/Tensile/CustomKernels
        copying Tensile/CustomKernels/Custom_Cijk_Ailk_Bljk_F8NH_HHS_BH_Bias_GG_AS_SAB_SAV_UserArgs_shortname13_gfx942.s -> build/lib/Tensile/CustomKernels
        copying Tensile/CustomKernels/Custom_Cijk_Ailk_Bljk_F8NH_HHS_BH_Bias_GG_AS_SAB_SAV_UserArgs_shortname14_gfx942.s -> build/lib/Tensile/CustomKernels
        copying Tensile/CustomKernels/Custom_Cijk_Ailk_Bljk_F8NH_HHS_BH_Bias_GG_AS_SAB_SAV_UserArgs_shortname15_gfx942.s -> build/lib/Tensile/CustomKernels
        copying Tensile/CustomKernels/Custom_Cijk_Ailk_Bljk_F8NH_HHS_BH_Bias_GG_AS_SAB_SAV_UserArgs_shortname16_gfx942.s -> build/lib/Tensile/CustomKernels
        copying Tensile/CustomKernels/Custom_Cijk_Ailk_Bljk_F8NH_HHS_BH_Bias_GG_AS_SAB_SAV_UserArgs_shortname17_gfx942.s -> build/lib/Tensile/CustomKernels
        copying Tensile/CustomKernels/Custom_Cijk_Ailk_Bljk_F8NH_HHS_BH_Bias_GG_AS_SAB_SAV_UserArgs_shortname18_gfx942.s -> build/lib/Tensile/CustomKernels
        copying Tensile/CustomKernels/Custom_Cijk_Ailk_Bljk_F8NH_HHS_BH_Bias_GG_AS_SAB_SAV_UserArgs_shortname19_gfx942.s -> build/lib/Tensile/CustomKernels
        copying Tensile/CustomKernels/Custom_Cijk_Ailk_Bljk_F8NH_HHS_BH_Bias_GG_AS_SAB_SAV_UserArgs_shortname1_gfx942.s -> build/lib/Tensile/CustomKernels
        copying Tensile/CustomKernels/Custom_Cijk_Ailk_Bljk_F8NH_HHS_BH_Bias_GG_AS_SAB_SAV_UserArgs_shortname20_gfx942.s -> build/lib/Tensile/CustomKernels
        copying Tensile/CustomKernels/Custom_Cijk_Ailk_Bljk_F8NH_HHS_BH_Bias_GG_AS_SAB_SAV_UserArgs_shortname2_gfx942.s -> build/lib/Tensile/CustomKernels
        copying Tensile/CustomKernels/Custom_Cijk_Ailk_Bljk_F8NH_HHS_BH_Bias_GG_AS_SAB_SAV_UserArgs_shortname3_gfx942.s -> build/lib/Tensile/CustomKernels
        copying Tensile/CustomKernels/Custom_Cijk_Ailk_Bljk_F8NH_HHS_BH_Bias_GG_AS_SAB_SAV_UserArgs_shortname4_gfx942.s -> build/lib/Tensile/CustomKernels
        copying Tensile/CustomKernels/Custom_Cijk_Ailk_Bljk_F8NH_HHS_BH_Bias_GG_AS_SAB_SAV_UserArgs_shortname5_gfx942.s -> build/lib/Tensile/CustomKernels
        copying Tensile/CustomKernels/Custom_Cijk_Ailk_Bljk_F8NH_HHS_BH_Bias_GG_AS_SAB_SAV_UserArgs_shortname6_gfx942.s -> build/lib/Tensile/CustomKernels
        copying Tensile/CustomKernels/Custom_Cijk_Ailk_Bljk_F8NH_HHS_BH_Bias_GG_AS_SAB_SAV_UserArgs_shortname7_gfx942.s -> build/lib/Tensile/CustomKernels
        copying Tensile/CustomKernels/Custom_Cijk_Ailk_Bljk_F8NH_HHS_BH_Bias_GG_AS_SAB_SAV_UserArgs_shortname8_gfx942.s -> build/lib/Tensile/CustomKernels
        copying Tensile/CustomKernels/Custom_Cijk_Ailk_Bljk_F8NH_HHS_BH_Bias_GG_AS_SAB_SAV_UserArgs_shortname9_gfx942.s -> build/lib/Tensile/CustomKernels
        copying Tensile/CustomKernels/Custom_Cijk_Ailk_Bljk_F8NH_HSS_BH_Bias_GG_AS_SAB_SAV_UserArgs_shortname0_gfx942.s -> build/lib/Tensile/CustomKernels
        copying Tensile/CustomKernels/Custom_Cijk_Ailk_Bljk_F8NH_HSS_BH_Bias_GG_AS_SAB_SAV_UserArgs_shortname10_gfx942.s -> build/lib/Tensile/CustomKernels
        copying Tensile/CustomKernels/Custom_Cijk_Ailk_Bljk_F8NH_HSS_BH_Bias_GG_AS_SAB_SAV_UserArgs_shortname11_gfx942.s -> build/lib/Tensile/CustomKernels
        copying Tensile/CustomKernels/Custom_Cijk_Ailk_Bljk_F8NH_HSS_BH_Bias_GG_AS_SAB_SAV_UserArgs_shortname12_gfx942.s -> build/lib/Tensile/CustomKernels
        copying Tensile/CustomKernels/Custom_Cijk_Ailk_Bljk_F8NH_HSS_BH_Bias_GG_AS_SAB_SAV_UserArgs_shortname13_gfx942.s -> build/lib/Tensile/CustomKernels
        copying Tensile/CustomKernels/Custom_Cijk_Ailk_Bljk_F8NH_HSS_BH_Bias_GG_AS_SAB_SAV_UserArgs_shortname14_gfx942.s -> build/lib/Tensile/CustomKernels
        copying Tensile/CustomKernels/Custom_Cijk_Ailk_Bljk_F8NH_HSS_BH_Bias_GG_AS_SAB_SAV_UserArgs_shortname15_gfx942.s -> build/lib/Tensile/CustomKernels
        copying Tensile/CustomKernels/Custom_Cijk_Ailk_Bljk_F8NH_HSS_BH_Bias_GG_AS_SAB_SAV_UserArgs_shortname16_gfx942.s -> build/lib/Tensile/CustomKernels
        copying Tensile/CustomKernels/Custom_Cijk_Ailk_Bljk_F8NH_HSS_BH_Bias_GG_AS_SAB_SAV_UserArgs_shortname17_gfx942.s -> build/lib/Tensile/CustomKernels
        copying Tensile/CustomKernels/Custom_Cijk_Ailk_Bljk_F8NH_HSS_BH_Bias_GG_AS_SAB_SAV_UserArgs_shortname18_gfx942.s -> build/lib/Tensile/CustomKernels
        copying Tensile/CustomKernels/Custom_Cijk_Ailk_Bljk_F8NH_HSS_BH_Bias_GG_AS_SAB_SAV_UserArgs_shortname19_gfx942.s -> build/lib/Tensile/CustomKernels
        copying Tensile/CustomKernels/Custom_Cijk_Ailk_Bljk_F8NH_HSS_BH_Bias_GG_AS_SAB_SAV_UserArgs_shortname1_gfx942.s -> build/lib/Tensile/CustomKernels
        copying Tensile/CustomKernels/Custom_Cijk_Ailk_Bljk_F8NH_HSS_BH_Bias_GG_AS_SAB_SAV_UserArgs_shortname20_gfx942.s -> build/lib/Tensile/CustomKernels
        copying Tensile/CustomKernels/Custom_Cijk_Ailk_Bljk_F8NH_HSS_BH_Bias_GG_AS_SAB_SAV_UserArgs_shortname2_gfx942.s -> build/lib/Tensile/CustomKernels
        copying Tensile/CustomKernels/Custom_Cijk_Ailk_Bljk_F8NH_HSS_BH_Bias_GG_AS_SAB_SAV_UserArgs_shortname3_gfx942.s -> build/lib/Tensile/CustomKernels
        copying Tensile/CustomKernels/Custom_Cijk_Ailk_Bljk_F8NH_HSS_BH_Bias_GG_AS_SAB_SAV_UserArgs_shortname4_gfx942.s -> build/lib/Tensile/CustomKernels
        copying Tensile/CustomKernels/Custom_Cijk_Ailk_Bljk_F8NH_HSS_BH_Bias_GG_AS_SAB_SAV_UserArgs_shortname5_gfx942.s -> build/lib/Tensile/CustomKernels
        copying Tensile/CustomKernels/Custom_Cijk_Ailk_Bljk_F8NH_HSS_BH_Bias_GG_AS_SAB_SAV_UserArgs_shortname6_gfx942.s -> build/lib/Tensile/CustomKernels
        copying Tensile/CustomKernels/Custom_Cijk_Ailk_Bljk_F8NH_HSS_BH_Bias_GG_AS_SAB_SAV_UserArgs_shortname7_gfx942.s -> build/lib/Tensile/CustomKernels
        copying Tensile/CustomKernels/Custom_Cijk_Ailk_Bljk_F8NH_HSS_BH_Bias_GG_AS_SAB_SAV_UserArgs_shortname8_gfx942.s -> build/lib/Tensile/CustomKernels
        copying Tensile/CustomKernels/Custom_Cijk_Ailk_Bljk_F8NH_HSS_BH_Bias_GG_AS_SAB_SAV_UserArgs_shortname9_gfx942.s -> build/lib/Tensile/CustomKernels
        copying Tensile/CustomKernels/Custom_Cijk_Ailk_Bljk_HHS_BH_Bias_GG_AS_SAV_UserArgs_shortname0_gfx942.s -> build/lib/Tensile/CustomKernels
        copying Tensile/CustomKernels/Custom_Cijk_Ailk_Bljk_HHS_BH_Bias_GG_AS_SAV_UserArgs_shortname10_gfx942.s -> build/lib/Tensile/CustomKernels
        copying Tensile/CustomKernels/Custom_Cijk_Ailk_Bljk_HHS_BH_Bias_GG_AS_SAV_UserArgs_shortname11_gfx942.s -> build/lib/Tensile/CustomKernels
        copying Tensile/CustomKernels/Custom_Cijk_Ailk_Bljk_HHS_BH_Bias_GG_AS_SAV_UserArgs_shortname12_gfx942.s -> build/lib/Tensile/CustomKernels
        copying Tensile/CustomKernels/Custom_Cijk_Ailk_Bljk_HHS_BH_Bias_GG_AS_SAV_UserArgs_shortname13_gfx942.s -> build/lib/Tensile/CustomKernels
        copying Tensile/CustomKernels/Custom_Cijk_Ailk_Bljk_HHS_BH_Bias_GG_AS_SAV_UserArgs_shortname14_gfx942.s -> build/lib/Tensile/CustomKernels
        copying Tensile/CustomKernels/Custom_Cijk_Ailk_Bljk_HHS_BH_Bias_GG_AS_SAV_UserArgs_shortname15_gfx942.s -> build/lib/Tensile/CustomKernels
        copying Tensile/CustomKernels/Custom_Cijk_Ailk_Bljk_HHS_BH_Bias_GG_AS_SAV_UserArgs_shortname16_gfx942.s -> build/lib/Tensile/CustomKernels
        copying Tensile/CustomKernels/Custom_Cijk_Ailk_Bljk_HHS_BH_Bias_GG_AS_SAV_UserArgs_shortname17_gfx942.s -> build/lib/Tensile/CustomKernels
        copying Tensile/CustomKernels/Custom_Cijk_Ailk_Bljk_HHS_BH_Bias_GG_AS_SAV_UserArgs_shortname18_gfx942.s -> build/lib/Tensile/CustomKernels
        copying Tensile/CustomKernels/Custom_Cijk_Ailk_Bljk_HHS_BH_Bias_GG_AS_SAV_UserArgs_shortname1_gfx942.s -> build/lib/Tensile/CustomKernels
        copying Tensile/CustomKernels/Custom_Cijk_Ailk_Bljk_HHS_BH_Bias_GG_AS_SAV_UserArgs_shortname2_gfx942.s -> build/lib/Tensile/CustomKernels
        copying Tensile/CustomKernels/Custom_Cijk_Ailk_Bljk_HHS_BH_Bias_GG_AS_SAV_UserArgs_shortname3_gfx942.s -> build/lib/Tensile/CustomKernels
        copying Tensile/CustomKernels/Custom_Cijk_Ailk_Bljk_HHS_BH_Bias_GG_AS_SAV_UserArgs_shortname4_gfx942.s -> build/lib/Tensile/CustomKernels
        copying Tensile/CustomKernels/Custom_Cijk_Ailk_Bljk_HHS_BH_Bias_GG_AS_SAV_UserArgs_shortname5_gfx942.s -> build/lib/Tensile/CustomKernels
        copying Tensile/CustomKernels/Custom_Cijk_Ailk_Bljk_HHS_BH_Bias_GG_AS_SAV_UserArgs_shortname6_gfx942.s -> build/lib/Tensile/CustomKernels
        copying Tensile/CustomKernels/Custom_Cijk_Ailk_Bljk_HHS_BH_Bias_GG_AS_SAV_UserArgs_shortname7_gfx942.s -> build/lib/Tensile/CustomKernels
        copying Tensile/CustomKernels/Custom_Cijk_Ailk_Bljk_HHS_BH_Bias_GG_AS_SAV_UserArgs_shortname8_gfx942.s -> build/lib/Tensile/CustomKernels
        copying Tensile/CustomKernels/Custom_Cijk_Ailk_Bljk_HHS_BH_Bias_GG_AS_SAV_UserArgs_shortname9_gfx942.s -> build/lib/Tensile/CustomKernels
        copying Tensile/CustomKernels/Custom_Cijk_Ailk_Bljk_HSS_BH_Bias_GG_AS_SAV_UserArgs_shortname0_gfx942.s -> build/lib/Tensile/CustomKernels
        copying Tensile/CustomKernels/Custom_Cijk_Ailk_Bljk_HSS_BH_Bias_GG_AS_SAV_UserArgs_shortname10_gfx942.s -> build/lib/Tensile/CustomKernels
        copying Tensile/CustomKernels/Custom_Cijk_Ailk_Bljk_HSS_BH_Bias_GG_AS_SAV_UserArgs_shortname11_gfx942.s -> build/lib/Tensile/CustomKernels
        copying Tensile/CustomKernels/Custom_Cijk_Ailk_Bljk_HSS_BH_Bias_GG_AS_SAV_UserArgs_shortname12_gfx942.s -> build/lib/Tensile/CustomKernels
        copying Tensile/CustomKernels/Custom_Cijk_Ailk_Bljk_HSS_BH_Bias_GG_AS_SAV_UserArgs_shortname13_gfx942.s -> build/lib/Tensile/CustomKernels
        copying Tensile/CustomKernels/Custom_Cijk_Ailk_Bljk_HSS_BH_Bias_GG_AS_SAV_UserArgs_shortname14_gfx942.s -> build/lib/Tensile/CustomKernels
        copying Tensile/CustomKernels/Custom_Cijk_Ailk_Bljk_HSS_BH_Bias_GG_AS_SAV_UserArgs_shortname15_gfx942.s -> build/lib/Tensile/CustomKernels
        copying Tensile/CustomKernels/Custom_Cijk_Ailk_Bljk_HSS_BH_Bias_GG_AS_SAV_UserArgs_shortname16_gfx942.s -> build/lib/Tensile/CustomKernels
        copying Tensile/CustomKernels/Custom_Cijk_Ailk_Bljk_HSS_BH_Bias_GG_AS_SAV_UserArgs_shortname17_gfx942.s -> build/lib/Tensile/CustomKernels
        copying Tensile/CustomKernels/Custom_Cijk_Ailk_Bljk_HSS_BH_Bias_GG_AS_SAV_UserArgs_shortname18_gfx942.s -> build/lib/Tensile/CustomKernels
        copying Tensile/CustomKernels/Custom_Cijk_Ailk_Bljk_HSS_BH_Bias_GG_AS_SAV_UserArgs_shortname1_gfx942.s -> build/lib/Tensile/CustomKernels
        copying Tensile/CustomKernels/Custom_Cijk_Ailk_Bljk_HSS_BH_Bias_GG_AS_SAV_UserArgs_shortname2_gfx942.s -> build/lib/Tensile/CustomKernels
        copying Tensile/CustomKernels/Custom_Cijk_Ailk_Bljk_HSS_BH_Bias_GG_AS_SAV_UserArgs_shortname3_gfx942.s -> build/lib/Tensile/CustomKernels
        copying Tensile/CustomKernels/Custom_Cijk_Ailk_Bljk_HSS_BH_Bias_GG_AS_SAV_UserArgs_shortname4_gfx942.s -> build/lib/Tensile/CustomKernels
        copying Tensile/CustomKernels/Custom_Cijk_Ailk_Bljk_HSS_BH_Bias_GG_AS_SAV_UserArgs_shortname5_gfx942.s -> build/lib/Tensile/CustomKernels
        copying Tensile/CustomKernels/Custom_Cijk_Ailk_Bljk_HSS_BH_Bias_GG_AS_SAV_UserArgs_shortname6_gfx942.s -> build/lib/Tensile/CustomKernels
        copying Tensile/CustomKernels/Custom_Cijk_Ailk_Bljk_HSS_BH_Bias_GG_AS_SAV_UserArgs_shortname7_gfx942.s -> build/lib/Tensile/CustomKernels
        copying Tensile/CustomKernels/Custom_Cijk_Ailk_Bljk_HSS_BH_Bias_GG_AS_SAV_UserArgs_shortname8_gfx942.s -> build/lib/Tensile/CustomKernels
        copying Tensile/CustomKernels/Custom_Cijk_Ailk_Bljk_HSS_BH_Bias_GG_AS_SAV_UserArgs_shortname9_gfx942.s -> build/lib/Tensile/CustomKernels
        copying Tensile/CustomKernels/Custom_Cijk_Alik_Bljk_BBS_BH_Bias_AS_SAV_UserArgs_MT256x224x64_MI16x16x1_SN_K1_MIWT4_14_DTVA.s -> build/lib/Tensile/CustomKernels
        copying Tensile/CustomKernels/Custom_Cijk_Alik_Bljk_BBS_BH_Bias_AS_SAV_UserArgs_MT256x224x64_MI16x16x1_SN_K1_MIWT4_14_WSGRB2_DTVA.s -> build/lib/Tensile/CustomKernels
        copying Tensile/CustomKernels/Custom_Cijk_Alik_Bljk_BBS_BH_Bias_AS_SAV_UserArgs_MT256x256x64_MI16x16x1_SN_K1_MIWT4_16_DTVA.s -> build/lib/Tensile/CustomKernels
        copying Tensile/CustomKernels/Custom_Cijk_Alik_Bljk_BBS_BH_Bias_AS_SAV_UserArgs_MT256x256x64_MI16x16x1_SN_K1_MIWT4_16_DTVA_gfx950.s -> build/lib/Tensile/CustomKernels
        copying Tensile/CustomKernels/Custom_Cijk_Alik_Bljk_BBS_BH_Bias_AS_SAV_UserArgs_MT256x256x64_MI16x16x1_SN_K1_MIWT4_16_WSGRB2_DTVA.s -> build/lib/Tensile/CustomKernels
        copying Tensile/CustomKernels/Custom_Cijk_Alik_Bljk_BBS_BH_Bias_AS_SAV_UserArgs_MT256x256x64_MI16x16x1_SN_K1_MIWT4_16_WSGRB2_DTVA_gfx950.s -> build/lib/Tensile/CustomKernels
        copying Tensile/CustomKernels/Custom_Cijk_Alik_Bljk_BBS_BH_Bias_HA_S_SAV_NTD_SK3_UserArgs_MT256x256x64_MI16x16x1_shortname0_gfx950.s -> build/lib/Tensile/CustomKernels
        copying Tensile/CustomKernels/Custom_Cijk_Alik_Bljk_BBS_BH_MT128x16x128_MI16x16x1_SN_GSUM_K1_MIWT2_1_01.s -> build/lib/Tensile/CustomKernels
        copying Tensile/CustomKernels/Custom_Cijk_Alik_Bljk_BBS_BH_MT128x16x128_MI16x16x1_SN_GSUM_K1_MIWT2_1_01_gfx942.s -> build/lib/Tensile/CustomKernels
        copying Tensile/CustomKernels/Custom_Cijk_Alik_Bljk_BBS_BH_MT16x16x128_MI16x16x1_SN_GSUM_K1_MIWT1_1_2.s -> build/lib/Tensile/CustomKernels
        copying Tensile/CustomKernels/Custom_Cijk_Alik_Bljk_BBS_BH_MT16x16x128_MI16x16x1_SN_GSUM_K1_MIWT1_1_2_gfx942.s -> build/lib/Tensile/CustomKernels
        copying Tensile/CustomKernels/Custom_Cijk_Alik_Bljk_BBS_BH_MT16x16x128_MI16x16x1_SN_GSUM_K1_MIWT1_1_3.s -> build/lib/Tensile/CustomKernels
        copying Tensile/CustomKernels/Custom_Cijk_Alik_Bljk_BBS_BH_MT16x16x128_MI16x16x1_SN_GSUM_K1_MIWT1_1_3_gfx942.s -> build/lib/Tensile/CustomKernels
        copying Tensile/CustomKernels/Custom_Cijk_Alik_Bljk_BBS_BH_MT256x256x64_MI16x16x1_UserArgs_shortname0_gfx950.s -> build/lib/Tensile/CustomKernels
        copying Tensile/CustomKernels/Custom_Cijk_Alik_Bljk_BBS_BH_MT256x256x64_MI16x16x1_UserArgs_shortname1_gfx950.s -> build/lib/Tensile/CustomKernels
        copying Tensile/CustomKernels/Custom_Cijk_Alik_Bljk_F8B8BS_BH_Bias_HA_S_SAB_SAV_NTD_SK3_UserArgs_MT256x256x128_MI16x16x1_shortname0_gfx950.s -> build/lib/Tensile/CustomKernels
        copying Tensile/CustomKernels/Custom_Cijk_Alik_Bljk_F8B8BS_BH_SAB_NTD_UserArgs_shortname0_gfx950.s -> build/lib/Tensile/CustomKernels
        copying Tensile/CustomKernels/Custom_Cijk_Alik_Bljk_F8B8BS_BH_SAB_NTD_UserArgs_shortname1_gfx950.s -> build/lib/Tensile/CustomKernels
        copying Tensile/CustomKernels/Custom_Cijk_Alik_Bljk_F8B8BS_BH_SAB_UserArgs_shortname0_gfx950.s -> build/lib/Tensile/CustomKernels
        copying Tensile/CustomKernels/Custom_Cijk_Alik_Bljk_F8BS_BH_Bias_HA_S_SAB_SAV_NTD_SK3_UserArgs_MT256x256x128_MI16x16x1_shortname0_gfx950.s -> build/lib/Tensile/CustomKernels
        copying Tensile/CustomKernels/Custom_Cijk_Alik_Bljk_F8BS_BH_SAB_NTD_UserArgs_shortname0_gfx950.s -> build/lib/Tensile/CustomKernels
        copying Tensile/CustomKernels/Custom_Cijk_Alik_Bljk_F8BS_BH_SAB_NTD_UserArgs_shortname1_gfx950.s -> build/lib/Tensile/CustomKernels
        copying Tensile/CustomKernels/Custom_Cijk_Alik_Bljk_F8BS_BH_SAB_UserArgs_shortname0_gfx950.s -> build/lib/Tensile/CustomKernels
        copying Tensile/CustomKernels/Custom_Cijk_Alik_Bljk_F8NBS_BH_BiasSB_AS_SABV_SAV_UserArgs_MT256x224x128_MI16x16x1_SN_K1_MIWT4_14_DTVA.s -> build/lib/Tensile/CustomKernels
        copying Tensile/CustomKernels/Custom_Cijk_Alik_Bljk_F8NBS_BH_BiasSB_AS_SABV_SAV_UserArgs_MT256x224x128_MI16x16x1_SN_K1_MIWT4_14_WSGRB2_DTVA.s -> build/lib/Tensile/CustomKernels
        copying Tensile/CustomKernels/Custom_Cijk_Alik_Bljk_F8NBS_BH_BiasSB_AS_SABV_SAV_UserArgs_MT256x256x128_MI16x16x1_SN_K1_MIWT4_16_DTVA.s -> build/lib/Tensile/CustomKernels
        copying Tensile/CustomKernels/Custom_Cijk_Alik_Bljk_F8NBS_BH_BiasSB_AS_SABV_SAV_UserArgs_MT256x256x128_MI16x16x1_SN_K1_MIWT4_16_WSGRB2_DTVA.s -> build/lib/Tensile/CustomKernels
        copying Tensile/CustomKernels/Custom_Cijk_Alik_Bljk_HHS_BH_Bias_HA_S_SAV_NTD_SK3_UserArgs_MT256x256x64_MI16x16x1_shortname0_gfx950.s -> build/lib/Tensile/CustomKernels
        copying Tensile/CustomKernels/Custom_Cijk_Alik_Bljk_HHS_BH_MT256x256x64_MI16x16x1_UserArgs_shortname0_gfx950.s -> build/lib/Tensile/CustomKernels
        copying Tensile/CustomKernels/Custom_Cijk_Alik_Bljk_HHS_BH_UserArgs_MT128x16x128_MI16x16x1_SN_K1_MIWT2_1_triple_buffer.s -> build/lib/Tensile/CustomKernels
        creating build/lib/Tensile/SolutionStructs
        copying Tensile/SolutionStructs/Naming.py -> build/lib/Tensile/SolutionStructs
        copying Tensile/SolutionStructs/Problem.py -> build/lib/Tensile/SolutionStructs
        copying Tensile/SolutionStructs/Solution.py -> build/lib/Tensile/SolutionStructs
        copying Tensile/SolutionStructs/Utilities.py -> build/lib/Tensile/SolutionStructs
        copying Tensile/SolutionStructs/__init__.py -> build/lib/Tensile/SolutionStructs
        creating build/lib/Tensile/SolutionStructs/Validators
        copying Tensile/SolutionStructs/Validators/MatrixInstruction.py -> build/lib/Tensile/SolutionStructs/Validators
        copying Tensile/SolutionStructs/Validators/WorkGroup.py -> build/lib/Tensile/SolutionStructs/Validators
        creating build/lib/Tensile/Source
        copying Tensile/Source/CMakeLists.txt -> build/lib/Tensile/Source
        copying Tensile/Source/EnableWarnings.cmake -> build/lib/Tensile/Source
        copying Tensile/Source/FindHIP.cmake -> build/lib/Tensile/Source
        copying Tensile/Source/FindOpenCL.cmake -> build/lib/Tensile/Source
        copying Tensile/Source/KernelHeader.h -> build/lib/Tensile/Source
        copying Tensile/Source/ReductionTemplate.h -> build/lib/Tensile/Source
        copying Tensile/Source/TensileCreateLibrary.cmake -> build/lib/Tensile/Source
        copying Tensile/Source/TensileTypes.h -> build/lib/Tensile/Source
        copying Tensile/Source/memory_gfx.h -> build/lib/Tensile/Source
        copying Tensile/Source/tensile_bfloat16.h -> build/lib/Tensile/Source
        copying Tensile/Source/tensile_float8_bfloat8.h -> build/lib/Tensile/Source
        creating build/lib/Tensile/Source/client
        copying Tensile/Source/client/CMakeLists.txt -> build/lib/Tensile/Source/client
        copying Tensile/Source/client/main.cpp -> build/lib/Tensile/Source/client
        creating build/lib/Tensile/Source/client/include
        copying Tensile/Source/client/include/BenchmarkTimer.hpp -> build/lib/Tensile/Source/client/include
        copying Tensile/Source/client/include/CSVStackFile.hpp -> build/lib/Tensile/Source/client/include
        copying Tensile/Source/client/include/ClientProblemFactory.hpp -> build/lib/Tensile/Source/client/include
        copying Tensile/Source/client/include/DataInitialization.hpp -> build/lib/Tensile/Source/client/include
        copying Tensile/Source/client/include/HardwareMonitor.hpp -> build/lib/Tensile/Source/client/include
        copying Tensile/Source/client/include/HardwareMonitorListener.hpp -> build/lib/Tensile/Source/client/include
        copying Tensile/Source/client/include/HardwareMonitor_fwd.hpp -> build/lib/Tensile/Source/client/include
        copying Tensile/Source/client/include/LibraryUpdateReporter.hpp -> build/lib/Tensile/Source/client/include
        copying Tensile/Source/client/include/LogReporter.hpp -> build/lib/Tensile/Source/client/include
        copying Tensile/Source/client/include/MetaResultReporter.hpp -> build/lib/Tensile/Source/client/include
        copying Tensile/Source/client/include/MetaRunListener.hpp -> build/lib/Tensile/Source/client/include
        copying Tensile/Source/client/include/PerformanceReporter.hpp -> build/lib/Tensile/Source/client/include
        copying Tensile/Source/client/include/ProgressListener.hpp -> build/lib/Tensile/Source/client/include
        copying Tensile/Source/client/include/Reference.hpp -> build/lib/Tensile/Source/client/include
        copying Tensile/Source/client/include/ReferenceValidator.hpp -> build/lib/Tensile/Source/client/include
        copying Tensile/Source/client/include/ResultComparison.hpp -> build/lib/Tensile/Source/client/include
        copying Tensile/Source/client/include/ResultFileReporter.hpp -> build/lib/Tensile/Source/client/include
        copying Tensile/Source/client/include/ResultReporter.hpp -> build/lib/Tensile/Source/client/include
        copying Tensile/Source/client/include/ResultReporter_fwd.hpp -> build/lib/Tensile/Source/client/include
        copying Tensile/Source/client/include/Rotating.hpp -> build/lib/Tensile/Source/client/include
        copying Tensile/Source/client/include/RunListener.hpp -> build/lib/Tensile/Source/client/include
        copying Tensile/Source/client/include/SolutionIterator.hpp -> build/lib/Tensile/Source/client/include
        copying Tensile/Source/client/include/TensorDataManipulation.hpp -> build/lib/Tensile/Source/client/include
        copying Tensile/Source/client/include/TimingEvents.hpp -> build/lib/Tensile/Source/client/include
        copying Tensile/Source/client/include/TypedId.hpp -> build/lib/Tensile/Source/client/include
        copying Tensile/Source/client/include/Utility.hpp -> build/lib/Tensile/Source/client/include
        creating build/lib/Tensile/Source/client/source
        copying Tensile/Source/client/source/BenchmarkTimer.cpp -> build/lib/Tensile/Source/client/source
        copying Tensile/Source/client/source/CSVStackFile.cpp -> build/lib/Tensile/Source/client/source
        copying Tensile/Source/client/source/ClientProblemFactory.cpp -> build/lib/Tensile/Source/client/source
        copying Tensile/Source/client/source/DataInitialization.cpp -> build/lib/Tensile/Source/client/source
        copying Tensile/Source/client/source/HardwareMonitor.cpp -> build/lib/Tensile/Source/client/source
        copying Tensile/Source/client/source/HardwareMonitorListener.cpp -> build/lib/Tensile/Source/client/source
        copying Tensile/Source/client/source/LibraryUpdateReporter.cpp -> build/lib/Tensile/Source/client/source
        copying Tensile/Source/client/source/MetaRunListener.cpp -> build/lib/Tensile/Source/client/source
        copying Tensile/Source/client/source/PerformanceReporter.cpp -> build/lib/Tensile/Source/client/source
        copying Tensile/Source/client/source/ProgressListener.cpp -> build/lib/Tensile/Source/client/source
        copying Tensile/Source/client/source/Reference.cpp -> build/lib/Tensile/Source/client/source
        copying Tensile/Source/client/source/ReferenceValidator.cpp -> build/lib/Tensile/Source/client/source
        copying Tensile/Source/client/source/ResultFileReporter.cpp -> build/lib/Tensile/Source/client/source
        copying Tensile/Source/client/source/ResultReporter.cpp -> build/lib/Tensile/Source/client/source
        copying Tensile/Source/client/source/Rotating.cpp -> build/lib/Tensile/Source/client/source
        copying Tensile/Source/client/source/SolutionIterator.cpp -> build/lib/Tensile/Source/client/source
        copying Tensile/Source/client/source/TimingEvents.cpp -> build/lib/Tensile/Source/client/source
        copying Tensile/Source/client/source/TypedId.cpp -> build/lib/Tensile/Source/client/source
        creating build/lib/Tensile/Source/cmake
        copying Tensile/Source/cmake/FindROCmSMI.cmake -> build/lib/Tensile/Source/cmake
        creating build/lib/Tensile/Source/lib
        copying Tensile/Source/lib/CMakeLists.txt -> build/lib/Tensile/Source/lib
        creating build/lib/Tensile/Source/lib/include/Tensile
        copying Tensile/Source/lib/include/Tensile/AMDGPU.hpp -> build/lib/Tensile/Source/lib/include/Tensile
        copying Tensile/Source/lib/include/Tensile/AMDGPUPredicates.hpp -> build/lib/Tensile/Source/lib/include/Tensile
        copying Tensile/Source/lib/include/Tensile/AMDGPU_Detail.hpp -> build/lib/Tensile/Source/lib/include/Tensile
        copying Tensile/Source/lib/include/Tensile/Activation.hpp -> build/lib/Tensile/Source/lib/include/Tensile
        copying Tensile/Source/lib/include/Tensile/ArithmeticUnitTypes.hpp -> build/lib/Tensile/Source/lib/include/Tensile
        copying Tensile/Source/lib/include/Tensile/CachingLibrary.hpp -> build/lib/Tensile/Source/lib/include/Tensile
        copying Tensile/Source/lib/include/Tensile/Comparison.hpp -> build/lib/Tensile/Source/lib/include/Tensile
        copying Tensile/Source/lib/include/Tensile/ContractionLibrary.hpp -> build/lib/Tensile/Source/lib/include/Tensile
        copying Tensile/Source/lib/include/Tensile/ContractionProblem.hpp -> build/lib/Tensile/Source/lib/include/Tensile
        copying Tensile/Source/lib/include/Tensile/ContractionProblemPredicates.hpp -> build/lib/Tensile/Source/lib/include/Tensile
        copying Tensile/Source/lib/include/Tensile/ContractionProblemProperties.hpp -> build/lib/Tensile/Source/lib/include/Tensile
        copying Tensile/Source/lib/include/Tensile/ContractionProblem_Detail.hpp -> build/lib/Tensile/Source/lib/include/Tensile
        copying Tensile/Source/lib/include/Tensile/ContractionProblem_fwd.hpp -> build/lib/Tensile/Source/lib/include/Tensile
        copying Tensile/Source/lib/include/Tensile/ContractionSolution.hpp -> build/lib/Tensile/Source/lib/include/Tensile
        copying Tensile/Source/lib/include/Tensile/ContractionSolution_fwd.hpp -> build/lib/Tensile/Source/lib/include/Tensile
        copying Tensile/Source/lib/include/Tensile/ContractionTaskPredicates.hpp -> build/lib/Tensile/Source/lib/include/Tensile
        copying Tensile/Source/lib/include/Tensile/Contractions.hpp -> build/lib/Tensile/Source/lib/include/Tensile
        copying Tensile/Source/lib/include/Tensile/DataTypes.hpp -> build/lib/Tensile/Source/lib/include/Tensile
        copying Tensile/Source/lib/include/Tensile/DataTypes_BFloat16.hpp -> build/lib/Tensile/Source/lib/include/Tensile
        copying Tensile/Source/lib/include/Tensile/DataTypes_Float8_BFloat8.hpp -> build/lib/Tensile/Source/lib/include/Tensile
        copying Tensile/Source/lib/include/Tensile/DataTypes_Half.hpp -> build/lib/Tensile/Source/lib/include/Tensile
        copying Tensile/Source/lib/include/Tensile/DataTypes_Int8.hpp -> build/lib/Tensile/Source/lib/include/Tensile
        copying Tensile/Source/lib/include/Tensile/DataTypes_Int8x4.hpp -> build/lib/Tensile/Source/lib/include/Tensile
        copying Tensile/Source/lib/include/Tensile/DataTypes_XFloat32.hpp -> build/lib/Tensile/Source/lib/include/Tensile
        copying Tensile/Source/lib/include/Tensile/Debug.hpp -> build/lib/Tensile/Source/lib/include/Tensile
        copying Tensile/Source/lib/include/Tensile/Distance.hpp -> build/lib/Tensile/Source/lib/include/Tensile
        copying Tensile/Source/lib/include/Tensile/DistinctType.hpp -> build/lib/Tensile/Source/lib/include/Tensile
        copying Tensile/Source/lib/include/Tensile/EmbeddedData.hpp -> build/lib/Tensile/Source/lib/include/Tensile
        copying Tensile/Source/lib/include/Tensile/EmbeddedLibrary.hpp -> build/lib/Tensile/Source/lib/include/Tensile
        copying Tensile/Source/lib/include/Tensile/ExactLogicLibrary.hpp -> build/lib/Tensile/Source/lib/include/Tensile
        copying Tensile/Source/lib/include/Tensile/FreeSizeLibrary.hpp -> build/lib/Tensile/Source/lib/include/Tensile
        copying Tensile/Source/lib/include/Tensile/GranularitySelectionLibrary.hpp -> build/lib/Tensile/Source/lib/include/Tensile
        copying Tensile/Source/lib/include/Tensile/KernelArguments.hpp -> build/lib/Tensile/Source/lib/include/Tensile
        copying Tensile/Source/lib/include/Tensile/KernelLanguageTypes.hpp -> build/lib/Tensile/Source/lib/include/Tensile
        copying Tensile/Source/lib/include/Tensile/MLFeatures.hpp -> build/lib/Tensile/Source/lib/include/Tensile
        copying Tensile/Source/lib/include/Tensile/MLPClassification.hpp -> build/lib/Tensile/Source/lib/include/Tensile
        copying Tensile/Source/lib/include/Tensile/MLPClassificationLibrary.hpp -> build/lib/Tensile/Source/lib/include/Tensile
        copying Tensile/Source/lib/include/Tensile/Macros.hpp -> build/lib/Tensile/Source/lib/include/Tensile
        copying Tensile/Source/lib/include/Tensile/MapLibrary.hpp -> build/lib/Tensile/Source/lib/include/Tensile
        copying Tensile/Source/lib/include/Tensile/MasterSolutionLibrary.hpp -> build/lib/Tensile/Source/lib/include/Tensile
        copying Tensile/Source/lib/include/Tensile/MatchingLibrary.hpp -> build/lib/Tensile/Source/lib/include/Tensile
        copying Tensile/Source/lib/include/Tensile/PerformanceMetricTypes.hpp -> build/lib/Tensile/Source/lib/include/Tensile
        copying Tensile/Source/lib/include/Tensile/PlaceholderLibrary.hpp -> build/lib/Tensile/Source/lib/include/Tensile
        copying Tensile/Source/lib/include/Tensile/Predicates.hpp -> build/lib/Tensile/Source/lib/include/Tensile
        copying Tensile/Source/lib/include/Tensile/PredictionLibrary.hpp -> build/lib/Tensile/Source/lib/include/Tensile
        copying Tensile/Source/lib/include/Tensile/ProblemKey.hpp -> build/lib/Tensile/Source/lib/include/Tensile
        copying Tensile/Source/lib/include/Tensile/Properties.hpp -> build/lib/Tensile/Source/lib/include/Tensile
        copying Tensile/Source/lib/include/Tensile/PropertyMatching.hpp -> build/lib/Tensile/Source/lib/include/Tensile
        copying Tensile/Source/lib/include/Tensile/ScalarValueTypes.hpp -> build/lib/Tensile/Source/lib/include/Tensile
        copying Tensile/Source/lib/include/Tensile/Serialization.hpp -> build/lib/Tensile/Source/lib/include/Tensile
        copying Tensile/Source/lib/include/Tensile/SingleSolutionLibrary.hpp -> build/lib/Tensile/Source/lib/include/Tensile
        copying Tensile/Source/lib/include/Tensile/Singleton.hpp -> build/lib/Tensile/Source/lib/include/Tensile
        copying Tensile/Source/lib/include/Tensile/SolutionLibrary.hpp -> build/lib/Tensile/Source/lib/include/Tensile
        copying Tensile/Source/lib/include/Tensile/SolutionLibrary_fwd.hpp -> build/lib/Tensile/Source/lib/include/Tensile
        copying Tensile/Source/lib/include/Tensile/SolutionMapLibrary.hpp -> build/lib/Tensile/Source/lib/include/Tensile
        copying Tensile/Source/lib/include/Tensile/Task.hpp -> build/lib/Tensile/Source/lib/include/Tensile
        copying Tensile/Source/lib/include/Tensile/Tensile.hpp -> build/lib/Tensile/Source/lib/include/Tensile
        copying Tensile/Source/lib/include/Tensile/Tensile_fwd.hpp -> build/lib/Tensile/Source/lib/include/Tensile
        copying Tensile/Source/lib/include/Tensile/TensorDescriptor.hpp -> build/lib/Tensile/Source/lib/include/Tensile
        copying Tensile/Source/lib/include/Tensile/TensorDescriptor_Detail.hpp -> build/lib/Tensile/Source/lib/include/Tensile
        copying Tensile/Source/lib/include/Tensile/TensorDescriptor_fwd.hpp -> build/lib/Tensile/Source/lib/include/Tensile
        copying Tensile/Source/lib/include/Tensile/TensorOps.hpp -> build/lib/Tensile/Source/lib/include/Tensile
        copying Tensile/Source/lib/include/Tensile/TensorOps_fwd.hpp -> build/lib/Tensile/Source/lib/include/Tensile
        copying Tensile/Source/lib/include/Tensile/Utils.hpp -> build/lib/Tensile/Source/lib/include/Tensile
        copying Tensile/Source/lib/include/Tensile/geom.hpp -> build/lib/Tensile/Source/lib/include/Tensile
        creating build/lib/Tensile/Source/lib/include/Tensile/Serialization
        copying Tensile/Source/lib/include/Tensile/Serialization/Base.hpp -> build/lib/Tensile/Source/lib/include/Tensile/Serialization
        copying Tensile/Source/lib/include/Tensile/Serialization/Containers.hpp -> build/lib/Tensile/Source/lib/include/Tensile/Serialization
        copying Tensile/Source/lib/include/Tensile/Serialization/ContractionPredicates.hpp -> build/lib/Tensile/Source/lib/include/Tensile/Serialization
        copying Tensile/Source/lib/include/Tensile/Serialization/ContractionSolution.hpp -> build/lib/Tensile/Source/lib/include/Tensile/Serialization
        copying Tensile/Source/lib/include/Tensile/Serialization/ExactLogicLibrary.hpp -> build/lib/Tensile/Source/lib/include/Tensile/Serialization
        copying Tensile/Source/lib/include/Tensile/Serialization/FreeSizeLibrary.hpp -> build/lib/Tensile/Source/lib/include/Tensile/Serialization
        copying Tensile/Source/lib/include/Tensile/Serialization/GranularitySelectionLibrary.hpp -> build/lib/Tensile/Source/lib/include/Tensile/Serialization
        copying Tensile/Source/lib/include/Tensile/Serialization/HasTraits.hpp -> build/lib/Tensile/Source/lib/include/Tensile/Serialization
        copying Tensile/Source/lib/include/Tensile/Serialization/MLFeatures.hpp -> build/lib/Tensile/Source/lib/include/Tensile/Serialization
        copying Tensile/Source/lib/include/Tensile/Serialization/MLPClassificationLibrary.hpp -> build/lib/Tensile/Source/lib/include/Tensile/Serialization
        copying Tensile/Source/lib/include/Tensile/Serialization/MapLibrary.hpp -> build/lib/Tensile/Source/lib/include/Tensile/Serialization
        copying Tensile/Source/lib/include/Tensile/Serialization/MatchingLibrary.hpp -> build/lib/Tensile/Source/lib/include/Tensile/Serialization
        copying Tensile/Source/lib/include/Tensile/Serialization/PlaceholderLibrary.hpp -> build/lib/Tensile/Source/lib/include/Tensile/Serialization
        copying Tensile/Source/lib/include/Tensile/Serialization/Predicates.hpp -> build/lib/Tensile/Source/lib/include/Tensile/Serialization
        copying Tensile/Source/lib/include/Tensile/Serialization/PredictionLibrary.hpp -> build/lib/Tensile/Source/lib/include/Tensile/Serialization
        copying Tensile/Source/lib/include/Tensile/Serialization/Properties.hpp -> build/lib/Tensile/Source/lib/include/Tensile/Serialization
        copying Tensile/Source/lib/include/Tensile/Serialization/SolutionLibrary.hpp -> build/lib/Tensile/Source/lib/include/Tensile/Serialization
        creating build/lib/Tensile/Source/lib/include/Tensile/analytical
        copying Tensile/Source/lib/include/Tensile/analytical/AnalyticalGemm.hpp -> build/lib/Tensile/Source/lib/include/Tensile/analytical
        copying Tensile/Source/lib/include/Tensile/analytical/Hardware.hpp -> build/lib/Tensile/Source/lib/include/Tensile/analytical
        copying Tensile/Source/lib/include/Tensile/analytical/StreamK.hpp -> build/lib/Tensile/Source/lib/include/Tensile/analytical
        copying Tensile/Source/lib/include/Tensile/analytical/Utils.hpp -> build/lib/Tensile/Source/lib/include/Tensile/analytical
        creating build/lib/Tensile/Source/lib/include/Tensile/hip
        copying Tensile/Source/lib/include/Tensile/hip/HipHardware.hpp -> build/lib/Tensile/Source/lib/include/Tensile/hip
        copying Tensile/Source/lib/include/Tensile/hip/HipSolutionAdapter.hpp -> build/lib/Tensile/Source/lib/include/Tensile/hip
        copying Tensile/Source/lib/include/Tensile/hip/HipUtils.hpp -> build/lib/Tensile/Source/lib/include/Tensile/hip
        creating build/lib/Tensile/Source/lib/include/Tensile/llvm
        copying Tensile/Source/lib/include/Tensile/llvm/Loading.hpp -> build/lib/Tensile/Source/lib/include/Tensile/llvm
        copying Tensile/Source/lib/include/Tensile/llvm/YAML.hpp -> build/lib/Tensile/Source/lib/include/Tensile/llvm
        creating build/lib/Tensile/Source/lib/include/Tensile/msgpack
        copying Tensile/Source/lib/include/Tensile/msgpack/Loading.hpp -> build/lib/Tensile/Source/lib/include/Tensile/msgpack
        copying Tensile/Source/lib/include/Tensile/msgpack/MessagePack.hpp -> build/lib/Tensile/Source/lib/include/Tensile/msgpack
        creating build/lib/Tensile/Source/lib/include/Tensile/ocl
        copying Tensile/Source/lib/include/Tensile/ocl/OclFwd.hpp -> build/lib/Tensile/Source/lib/include/Tensile/ocl
        copying Tensile/Source/lib/include/Tensile/ocl/OclHardware.hpp -> build/lib/Tensile/Source/lib/include/Tensile/ocl
        copying Tensile/Source/lib/include/Tensile/ocl/OclSolutionAdapter.hpp -> build/lib/Tensile/Source/lib/include/Tensile/ocl
        copying Tensile/Source/lib/include/Tensile/ocl/OclUtils.hpp -> build/lib/Tensile/Source/lib/include/Tensile/ocl
        creating build/lib/Tensile/Source/lib/source
        copying Tensile/Source/lib/source/AMDGPU.cpp -> build/lib/Tensile/Source/lib/source
        copying Tensile/Source/lib/source/Activation.cpp -> build/lib/Tensile/Source/lib/source
        copying Tensile/Source/lib/source/ArithmeticUnitTypes.cpp -> build/lib/Tensile/Source/lib/source
        copying Tensile/Source/lib/source/ContractionProblem.cpp -> build/lib/Tensile/Source/lib/source
        copying Tensile/Source/lib/source/ContractionSolution.cpp -> build/lib/Tensile/Source/lib/source
        copying Tensile/Source/lib/source/DataTypes.cpp -> build/lib/Tensile/Source/lib/source
        copying Tensile/Source/lib/source/Debug.cpp -> build/lib/Tensile/Source/lib/source
        copying Tensile/Source/lib/source/EmbeddedData.cpp -> build/lib/Tensile/Source/lib/source
        copying Tensile/Source/lib/source/EmbeddedLibrary.cpp -> build/lib/Tensile/Source/lib/source
        copying Tensile/Source/lib/source/KernelArguments.cpp -> build/lib/Tensile/Source/lib/source
        copying Tensile/Source/lib/source/KernelLanguageTypes.cpp -> build/lib/Tensile/Source/lib/source
        copying Tensile/Source/lib/source/MLFeatures.cpp -> build/lib/Tensile/Source/lib/source
        copying Tensile/Source/lib/source/MLPNet.cpp -> build/lib/Tensile/Source/lib/source
        copying Tensile/Source/lib/source/PerformanceMetricTypes.cpp -> build/lib/Tensile/Source/lib/source
        copying Tensile/Source/lib/source/ScalarValueTypes.cpp -> build/lib/Tensile/Source/lib/source
        copying Tensile/Source/lib/source/Tensile.cpp -> build/lib/Tensile/Source/lib/source
        copying Tensile/Source/lib/source/TensorDescriptor.cpp -> build/lib/Tensile/Source/lib/source
        copying Tensile/Source/lib/source/TensorOps.cpp -> build/lib/Tensile/Source/lib/source
        copying Tensile/Source/lib/source/Utils.cpp -> build/lib/Tensile/Source/lib/source
        creating build/lib/Tensile/Source/lib/source/analytical
        copying Tensile/Source/lib/source/analytical/AnalyticalGemm.cpp -> build/lib/Tensile/Source/lib/source/analytical
        copying Tensile/Source/lib/source/analytical/Hardware.cpp -> build/lib/Tensile/Source/lib/source/analytical
        copying Tensile/Source/lib/source/analytical/Utils.cpp -> build/lib/Tensile/Source/lib/source/analytical
        creating build/lib/Tensile/Source/lib/source/hip
        copying Tensile/Source/lib/source/hip/CMakeLists.txt -> build/lib/Tensile/Source/lib/source/hip
        copying Tensile/Source/lib/source/hip/HipHardware.cpp -> build/lib/Tensile/Source/lib/source/hip
        copying Tensile/Source/lib/source/hip/HipSolutionAdapter.cpp -> build/lib/Tensile/Source/lib/source/hip
        creating build/lib/Tensile/Source/lib/source/llvm
        copying Tensile/Source/lib/source/llvm/Loading.cpp -> build/lib/Tensile/Source/lib/source/llvm
        copying Tensile/Source/lib/source/llvm/YAML.cpp -> build/lib/Tensile/Source/lib/source/llvm
        creating build/lib/Tensile/Source/lib/source/msgpack
        copying Tensile/Source/lib/source/msgpack/MessagePack.cpp -> build/lib/Tensile/Source/lib/source/msgpack
        creating build/lib/Tensile/Source/lib/source/ocl
        copying Tensile/Source/lib/source/ocl/CMakeLists.txt -> build/lib/Tensile/Source/lib/source/ocl
        copying Tensile/Source/lib/source/ocl/OclHardware.cpp -> build/lib/Tensile/Source/lib/source/ocl
        copying Tensile/Source/lib/source/ocl/OclSolutionAdapter.cpp -> build/lib/Tensile/Source/lib/source/ocl
        copying Tensile/Source/lib/source/ocl/OclUtils.cpp -> build/lib/Tensile/Source/lib/source/ocl
        creating build/lib/Tensile/TensileCreateLibrary
        copying Tensile/TensileCreateLibrary/ParseArguments.py -> build/lib/Tensile/TensileCreateLibrary
        copying Tensile/TensileCreateLibrary/Run.py -> build/lib/Tensile/TensileCreateLibrary
        copying Tensile/TensileCreateLibrary/__init__.py -> build/lib/Tensile/TensileCreateLibrary
        copying Tensile/TensileCreateLibrary/__main__.py -> build/lib/Tensile/TensileCreateLibrary
        creating build/lib/Tensile/TensileLogic
        copying Tensile/TensileLogic/HandleCustomKernel.py -> build/lib/Tensile/TensileLogic
        copying Tensile/TensileLogic/ParseArguments.py -> build/lib/Tensile/TensileLogic
        copying Tensile/TensileLogic/Run.py -> build/lib/Tensile/TensileLogic
        copying Tensile/TensileLogic/ValidMatrixInstruction.py -> build/lib/Tensile/TensileLogic
        copying Tensile/TensileLogic/ValidWorkGroup.py -> build/lib/Tensile/TensileLogic
        copying Tensile/TensileLogic/__init__.py -> build/lib/Tensile/TensileLogic
        creating build/lib/Tensile/Tests
        copying Tensile/Tests/build_client.yaml -> build/lib/Tensile/Tests
        copying Tensile/Tests/conftest.py -> build/lib/Tensile/Tests
        copying Tensile/Tests/create_tests.py -> build/lib/Tensile/Tests
        creating build/lib/Tensile/Tests/common
        copying Tensile/Tests/common/sgemm_xf32_asm.yaml -> build/lib/Tensile/Tests/common
        copying Tensile/Tests/common/test_config.py -> build/lib/Tensile/Tests/common
        creating build/lib/Tensile/Tests/common/amaxd
        copying Tensile/Tests/common/amaxd/8rn_amaxd.yaml -> build/lib/Tensile/Tests/common/amaxd
        creating build/lib/Tensile/Tests/common/client
        copying Tensile/Tests/common/client/rotate_mode0.yaml -> build/lib/Tensile/Tests/common/client
        copying Tensile/Tests/common/client/rotate_mode0_gfx12.yaml -> build/lib/Tensile/Tests/common/client
        copying Tensile/Tests/common/client/rotate_mode1.yaml -> build/lib/Tensile/Tests/common/client
        copying Tensile/Tests/common/client/rotate_mode1_gfx12.yaml -> build/lib/Tensile/Tests/common/client
        creating build/lib/Tensile/Tests/common/exception
        copying Tensile/Tests/common/exception/f16_cf32_nan.yaml -> build/lib/Tensile/Tests/common/exception
        copying Tensile/Tests/common/exception/f16_cf32_nan_gfx11.yaml -> build/lib/Tensile/Tests/common/exception
        creating build/lib/Tensile/Tests/common/gemm
        copying Tensile/Tests/common/gemm/8rn_b_s.yaml -> build/lib/Tensile/Tests/common/gemm
        copying Tensile/Tests/common/gemm/bf16_tn.yaml -> build/lib/Tensile/Tests/common/gemm
        copying Tensile/Tests/common/gemm/dot2_gfx942.yaml -> build/lib/Tensile/Tests/common/gemm
        copying Tensile/Tests/common/gemm/dtl.yaml -> build/lib/Tensile/Tests/common/gemm
        copying Tensile/Tests/common/gemm/dtv.yaml -> build/lib/Tensile/Tests/common/gemm
        copying Tensile/Tests/common/gemm/dtv_gfx90a.yaml -> build/lib/Tensile/Tests/common/gemm
        copying Tensile/Tests/common/gemm/f32_mac.yaml -> build/lib/Tensile/Tests/common/gemm
        copying Tensile/Tests/common/gemm/f64.yaml -> build/lib/Tensile/Tests/common/gemm
        copying Tensile/Tests/common/gemm/f64_gfx90a.yaml -> build/lib/Tensile/Tests/common/gemm
        copying Tensile/Tests/common/gemm/f64_mac.yaml -> build/lib/Tensile/Tests/common/gemm
        copying Tensile/Tests/common/gemm/fp16_HH_BHS_bf16mfma.yaml -> build/lib/Tensile/Tests/common/gemm
        copying Tensile/Tests/common/gemm/fp16_tn.yaml -> build/lib/Tensile/Tests/common/gemm
        copying Tensile/Tests/common/gemm/fp16_use_e.yaml -> build/lib/Tensile/Tests/common/gemm
        copying Tensile/Tests/common/gemm/fp16fp32mix.yaml -> build/lib/Tensile/Tests/common/gemm
        copying Tensile/Tests/common/gemm/fp32_nt.yaml -> build/lib/Tensile/Tests/common/gemm
        copying Tensile/Tests/common/gemm/fp32_scalealphavec.yaml -> build/lib/Tensile/Tests/common/gemm
        copying Tensile/Tests/common/gemm/fp32_tn.yaml -> build/lib/Tensile/Tests/common/gemm
        copying Tensile/Tests/common/gemm/fp8bf8nss.yaml -> build/lib/Tensile/Tests/common/gemm
        copying Tensile/Tests/common/gemm/fp8n.yaml -> build/lib/Tensile/Tests/common/gemm
        copying Tensile/Tests/common/gemm/fp8n_rowwise.yaml -> build/lib/Tensile/Tests/common/gemm
        copying Tensile/Tests/common/gemm/fp8n_use_e.yaml -> build/lib/Tensile/Tests/common/gemm
        copying Tensile/Tests/common/gemm/fp8nfp16mix_fp8nss.yaml -> build/lib/Tensile/Tests/common/gemm
        copying Tensile/Tests/common/gemm/fp8nfp16mix_hfp8ns.yaml -> build/lib/Tensile/Tests/common/gemm
        copying Tensile/Tests/common/gemm/fp8nfp16mix_hhs.yaml -> build/lib/Tensile/Tests/common/gemm
        copying Tensile/Tests/common/gemm/fp8nfp16mix_hhs_lsu4.yaml -> build/lib/Tensile/Tests/common/gemm
        copying Tensile/Tests/common/gemm/gemm_bias_strided_batched.yaml -> build/lib/Tensile/Tests/common/gemm
        copying Tensile/Tests/common/gemm/gemm_bias_strided_batched_broadcast.yaml -> build/lib/Tensile/Tests/common/gemm
        copying Tensile/Tests/common/gemm/gemm_bias_strided_batched_broadcast_gfx940.yaml -> build/lib/Tensile/Tests/common/gemm
        copying Tensile/Tests/common/gemm/gemm_bias_strided_batched_gfx940.yaml -> build/lib/Tensile/Tests/common/gemm
        copying Tensile/Tests/common/gemm/gemm_ck_gfx942.yaml -> build/lib/Tensile/Tests/common/gemm
        copying Tensile/Tests/common/gemm/gsuasb.yaml -> build/lib/Tensile/Tests/common/gemm
        copying Tensile/Tests/common/gemm/gsuc.yaml -> build/lib/Tensile/Tests/common/gemm
        copying Tensile/Tests/common/gemm/hh_f8nhs.yaml -> build/lib/Tensile/Tests/common/gemm
        copying Tensile/Tests/common/gemm/i8_gsu.yaml -> build/lib/Tensile/Tests/common/gemm
        copying Tensile/Tests/common/gemm/i8_gsu_gfx940.yaml -> build/lib/Tensile/Tests/common/gemm
        copying Tensile/Tests/common/gemm/icache_flush.yaml -> build/lib/Tensile/Tests/common/gemm
        copying Tensile/Tests/common/gemm/largeMT.yaml -> build/lib/Tensile/Tests/common/gemm
        copying Tensile/Tests/common/gemm/large_size.yaml -> build/lib/Tensile/Tests/common/gemm
        copying Tensile/Tests/common/gemm/lsu_fnuz.yaml -> build/lib/Tensile/Tests/common/gemm
        copying Tensile/Tests/common/gemm/lsu_i8.yaml -> build/lib/Tensile/Tests/common/gemm
        copying Tensile/Tests/common/gemm/mbskPrefetchOpt.yaml -> build/lib/Tensile/Tests/common/gemm
        copying Tensile/Tests/common/gemm/mix_cvt_after_ds_fnuz.yaml -> build/lib/Tensile/Tests/common/gemm
        copying Tensile/Tests/common/gemm/no_shadowinit.yaml -> build/lib/Tensile/Tests/common/gemm
        copying Tensile/Tests/common/gemm/swizzleA.yaml -> build/lib/Tensile/Tests/common/gemm
        copying Tensile/Tests/common/gemm/swizzleB.yaml -> build/lib/Tensile/Tests/common/gemm
        copying Tensile/Tests/common/gemm/ulsgro1.yaml -> build/lib/Tensile/Tests/common/gemm
        copying Tensile/Tests/common/gemm/wgm.yaml -> build/lib/Tensile/Tests/common/gemm
        copying Tensile/Tests/common/gemm/xfp32.yaml -> build/lib/Tensile/Tests/common/gemm
        creating build/lib/Tensile/Tests/common/gemm/gfx11
        copying Tensile/Tests/common/gemm/gfx11/bf16_tn_gfx11.yaml -> build/lib/Tensile/Tests/common/gemm/gfx11
        copying Tensile/Tests/common/gemm/gfx11/fp16_HH_BHS_bf16mfma_gfx11.yaml -> build/lib/Tensile/Tests/common/gemm/gfx11
        copying Tensile/Tests/common/gemm/gfx11/fp16_tn_gfx11.yaml -> build/lib/Tensile/Tests/common/gemm/gfx11
        copying Tensile/Tests/common/gemm/gfx11/fp16_use_e_gfx11.yaml -> build/lib/Tensile/Tests/common/gemm/gfx11
        copying Tensile/Tests/common/gemm/gfx11/gemm_bias_strided_batched_broadcast_gfx11.yaml -> build/lib/Tensile/Tests/common/gemm/gfx11
        copying Tensile/Tests/common/gemm/gfx11/gemm_bias_strided_batched_gfx11.yaml -> build/lib/Tensile/Tests/common/gemm/gfx11
        copying Tensile/Tests/common/gemm/gfx11/gsuasb_gfx11.yaml -> build/lib/Tensile/Tests/common/gemm/gfx11
        copying Tensile/Tests/common/gemm/gfx11/i8_gsu_gfx11.yaml -> build/lib/Tensile/Tests/common/gemm/gfx11
        creating build/lib/Tensile/Tests/common/gemm/gfx12
        copying Tensile/Tests/common/gemm/gfx12/8r_b_s_gfx12.yaml -> build/lib/Tensile/Tests/common/gemm/gfx12
        copying Tensile/Tests/common/gemm/gfx12/b8f8ss_grvw1_gfx12.yaml -> build/lib/Tensile/Tests/common/gemm/gfx12
        copying Tensile/Tests/common/gemm/gfx12/b8hs_grvw1_gfx12.yaml -> build/lib/Tensile/Tests/common/gemm/gfx12
        copying Tensile/Tests/common/gemm/gfx12/bf16_tn_gfx12.yaml -> build/lib/Tensile/Tests/common/gemm/gfx12
        copying Tensile/Tests/common/gemm/gfx12/f8f8s_grvw1_gfx12.yaml -> build/lib/Tensile/Tests/common/gemm/gfx12
        copying Tensile/Tests/common/gemm/gfx12/fp16_tn_gfx12.yaml -> build/lib/Tensile/Tests/common/gemm/gfx12
        copying Tensile/Tests/common/gemm/gfx12/fp8_gfx12.yaml -> build/lib/Tensile/Tests/common/gemm/gfx12
        copying Tensile/Tests/common/gemm/gfx12/fp8bf8ss_gfx12.yaml -> build/lib/Tensile/Tests/common/gemm/gfx12
        copying Tensile/Tests/common/gemm/gfx12/gemm_bias_strided_batched_broadcast_gfx12.yaml -> build/lib/Tensile/Tests/common/gemm/gfx12
        copying Tensile/Tests/common/gemm/gfx12/gemm_bias_strided_batched_gfx12.yaml -> build/lib/Tensile/Tests/common/gemm/gfx12
        copying Tensile/Tests/common/gemm/gfx12/gsuasb_gfx12.yaml -> build/lib/Tensile/Tests/common/gemm/gfx12
        copying Tensile/Tests/common/gemm/gfx12/i8_gsu_gfx12.yaml -> build/lib/Tensile/Tests/common/gemm/gfx12
        copying Tensile/Tests/common/gemm/gfx12/i8i8i_grvw1_gfx12.yaml -> build/lib/Tensile/Tests/common/gemm/gfx12
        copying Tensile/Tests/common/gemm/gfx12/i8ii_grvw1_gfx12.yaml -> build/lib/Tensile/Tests/common/gemm/gfx12
        creating build/lib/Tensile/Tests/common/gemm/gfx950
        copying Tensile/Tests/common/gemm/gfx950/bf16_cvt.yaml -> build/lib/Tensile/Tests/common/gemm/gfx950
        copying Tensile/Tests/common/gemm/gfx950/dot2_gfx950.yaml -> build/lib/Tensile/Tests/common/gemm/gfx950
        copying Tensile/Tests/common/gemm/gfx950/dtl.yaml -> build/lib/Tensile/Tests/common/gemm/gfx950
        copying Tensile/Tests/common/gemm/gfx950/f16f8mix_ss.yaml -> build/lib/Tensile/Tests/common/gemm/gfx950
        copying Tensile/Tests/common/gemm/gfx950/f16f8mix_ss_stoch.yaml -> build/lib/Tensile/Tests/common/gemm/gfx950
        copying Tensile/Tests/common/gemm/gfx950/f8b8hs.yaml -> build/lib/Tensile/Tests/common/gemm/gfx950
        copying Tensile/Tests/common/gemm/gfx950/f8f16mix_f8s.yaml -> build/lib/Tensile/Tests/common/gemm/gfx950
        copying Tensile/Tests/common/gemm/gfx950/fp8.yaml -> build/lib/Tensile/Tests/common/gemm/gfx950
        copying Tensile/Tests/common/gemm/gfx950/i8_gsu_gfx950.yaml -> build/lib/Tensile/Tests/common/gemm/gfx950
        copying Tensile/Tests/common/gemm/gfx950/lds160K.yaml -> build/lib/Tensile/Tests/common/gemm/gfx950
        copying Tensile/Tests/common/gemm/gfx950/lds_tr.yaml -> build/lib/Tensile/Tests/common/gemm/gfx950
        copying Tensile/Tests/common/gemm/gfx950/xfp32.yaml -> build/lib/Tensile/Tests/common/gemm/gfx950
        creating build/lib/Tensile/Tests/common/gradient
        copying Tensile/Tests/common/gradient/fp16_gradient_activation.yaml -> build/lib/Tensile/Tests/common/gradient
        copying Tensile/Tests/common/gradient/fp16_gradient_bias.yaml -> build/lib/Tensile/Tests/common/gradient
        copying Tensile/Tests/common/gradient/fp8bf8nss_gradient_bias_b.yaml -> build/lib/Tensile/Tests/common/gradient
        creating build/lib/Tensile/Tests/common/gradient/gfx11
        copying Tensile/Tests/common/gradient/gfx11/fp16_gradient_activation_gfx11.yaml -> build/lib/Tensile/Tests/common/gradient/gfx11
        copying Tensile/Tests/common/gradient/gfx11/fp16_gradient_bias_gfx11.yaml -> build/lib/Tensile/Tests/common/gradient/gfx11
        creating build/lib/Tensile/Tests/common/gradient/gfx950
        copying Tensile/Tests/common/gradient/gfx950/bf16_gradient_bias.yaml -> build/lib/Tensile/Tests/common/gradient/gfx950
        creating build/lib/Tensile/Tests/common/groupedgemm
        copying Tensile/Tests/common/groupedgemm/grouped_gemm.yaml -> build/lib/Tensile/Tests/common/groupedgemm
        copying Tensile/Tests/common/groupedgemm/grouped_gemm_ck_gfx942.yaml -> build/lib/Tensile/Tests/common/groupedgemm
        copying Tensile/Tests/common/groupedgemm/grouped_gemm_userargs.yaml -> build/lib/Tensile/Tests/common/groupedgemm
        creating build/lib/Tensile/Tests/common/groupedgemm/gfx11
        copying Tensile/Tests/common/groupedgemm/gfx11/grouped_gemm_gfx11.yaml -> build/lib/Tensile/Tests/common/groupedgemm/gfx11
        copying Tensile/Tests/common/groupedgemm/gfx11/grouped_gemm_userargs_gfx11.yaml -> build/lib/Tensile/Tests/common/groupedgemm/gfx11
        creating build/lib/Tensile/Tests/common/gsu
        copying Tensile/Tests/common/gsu/auto_gsu.yaml -> build/lib/Tensile/Tests/common/gsu
        copying Tensile/Tests/common/gsu/f32_gsu.yaml -> build/lib/Tensile/Tests/common/gsu
        creating build/lib/Tensile/Tests/common/sparse/gfx94x
        copying Tensile/Tests/common/sparse/gfx94x/bf16_activation.yaml -> build/lib/Tensile/Tests/common/sparse/gfx94x
        copying Tensile/Tests/common/sparse/gfx94x/fp16_activation.yaml -> build/lib/Tensile/Tests/common/sparse/gfx94x
        copying Tensile/Tests/common/sparse/gfx94x/i8_activation.yaml -> build/lib/Tensile/Tests/common/sparse/gfx94x
        copying Tensile/Tests/common/sparse/gfx94x/libray_logic.yaml -> build/lib/Tensile/Tests/common/sparse/gfx94x
        copying Tensile/Tests/common/sparse/gfx94x/spmm_b8f8n.yaml -> build/lib/Tensile/Tests/common/sparse/gfx94x
        copying Tensile/Tests/common/sparse/gfx94x/spmm_b8f8n_sb.yaml -> build/lib/Tensile/Tests/common/sparse/gfx94x
        copying Tensile/Tests/common/sparse/gfx94x/spmm_bf16.yaml -> build/lib/Tensile/Tests/common/sparse/gfx94x
        copying Tensile/Tests/common/sparse/gfx94x/spmm_bf16_sb.yaml -> build/lib/Tensile/Tests/common/sparse/gfx94x
        copying Tensile/Tests/common/sparse/gfx94x/spmm_bf8n.yaml -> build/lib/Tensile/Tests/common/sparse/gfx94x
        copying Tensile/Tests/common/sparse/gfx94x/spmm_bf8n_sb.yaml -> build/lib/Tensile/Tests/common/sparse/gfx94x
        copying Tensile/Tests/common/sparse/gfx94x/spmm_f8b8n.yaml -> build/lib/Tensile/Tests/common/sparse/gfx94x
        copying Tensile/Tests/common/sparse/gfx94x/spmm_f8b8n_sb.yaml -> build/lib/Tensile/Tests/common/sparse/gfx94x
        copying Tensile/Tests/common/sparse/gfx94x/spmm_f8n.yaml -> build/lib/Tensile/Tests/common/sparse/gfx94x
        copying Tensile/Tests/common/sparse/gfx94x/spmm_f8n_sb.yaml -> build/lib/Tensile/Tests/common/sparse/gfx94x
        copying Tensile/Tests/common/sparse/gfx94x/spmm_fp16_mi16.yaml -> build/lib/Tensile/Tests/common/sparse/gfx94x
        copying Tensile/Tests/common/sparse/gfx94x/spmm_fp16_mi16_sb.yaml -> build/lib/Tensile/Tests/common/sparse/gfx94x
        copying Tensile/Tests/common/sparse/gfx94x/spmm_fp16_mi32.yaml -> build/lib/Tensile/Tests/common/sparse/gfx94x
        copying Tensile/Tests/common/sparse/gfx94x/spmm_fp16_mi32_sb.yaml -> build/lib/Tensile/Tests/common/sparse/gfx94x
        copying Tensile/Tests/common/sparse/gfx94x/spmm_gsuc.yaml -> build/lib/Tensile/Tests/common/sparse/gfx94x
        copying Tensile/Tests/common/sparse/gfx94x/spmm_i8_mi16.yaml -> build/lib/Tensile/Tests/common/sparse/gfx94x
        copying Tensile/Tests/common/sparse/gfx94x/spmm_i8_mi16_sb.yaml -> build/lib/Tensile/Tests/common/sparse/gfx94x
        copying Tensile/Tests/common/sparse/gfx94x/spmm_i8_mi32.yaml -> build/lib/Tensile/Tests/common/sparse/gfx94x
        copying Tensile/Tests/common/sparse/gfx94x/spmm_i8_mi32_sb.yaml -> build/lib/Tensile/Tests/common/sparse/gfx94x
        copying Tensile/Tests/common/sparse/gfx94x/spmm_i8bs.yaml -> build/lib/Tensile/Tests/common/sparse/gfx94x
        copying Tensile/Tests/common/sparse/gfx94x/spmm_i8bs_sb.yaml -> build/lib/Tensile/Tests/common/sparse/gfx94x
        copying Tensile/Tests/common/sparse/gfx94x/spmm_i8hs.yaml -> build/lib/Tensile/Tests/common/sparse/gfx94x
        copying Tensile/Tests/common/sparse/gfx94x/spmm_i8hs_sb.yaml -> build/lib/Tensile/Tests/common/sparse/gfx94x
        copying Tensile/Tests/common/sparse/gfx94x/spmm_i8is.yaml -> build/lib/Tensile/Tests/common/sparse/gfx94x
        copying Tensile/Tests/common/sparse/gfx94x/spmm_i8is_sb.yaml -> build/lib/Tensile/Tests/common/sparse/gfx94x
        copying Tensile/Tests/common/sparse/gfx94x/spmm_vw_lg_one.yaml -> build/lib/Tensile/Tests/common/sparse/gfx94x
        copying Tensile/Tests/common/sparse/gfx94x/spmm_vw_lg_one_sb.yaml -> build/lib/Tensile/Tests/common/sparse/gfx94x
        copying Tensile/Tests/common/sparse/gfx94x/use_sgpr_for_gro.yaml -> build/lib/Tensile/Tests/common/sparse/gfx94x
        copying Tensile/Tests/common/sparse/gfx94x/use_sgpr_for_gro_sb.yaml -> build/lib/Tensile/Tests/common/sparse/gfx94x
        creating build/lib/Tensile/Tests/common/sparse/gfx950
        copying Tensile/Tests/common/sparse/gfx950/spmm_b8.yaml -> build/lib/Tensile/Tests/common/sparse/gfx950
        copying Tensile/Tests/common/sparse/gfx950/spmm_b8_sb.yaml -> build/lib/Tensile/Tests/common/sparse/gfx950
        copying Tensile/Tests/common/sparse/gfx950/spmm_bf16.yaml -> build/lib/Tensile/Tests/common/sparse/gfx950
        copying Tensile/Tests/common/sparse/gfx950/spmm_bf16_sb.yaml -> build/lib/Tensile/Tests/common/sparse/gfx950
        copying Tensile/Tests/common/sparse/gfx950/spmm_f16.yaml -> build/lib/Tensile/Tests/common/sparse/gfx950
        copying Tensile/Tests/common/sparse/gfx950/spmm_f16_sb.yaml -> build/lib/Tensile/Tests/common/sparse/gfx950
        copying Tensile/Tests/common/sparse/gfx950/spmm_f8.yaml -> build/lib/Tensile/Tests/common/sparse/gfx950
        copying Tensile/Tests/common/sparse/gfx950/spmm_f8_sb.yaml -> build/lib/Tensile/Tests/common/sparse/gfx950
        copying Tensile/Tests/common/sparse/gfx950/spmm_i8.yaml -> build/lib/Tensile/Tests/common/sparse/gfx950
        copying Tensile/Tests/common/sparse/gfx950/spmm_i8_sb.yaml -> build/lib/Tensile/Tests/common/sparse/gfx950
        copying Tensile/Tests/common/sparse/gfx950/spmm_i8bs.yaml -> build/lib/Tensile/Tests/common/sparse/gfx950
        copying Tensile/Tests/common/sparse/gfx950/spmm_i8hs.yaml -> build/lib/Tensile/Tests/common/sparse/gfx950
        copying Tensile/Tests/common/sparse/gfx950/spmm_vw_lg_one.yaml -> build/lib/Tensile/Tests/common/sparse/gfx950
        copying Tensile/Tests/common/sparse/gfx950/spmm_vw_lg_one_sb.yaml -> build/lib/Tensile/Tests/common/sparse/gfx950
        creating build/lib/Tensile/Tests/common/streamk
        copying Tensile/Tests/common/streamk/sk_I8gemm_quick.yaml -> build/lib/Tensile/Tests/common/streamk
        copying Tensile/Tests/common/streamk/sk_bgemm_quick.yaml -> build/lib/Tensile/Tests/common/streamk
        copying Tensile/Tests/common/streamk/sk_dgemm_quick.yaml -> build/lib/Tensile/Tests/common/streamk
        copying Tensile/Tests/common/streamk/sk_f8gemm_quick.yaml -> build/lib/Tensile/Tests/common/streamk
        copying Tensile/Tests/common/streamk/sk_f8ngemm_quick.yaml -> build/lib/Tensile/Tests/common/streamk
        copying Tensile/Tests/common/streamk/sk_hgemm_epilogues.yaml -> build/lib/Tensile/Tests/common/streamk
        copying Tensile/Tests/common/streamk/sk_hgemm_lsu.yaml -> build/lib/Tensile/Tests/common/streamk
        copying Tensile/Tests/common/streamk/sk_hgemm_quick.yaml -> build/lib/Tensile/Tests/common/streamk
        copying Tensile/Tests/common/streamk/sk_hgemm_race.yaml -> build/lib/Tensile/Tests/common/streamk
        copying Tensile/Tests/common/streamk/sk_sgemm_alpha0.yaml -> build/lib/Tensile/Tests/common/streamk
        copying Tensile/Tests/common/streamk/sk_sgemm_quick.yaml -> build/lib/Tensile/Tests/common/streamk
        creating build/lib/Tensile/Tests/unit
        copying Tensile/Tests/unit/test_MatrixInstructionConversion.py -> build/lib/Tensile/Tests/unit
        creating build/lib/Tensile/Tests/unit/Common
        copying Tensile/Tests/unit/Common/test_Architectures.py -> build/lib/Tensile/Tests/unit/Common
        copying Tensile/Tests/unit/Common/test_Utilities.py -> build/lib/Tensile/Tests/unit/Common
        creating build/lib/Tensile/Toolchain
        copying Tensile/Toolchain/Assembly.py -> build/lib/Tensile/Toolchain
        copying Tensile/Toolchain/Component.py -> build/lib/Tensile/Toolchain
        copying Tensile/Toolchain/Source.py -> build/lib/Tensile/Toolchain
        copying Tensile/Toolchain/Validators.py -> build/lib/Tensile/Toolchain
        copying Tensile/Toolchain/__init__.py -> build/lib/Tensile/Toolchain
        creating build/lib/Tensile/Utilities
        copying Tensile/Utilities/merge.py -> build/lib/Tensile/Utilities
        copying Tensile/Utilities/stats.py -> build/lib/Tensile/Utilities
        creating build/lib/Tensile/Utilities/Decorators
        copying Tensile/Utilities/Decorators/Profile.py -> build/lib/Tensile/Utilities/Decorators
        copying Tensile/Utilities/Decorators/Shared.py -> build/lib/Tensile/Utilities/Decorators
        copying Tensile/Utilities/Decorators/Timing.py -> build/lib/Tensile/Utilities/Decorators
        creating build/lib/Tensile/Utilities/archive
        copying Tensile/Utilities/archive/merge_rocblas_yaml_files.py -> build/lib/Tensile/Utilities/archive
        creating build/lib/Tensile/Utilities/origami
        copying Tensile/Utilities/origami/origami_grid_test.py -> build/lib/Tensile/Utilities/origami
        copying Tensile/Utilities/origami/origami_module.cpp -> build/lib/Tensile/Utilities/origami
        copying Tensile/Utilities/origami/origami_test.py -> build/lib/Tensile/Utilities/origami
        copying Tensile/Utilities/origami/setup.py -> build/lib/Tensile/Utilities/origami
        creating build/lib/Tensile/Utilities/tensile_generator
        copying Tensile/Utilities/tensile_generator/gridbase_config_template.yaml -> build/lib/Tensile/Utilities/tensile_generator
        copying Tensile/Utilities/tensile_generator/hipblaslt_gemm_log_example.txt -> build/lib/Tensile/Utilities/tensile_generator
        copying Tensile/Utilities/tensile_generator/tensile_config_generator.py -> build/lib/Tensile/Utilities/tensile_generator
        copying Tensile/Utilities/tensile_generator/tuning_template.yaml -> build/lib/Tensile/Utilities/tensile_generator
        creating build/lib/Tensile/bin
        copying Tensile/bin/Tensile -> build/lib/Tensile/bin
        copying Tensile/bin/TensileCreateLibrary -> build/lib/Tensile/bin
        creating build/lib/Tensile/cmake
        copying Tensile/cmake/TensileConfig.cmake -> build/lib/Tensile/cmake
        copying Tensile/cmake/TensileConfigVersion.cmake -> build/lib/Tensile/cmake
        copying rocisa/CMakeLists.txt -> build/lib/rocisa
        copying rocisa/tox-requirements.txt -> build/lib/rocisa
        copying rocisa/build/temp.linux-x86_64-3.10/CMakeCache.txt -> build/lib/rocisa/build/temp.linux-x86_64-3.10
        error: could not delete 'build/lib/rocisa/build/temp.linux-x86_64-3.10/CMakeCache.txt': Permission denied
        [end of output]
    
    note: This error originates from a subprocess, and is likely not a problem with pip.
    ERROR: Failed building wheel for Tensile

  error: failed-wheel-build-for-install

  

  × Failed to build installable wheels for some pyproject.toml based
  projects

  ╰─> Tensile

Call Stack (most recent call first):
  CMakeLists.txt:240 (virtualenv_install)


-- Configuring incomplete, errors occurred!
See also "/home/bpoursar/workspace/rocm-libraries/projects/hipblaslt/build/release/CMakeFiles/CMakeOutput.log".
See also "/home/bpoursar/workspace/rocm-libraries/projects/hipblaslt/build/release/CMakeFiles/CMakeError.log".
